customer_id,signup_date,gender,age,city,country,traffic_source,device_type,customer_segment,total_orders,lifetime_value,last_order_date
240891,2023-02-23,FEMALE,67,Istanbul,,Paid Search,mobile,VIP,5,6057.17,2024-05-10
696853,2021-08-22,Male,73,Madrid,,Direct,Tablet,Loyal,14,3656.39,2021-12-22
988598,2022-10-09,Prefer not to say,83,London,,Paid Search,Tablet,Returning,9,5676.82,2023-04-29
941235,2025-11-21,FEMALE,37,Berlin,,Referral,Desktop,Returning,5,815.29,2026-08-28
900875,2024-06-07,Female,63,Rome,,Direct,mobile,VIP,2,4295.02,2024-10-14
166172,2024-02-01,Prefer not to say,31,Berlin,,Organic Search,Desktop,Loyal,17,369.03,2024-07-30
367459,2021-04-06,Female,63,Rome,,Social Media,Tablet,VIP,20,1221.74,2022-04-12
223646,2023-02-08,Non-binary,44,London,,Direct,Tablet,At Risk,12,2458.53,2023-02-24
619501,2025-05-01,Female,55,London,,Organic Search,Desktop,Returning,11,5071.46,2025-05-26
897926,2022-06-30,Female,47,Istanbul,,Social Media, Desktop,At Risk,17,6010.67,2022-09-10
571325,2025-11-04,,73,Toronto,,Paid Search, Desktop,VIP,6,4342.35,2026-08-08
595185,2021-06-01,Female,47,Berlin,,Paid Search,Mobile,Returning,15,3641.56,2021-10-20
783244,2021-04-11,Non-binary,28,Paris,,Organic Search,mobile,Returning,19,3437.4,2022-05-17
498055,2024-03-23,,20,Paris,,Email, Desktop,New,1,8535.63,2025-03-11
927036,2023-10-21,Non-binary,35,Toronto,,Social Media,Tablet,At Risk,21,9968.11,2024-08-02
320153,2024-05-24,,29,Toronto,,Email,Mobile,VIP,2,9912.49,2024-11-02
198418,2024-08-15,Non-binary,20,Berlin,,Paid Search,Tablet,VIP,8,8696.35,2025-10-28
611554,2023-09-26,Male,55,Berlin,,Organic Search,Mobile,Loyal,13,9273.59,2024-04-25
129724,2022-03-22,Non-binary,81,Madrid,,Referral,Desktop,VIP,4,3530.13,2022-08-11
976363,2023-03-25,male,42,New York,,Paid Search,mobile,Returning,1,7309.69,2023-09-23
508744,2022-05-23,FEMALE,27,London,,Social Media,mobile,VIP,16,7955.05,2022-07-02
553789,2024-02-28,Prefer not to say,68,London,,Social Media, Desktop,Loyal,5,5941.96,2025-02-24
736944,2023-02-04,,65,Rome,,Paid Search, Desktop,VIP,2,4429.78,2023-03-02
899308,2025-11-21,Female,38,Berlin,,Organic Search,Tablet,At Risk,10,9699.17,2026-05-22
904423,2021-12-22,Prefer not to say,79,London,,Social Media,Mobile,Loyal,20,1651.94,2022-10-09
102208,2022-03-03,Prefer not to say,33,Rome,,Paid Search,Desktop,VIP,4,1821.18,2022-09-23
829633,2025-02-27,male,57,Paris,,Email,mobile,At Risk,17,3124.73,2026-01-09
567022,2023-12-01,male,57,Paris,,Referral,Desktop,New,10,1208.24,2024-10-11
379267,2023-02-18,FEMALE,83,Berlin,,Email, Desktop,Loyal,11,8356.33,2024-02-18
856589,2021-04-21,FEMALE,31,Istanbul,,Paid Search,mobile,Loyal,5,4760.82,2021-06-03
940775,2023-12-05,male,22,Paris,,Email,mobile,VIP,11,7763.21,2025-02-13
339874,2021-12-22,male,52,Berlin,,Social Media,Mobile,New,17,2313.51,2023-02-26
719869,2025-10-07,Prefer not to say,60,Istanbul,,Organic Search,mobile,VIP,13,4663.83,2026-03-19
207192,2023-11-06,Female,69,New York,,Social Media,Desktop,VIP,4,3512.49,2023-12-25
432849,2021-10-09,Female,46,Paris,,Referral,Desktop,New,22,1047.46,2022-08-17
132075,2021-04-18,Female,65,Rome,,Email,Mobile,Loyal,15,7173.05,2021-12-06
123406,2022-09-10,FEMALE,56,New York,,Direct,Desktop,New,15,1813.58,2023-09-24
126681,2021-11-11,Male,86,Istanbul,,Direct,mobile,At Risk,20,3423.51,2022-07-03
781098,2024-04-05,male,77,Rome,,Referral,mobile,At Risk,6,1677.51,2024-09-15
667712,2024-01-04,,49,London,,Social Media,Mobile,VIP,13,9427.5,2024-04-15
109652,2022-12-07,Non-binary,70,Paris,France,Paid Search,Tablet,Loyal,22,3858.09,2023-06-09
499721,2025-05-04,Male,67,Rome,Italy,Paid Search,Mobile,At Risk,10,3859.22,2025-08-01
819830,2024-12-26,Non-binary,30,New York,USA,Direct,Mobile,Loyal,4,1131.78,2026-03-17
327120,2025-06-08,,40,Rome,Italy,Email,mobile,VIP,17,8715.56,2026-06-18
542621,2024-12-06,Non-binary,44,Paris,France,Paid Search, Desktop,Returning,4,1215.97,2025-08-30
861111,2024-04-12,Female,73,Berlin,Germany,Social Media,Tablet,At Risk,4,226.89,2025-01-04
130451,2025-05-15,Female,48,Toronto,Canada,Organic Search,Mobile,Returning,17,4699.47,2025-08-12
653259,2021-10-20,Non-binary,35,Madrid,Spain,Organic Search,mobile,Loyal,0,5299.79,2022-02-04
332460,2022-02-08,Female,44,London,UK,Organic Search,Tablet,At Risk,6,737.33,2023-02-11
900798,2021-08-05,,32,New York,USA,Organic Search,mobile,At Risk,16,7105.77,2022-09-25
559158,2023-09-16,Non-binary,36,New York,USA,Referral,Tablet,Loyal,13,4373.26,2024-08-22
619896,2024-01-30,Female,43,Istanbul,Türkiye,Paid Search,Desktop,New,7,6701.23,2025-05-16
679715,2023-07-25,male,74,Istanbul,Türkiye,Paid Search, Desktop,New,1,4313.25,2024-08-29
344406,2025-05-29,Prefer not to say,34,Paris,France,Email,Tablet,At Risk,23,492.07,2025-10-18
462493,2023-07-20,FEMALE,84,Rome,Italy,Direct,Mobile,Returning,20,6402.6,2023-09-24
342081,2023-06-14,Female,20,Rome,Italy,Paid Search,Tablet,New,15,6386.04,2024-10-12
809727,2023-09-17,,73,Istanbul,Türkiye,Social Media, Desktop,At Risk,3,1304.55,2023-10-21
329408,2025-10-03,FEMALE,68,New York,USA,Social Media,mobile,Loyal,23,3185.92,2026-09-13
897911,2021-08-28,Female,65,Istanbul,Türkiye,Direct,Mobile,Returning,3,6902.68,2021-10-01
581929,2024-04-25,Male,83,New York,USA,Organic Search,Tablet,Loyal,19,637.03,2024-06-08
403858,2023-05-29,Non-binary,68,London,UK,Direct, Desktop,Loyal,14,2204.52,2024-03-10
122533,2025-11-16,,79,Toronto,Canada,Direct, Desktop,Returning,23,7067.34,2026-04-29
536396,2023-07-22,male,41,Rome,Italy,Referral,mobile,At Risk,19,3996.4,2023-12-20
978264,2025-03-21,Female,57,London,UK,Paid Search,mobile,New,11,2606.55,2026-02-06
683484,2025-09-14,,87,Madrid,Spain,Organic Search, Desktop,Returning,14,8512.09,2026-02-19
773494,2023-07-02,FEMALE,59,Rome,Italy,Referral,Mobile,At Risk,6,7700.87,2024-02-27
204857,2024-06-28,Male,77,Madrid,Spain,Referral,Tablet,At Risk,22,236.12,2025-08-16
294936,2023-04-03,Male,59,Toronto,Canada,Social Media,mobile,At Risk,10,5898.46,2023-05-30
759924,2024-10-23,Female,39,London,UK,Organic Search,Mobile,At Risk,16,3064.99,2024-11-14
858790,2025-05-26,Female,86,Berlin,Germany,Paid Search,Mobile,At Risk,11,8984.07,2025-09-05
410787,2025-09-18,Prefer not to say,52,Berlin,Germany,Social Media,Desktop,New,19,2663.23,2026-07-03
226762,2021-02-14,male,54,Toronto,Canada,Email,Mobile,Returning,6,7682.65,2021-09-23
879245,2021-03-11,FEMALE,72,New York,USA,Direct, Desktop,Returning,5,7896.08,2022-06-30
448856,2022-04-15,Male,64,Istanbul,Türkiye,Direct,Desktop,Returning,8,1566.8,2023-06-03
856531,2024-12-14,Prefer not to say,31,Toronto,Canada,Email,Tablet,VIP,24,7934.4,2025-09-06
845738,2022-08-20,Female,34,New York,USA,Email,mobile,At Risk,0,1335.16,2024-01-02
625126,2025-10-22,FEMALE,30,Madrid,Spain,Paid Search, Desktop,VIP,3,2503.37,2026-07-01
542611,2023-10-04,Male,40,Toronto,Canada,Referral, Desktop,At Risk,13,4015.29,2024-07-24
632380,2023-05-14,,21,New York,USA,Email,Desktop,New,9,3898.57,2024-07-15
970355,2023-05-31,Male,43,Madrid,Spain,Social Media,mobile,VIP,16,8302.29,2024-04-21
802866,2021-08-07,,37,Madrid,Spain,Social Media,Mobile,VIP,14,2663.88,2022-01-20
299071,2021-07-13,Female,28,New York,USA,Organic Search,mobile,At Risk,23,1316.86,2021-12-05
418104,2025-04-19,Prefer not to say,80,Paris,France,Email,Mobile,Loyal,19,858.74,2026-01-30
397962,2024-10-09,Prefer not to say,28,Madrid,Spain,Direct,Mobile,New,2,8281.16,2024-10-29
716122,2024-04-12,Non-binary,57,Istanbul,Türkiye,Social Media,Tablet,VIP,24,1727.89,2024-09-16
623619,2024-07-09,male,49,Rome,Italy,Paid Search,Desktop,VIP,9,8317.89,2025-01-06
987302,2022-10-24,Non-binary,18,Toronto,Canada,Referral,Desktop,Returning,7,8613.32,2023-10-24
629828,2021-06-23,Prefer not to say,43,Berlin,Germany,Social Media, Desktop,New,10,3873.02,2021-11-02
512461,2024-12-15,Female,22,Toronto,Canada,Email,Mobile,VIP,24,2213.77,2025-04-02
717613,2024-07-29,male,75,Rome,Italy,Organic Search,Mobile,Returning,3,5245.32,2024-12-24
994737,2025-01-03,male,76,London,UK,Email,mobile,At Risk,3,1938.25,2026-03-02
136202,2022-05-14,Female,84,Madrid,Spain,Direct,Tablet,VIP,9,494.3,2022-10-18
603554,2025-11-26,FEMALE,74,London,UK,Organic Search,Tablet,Loyal,21,3056.19,2025-12-01
354531,2022-05-21,,32,Paris,France,Paid Search,Desktop,At Risk,19,6866.7,2023-04-30
879858,2024-09-30,Male,74,London,UK,Email,Desktop,At Risk,0,2255.23,2026-02-10
936138,2021-05-09,,35,Rome,Italy,Social Media, Desktop,VIP,6,3995.97,2021-05-17
523926,2024-01-19,Non-binary,51,New York,USA,Social Media, Desktop,At Risk,14,2803.87,2024-06-10
534439,2022-01-04,Prefer not to say,68,Berlin,Germany,Social Media,Mobile,At Risk,1,8465.32,2023-01-27
797034,2021-10-24,Non-binary,68,London,UK,Referral, Desktop,Loyal,16,8793.15,2022-02-13
281411,2021-05-13,FEMALE,22,Berlin,Germany,Social Media,mobile,At Risk,8,5926.74,2022-06-25
484957,2022-03-22,Non-binary,66,Madrid,Spain,Social Media,Tablet,Returning,17,5218.3,2022-06-29
675457,2023-12-29,Female,47,Istanbul,Türkiye,Email,Desktop,New,21,8413.75,2025-03-27
837191,2022-08-03,Female,30,London,UK,Email,Desktop,Returning,18,4697.04,2022-08-10
913524,2024-09-14,Male,69,Paris,France,Paid Search,Tablet,At Risk,15,4946.48,2026-01-05
807249,2024-09-14,Prefer not to say,49,Toronto,Canada,Email,Tablet,Loyal,25,5671.91,2025-03-21
874075,2023-02-12,male,31,Berlin,Germany,Organic Search,Mobile,Loyal,18,4951.4,2024-05-18
492904,2025-04-11,Male,47,Toronto,Canada,Social Media,Mobile,VIP,21,390.01,2025-12-02
190667,2025-09-22,male,60,Berlin,Germany,Email,Tablet,Loyal,23,2448.41,2026-07-20
560284,2025-03-16,Male,82,Madrid,Spain,Direct,Tablet,New,18,862.92,2025-09-28
796000,2024-07-04,FEMALE,41,Paris,France,Referral,Mobile,Returning,14,3732.27,2025-03-24
633123,2024-07-28,,75,Toronto,Canada,Social Media,mobile,At Risk,2,9330.56,2025-09-17
213174,2021-03-11,Male,53,London,UK,Direct,Desktop,At Risk,15,6186.47,2021-04-10
916256,2024-10-27,Male,76,Rome,Italy,Paid Search,Tablet,New,0,4415.95,2025-04-17
271650,2022-02-10,Female,40,Paris,France,Email,Mobile,Returning,10,66.79,2022-08-30
646243,2024-01-08,male,85,Berlin,Germany,Email,Desktop,VIP,21,5200.87,2025-02-28
980753,2023-06-16,,23,New York,USA,Email, Desktop,Loyal,8,4437.89,2023-09-20
512357,2024-03-02,Male,28,Toronto,Canada,Paid Search,mobile,Returning,17,5098.01,2025-06-18
488521,2023-11-06,male,40,Madrid,Spain,Referral,mobile,VIP,11,9363.31,2024-11-13
613480,2023-07-25,Prefer not to say,88,New York,USA,Paid Search,Tablet,At Risk,17,8123.54,2024-10-12
868360,2025-01-07,male,46,Madrid,Spain,Referral,Mobile,VIP,22,8768.81,2026-01-02
131011,2021-11-25,,50,Toronto,Canada,Paid Search,mobile,New,7,1537.59,2022-04-09
592117,2023-02-27,Female,26,Istanbul,Türkiye,Social Media,mobile,New,1,2729.0,2023-03-28
145599,2023-12-20,FEMALE,44,Rome,Italy,Organic Search,Tablet,VIP,12,9364.82,2024-08-17
423516,2023-03-08,Male,47,Toronto,Canada,Email,mobile,Loyal,18,2680.02,2023-08-03
837549,2021-11-05,Male,60,Rome,Italy,Organic Search, Desktop,VIP,18,9028.93,2023-01-17
989508,2021-12-29,,32,Paris,France,Referral,Desktop,VIP,19,5283.62,2022-03-13
744675,2024-07-06,Female,44,Madrid,Spain,Referral,Desktop,Loyal,13,4901.8,2025-07-05
721998,2024-12-12,Male,86,Istanbul,Türkiye,Direct,Desktop,Returning,6,9098.47,2026-01-15
706261,2023-06-28,male,52,New York,USA,Email,Tablet,New,18,6116.75,2024-03-15
512719,2025-05-11,,78,Berlin,Germany,Organic Search,Mobile,New,5,2800.16,2025-07-21
778592,2025-01-15,Prefer not to say,87,Madrid,Spain,Social Media,mobile,New,22,3965.01,2025-09-07
278624,2022-05-10,FEMALE,58,Berlin,Germany,Referral,mobile,New,9,3463.14,2022-06-15
276783,2024-09-09,Male,74,Rome,Italy,Social Media,Tablet,Loyal,22,9448.96,2025-11-25
626635,2025-02-07,male,75,Istanbul,Türkiye,Email,Mobile,At Risk,0,134.84,2025-03-05
337961,2025-05-07,male,70,Rome,Italy,Email,Mobile,Returning,25,2869.5,2026-02-16
112899,2024-12-06,Prefer not to say,39,Toronto,Canada,Social Media, Desktop,VIP,23,6799.9,2025-10-15
907952,2025-05-15,Prefer not to say,87,New York,USA,Direct,Desktop,Loyal,12,5782.39,2026-08-09
309208,2024-02-14,FEMALE,34,Istanbul,Türkiye,Direct,mobile,Loyal,23,354.54,2025-05-19
665829,2024-07-06,Non-binary,38,Madrid,Spain,Direct,Mobile,VIP,0,9703.21,2025-07-19
674974,2025-09-04,,31,Toronto,Canada,Email,Desktop,Returning,1,2263.85,2026-08-13
343454,2021-08-10,Male,22,Istanbul,Türkiye,Direct,mobile,Returning,11,1158.16,2022-10-01
524101,2025-09-22,Prefer not to say,46,Berlin,Germany,Paid Search,Tablet,At Risk,12,8270.79,2026-11-04
638728,2025-06-09,male,39,Rome,Italy,Referral,Mobile,New,25,5763.35,2026-07-22
460527,2021-07-23,Male,18,London,UK,Social Media,Tablet,At Risk,19,9468.36,2022-03-10
988627,2025-05-26,Prefer not to say,67,Istanbul,Türkiye,Direct,Desktop,At Risk,16,8857.32,2025-10-03
705861,2021-02-19,,75,Istanbul,Türkiye,Referral,Desktop,VIP,3,3744.83,2021-08-25
470434,2025-04-05,Female,60,Berlin,Germany,Social Media,Mobile,Returning,22,8402.78,2026-05-30
581434,2023-01-05,Female,70,Rome,Italy,Social Media,mobile,New,8,549.11,2023-11-29
382359,2022-08-28,male,58,Paris,France,Paid Search,Desktop,Loyal,11,2579.11,2023-08-30
791236,2021-01-04,,82,Berlin,Germany,Email,Mobile,At Risk,25,8328.37,2021-09-12
674615,2021-07-24,Male,72,New York,USA,Organic Search,mobile,At Risk,21,9513.35,2021-11-13
738524,2022-03-20,Female,52,Rome,Italy,Direct,Tablet,At Risk,24,1510.35,2022-06-10
864831,2022-03-30,Prefer not to say,86,London,UK,Organic Search,Desktop,Returning,8,6434.68,2022-08-08
105986,2022-04-17,Prefer not to say,65,Rome,Italy,Organic Search,Mobile,Loyal,10,5740.27,2022-05-24
502327,2024-11-02,Prefer not to say,61,Madrid,Spain,Social Media,Tablet,VIP,19,768.87,2025-12-13
921722,2025-07-06,,73,Paris,France,Direct,Tablet,New,3,5955.25,2026-10-21
998576,2021-04-21,male,46,Toronto,Canada,Email,mobile,At Risk,0,698.83,2021-07-17
960341,2021-11-09,male,44,Toronto,Canada,Email,Mobile,Loyal,25,6471.73,2022-11-18
876474,2021-12-04,FEMALE,81,Paris,France,Social Media,Mobile,VIP,9,7883.9,2023-03-10
637395,2022-05-30,FEMALE,83,Madrid,Spain,Paid Search,mobile,VIP,16,3225.3,2023-07-25
948444,2022-07-24,Non-binary,82,Madrid,Spain,Direct,Tablet,Returning,9,2646.02,2022-08-13
235527,2022-11-16,Female,51,New York,USA,Referral,mobile,Returning,12,414.89,2024-03-28
643873,2024-04-08,Non-binary,24,Madrid,Spain,Email,Mobile,At Risk,20,7020.12,2024-07-22
915160,2021-09-22,Male,62,Paris,France,Social Media,mobile,Returning,16,855.04,2023-01-06
688626,2022-11-17,FEMALE,74,London,UK,Referral,Tablet,At Risk,6,8523.9,2022-11-26
315466,2023-05-29,FEMALE,39,London,UK,Email,mobile,At Risk,21,9075.84,2023-10-24
546788,2021-08-17,Non-binary,73,London,UK,Direct,mobile,At Risk,18,4879.51,2022-02-27
158849,2022-02-21,male,29,Rome,Italy,Referral,Desktop,Returning,16,9477.86,2022-12-14
604471,2023-09-21,Male,71,New York,USA,Direct,Mobile,VIP,1,2615.5,2024-12-07
482453,2021-06-24,male,50,Toronto,Canada,Direct,Mobile,VIP,25,558.12,2021-09-24
697687,2021-12-26,Non-binary,88,Paris,France,Organic Search,mobile,At Risk,0,5680.33,2023-02-17
681331,2022-09-01,FEMALE,66,Rome,Italy,Direct,Desktop,At Risk,22,2015.2,2022-09-02
309546,2021-12-25,FEMALE,66,London,UK,Email,Mobile,New,16,4168.65,2023-01-28
629237,2024-06-17,,40,London,UK,Referral,mobile,Returning,5,2236.35,2025-07-30
533481,2024-06-06,male,87,Rome,Italy,Paid Search, Desktop,At Risk,8,8211.45,2025-01-23
608480,2022-05-22,Non-binary,50,Berlin,Germany,Direct, Desktop,VIP,16,6416.22,2023-04-30
952860,2025-05-02,Female,86,London,UK,Paid Search,Tablet,Returning,23,3234.25,2026-07-16
474121,2021-11-30,FEMALE,22,Paris,France,Direct,Tablet,Returning,20,2627.89,2022-10-30
534555,2021-03-27,Male,37,Toronto,Canada,Direct,Tablet,Loyal,24,8582.05,2022-04-24
462889,2024-06-18,Non-binary,53,Madrid,Spain,Social Media,Desktop,At Risk,11,1432.15,2024-09-27
101661,2021-05-06,Non-binary,27,Toronto,Canada,Email,Tablet,New,8,3384.27,2021-06-11
664635,2021-01-09,FEMALE,81,New York,USA,Email,Tablet,At Risk,23,4869.82,2022-03-09
666345,2022-02-01,Prefer not to say,68,Madrid,Spain,Organic Search,Desktop,VIP,11,5692.98,2023-02-15
753776,2024-12-15,Male,66,London,UK,Social Media,Desktop,New,7,8593.09,2025-06-28
924646,2023-09-06,Female,35,Paris,France,Referral,Tablet,VIP,16,4405.85,2024-03-20
742202,2025-04-26,Female,66,Toronto,Canada,Organic Search, Desktop,Returning,21,2514.81,2026-07-13
447222,2021-09-26,Non-binary,19,London,UK,Direct,Desktop,New,9,6572.14,2021-11-26
580401,2021-10-31,Male,38,New York,USA,Paid Search,Mobile,Returning,24,1623.44,2022-01-04
728993,2023-05-04,,68,Toronto,Canada,Social Media,Mobile,Loyal,7,2055.03,2023-08-22
129333,2024-10-29,Female,42,Berlin,Germany,Organic Search, Desktop,VIP,2,3567.61,2025-01-14
943652,2022-07-25,FEMALE,78,New York,USA,Paid Search, Desktop,At Risk,3,7954.88,2022-10-24
340758,2023-06-11,Prefer not to say,65,Paris,France,Referral, Desktop,Loyal,10,6703.16,2024-06-24
766234,2022-01-11,,24,Rome,Italy,Paid Search,mobile,At Risk,11,3533.65,2022-02-06
285819,2023-07-26,male,79,Madrid,Spain,Paid Search, Desktop,Returning,9,1076.0,2023-11-05
677509,2024-09-23,FEMALE,47,New York,USA,Referral,Tablet,Loyal,22,635.57,2024-11-07
712851,2022-02-22,FEMALE,24,Madrid,Spain,Social Media,Desktop,Loyal,0,9991.27,2023-01-13
289565,2023-07-25,Prefer not to say,49,Istanbul,Türkiye,Social Media,Mobile,Loyal,5,9327.78,2024-01-07
196051,2021-02-05,Prefer not to say,80,Rome,Italy,Organic Search, Desktop,Loyal,12,9628.31,2021-10-26
937223,2023-11-27,male,23,Paris,France,Organic Search,Desktop,Loyal,22,1801.21,2023-12-01
677795,2021-10-27,Non-binary,82,New York,USA,Social Media,Mobile,New,22,9471.95,2022-01-08
935817,2025-09-14,Non-binary,44,London,UK,Paid Search,mobile,Returning,5,2382.45,2026-05-19
992625,2023-12-22,FEMALE,61,Madrid,Spain,Social Media, Desktop,At Risk,7,7597.92,2025-05-05
956096,2022-03-13,Male,19,London,UK,Organic Search, Desktop,Returning,14,5416.7,2022-08-04
367695,2023-04-20,Female,87,London,UK,Direct,Tablet,Loyal,23,1921.2,2024-04-23
134035,2023-03-31,,28,New York,USA,Organic Search,Tablet,Returning,18,3573.44,2023-11-23
982633,2025-09-05,FEMALE,18,Istanbul,Türkiye,Email,Tablet,Returning,9,7353.95,2027-01-09
805810,2024-08-27,FEMALE,60,Rome,Italy,Organic Search,Mobile,New,22,1835.87,2024-12-17
173875,2023-08-06,FEMALE,22,Madrid,Spain,Organic Search,Desktop,New,4,9879.69,2024-01-19
187277,2023-04-27,Non-binary,81,London,UK,Organic Search,Tablet,Loyal,24,2497.0,2023-10-21
117501,2023-11-27,Prefer not to say,51,London,UK,Paid Search,mobile,Returning,11,794.21,2024-09-20
575003,2024-05-09,,49,Berlin,Germany,Email,Desktop,At Risk,22,7324.52,2025-08-27
115267,2022-11-08,Female,35,Istanbul,Türkiye,Organic Search, Desktop,VIP,8,3537.42,2023-02-15
890778,2021-10-25,,19,Istanbul,Türkiye,Referral,mobile,Loyal,9,6852.46,2022-10-18
892290,2023-03-14,,64,Toronto,Canada,Direct,mobile,Returning,8,99.63,2023-10-18
394856,2022-04-16,,24,Toronto,Canada,Organic Search,Mobile,At Risk,14,45.04,2023-04-06
361681,2025-05-30,Female,34,New York,USA,Paid Search, Desktop,At Risk,8,1849.67,2026-04-21
381691,2022-03-23,Male,60,Rome,Italy,Organic Search, Desktop,Returning,6,3299.01,2022-06-13
214807,2024-02-22,Prefer not to say,28,New York,USA,Paid Search,Desktop,At Risk,3,3555.58,2024-11-22
936016,2022-01-14,,81,Istanbul,Türkiye,Email,Desktop,New,2,6666.28,2022-12-31
755152,2022-05-31,Prefer not to say,65,Rome,Italy,Social Media, Desktop,At Risk,20,725.56,2022-11-15
293577,2023-04-24,male,81,Rome,Italy,Email,Tablet,New,7,9533.77,2023-10-18
461153,2023-04-22,FEMALE,35,Paris,France,Referral, Desktop,At Risk,1,1639.82,2024-03-29
404385,2024-04-02,Male,32,Madrid,Spain,Paid Search, Desktop,Loyal,18,9085.27,2024-09-07
172892,2023-08-18,Male,36,Toronto,Canada,Social Media,Tablet,Loyal,2,5667.97,2024-03-25
275605,2021-09-23,FEMALE,83,Paris,France,Email,Mobile,At Risk,23,9008.36,2022-09-08
267379,2023-01-11,male,41,London,UK,Paid Search,Mobile,VIP,7,2403.51,2023-10-10
367613,2023-12-16,FEMALE,70,New York,USA,Paid Search,Mobile,Returning,16,5336.29,2024-09-10
652998,2021-04-27,Female,88,Istanbul,Türkiye,Paid Search, Desktop,VIP,7,3620.61,2022-03-28
276312,2025-02-06,Male,50,New York,USA,Social Media,Mobile,At Risk,1,8542.29,2025-04-17
788554,2023-07-28,FEMALE,58,Madrid,Spain,Referral,mobile,VIP,25,3861.76,2023-08-16
386171,2022-08-27,Male,19,Istanbul,Türkiye,Organic Search,Desktop,New,20,114.02,2023-08-06
779689,2023-08-19,Male,45,Rome,Italy,Direct,Tablet,Loyal,14,6970.13,2024-11-28
846156,2024-03-19,male,44,Toronto,Canada,Organic Search,Mobile,New,9,7226.3,2025-03-19
408798,2024-06-27,Female,55,New York,USA,Referral, Desktop,Loyal,12,8440.98,2025-02-12
576789,2025-01-30,Female,49,Toronto,Canada,Direct,Tablet,Loyal,15,8953.55,2025-09-24
836756,2025-10-18,,32,Istanbul,Türkiye,Referral,mobile,Loyal,6,4222.57,2026-04-16
437643,2025-02-01,Female,67,New York,USA,Social Media,Desktop,New,16,7125.83,2026-04-03
620611,2021-04-03,,45,Toronto,Canada,Direct,mobile,Returning,0,7079.01,2022-01-26
596784,2023-06-08,FEMALE,62,New York,USA,Paid Search,Tablet,Returning,21,4622.1,2024-05-15
219737,2023-08-29,Non-binary,71,Madrid,Spain,Email,Mobile,New,10,4488.31,2024-10-19
124782,2024-10-28,Non-binary,84,Paris,France,Paid Search,Desktop,Returning,8,7086.77,2025-10-09
427160,2025-08-15,Prefer not to say,21,New York,USA,Paid Search,Desktop,New,2,1669.09,2025-12-20
505334,2024-05-18,Prefer not to say,46,Madrid,Spain,Direct,Mobile,VIP,4,1219.25,2025-05-25
460020,2023-06-02,FEMALE,56,New York,USA,Referral,Desktop,New,24,1672.2,2023-10-24
541365,2023-09-26,Prefer not to say,32,London,UK,Referral,Tablet,VIP,1,9850.07,2024-11-16
934879,2022-09-20,Prefer not to say,22,Rome,Italy,Social Media,Desktop,VIP,23,2752.95,2023-11-04
297173,2022-08-11,Non-binary,29,London,UK,Paid Search,mobile,VIP,10,8329.22,2023-04-29
370973,2023-08-23,Non-binary,21,Madrid,Spain,Social Media, Desktop,At Risk,0,4215.13,2023-11-16
214044,2025-08-20,,21,New York,USA,Organic Search, Desktop,At Risk,0,7921.49,2026-04-14
365770,2021-07-03,,45,Rome,Italy,Email,mobile,At Risk,10,1909.21,2022-03-15
865620,2021-01-18,Prefer not to say,78,Madrid,Spain,Referral, Desktop,New,13,4536.23,2021-03-24
634895,2023-11-24,,29,London,UK,Paid Search,Tablet,Returning,2,4574.89,2024-04-23
319247,2021-08-15,male,60,Istanbul,Türkiye,Social Media,Tablet,Returning,5,3317.38,2022-06-14
735068,2021-06-17,FEMALE,55,Istanbul,Türkiye,Social Media,mobile,At Risk,14,3873.62,2021-10-01
552623,2023-12-08,FEMALE,85,Toronto,Canada,Referral,Desktop,New,5,3098.64,2025-01-05
956728,2024-08-27,Female,44,Berlin,Germany,Email,Desktop,New,15,5074.36,2025-07-20
121829,2023-03-09,male,72,New York,USA,Direct,mobile,Returning,21,6633.89,2023-09-26
336321,2023-02-14,Non-binary,35,Toronto,Canada,Paid Search,mobile,Loyal,20,9991.39,2023-03-04
118732,2021-05-07,FEMALE,46,Berlin,Germany,Social Media, Desktop,Loyal,10,1547.75,2021-10-31
516615,2024-05-16,FEMALE,26,New York,USA,Organic Search,Mobile,New,21,768.95,2025-04-06
253576,2021-06-28,,34,Madrid,Spain,Paid Search,mobile,VIP,21,2799.82,2022-09-20
137042,2022-12-29,,38,New York,USA,Direct,Mobile,Loyal,14,8320.49,2023-04-10
853753,2023-10-26,Male,19,London,UK,Email, Desktop,Returning,6,700.35,2025-02-09
268010,2024-10-03,Female,76,London,UK,Referral, Desktop,VIP,21,3117.33,2026-01-08
567317,2021-11-11,Male,23,Madrid,Spain,Organic Search, Desktop,VIP,0,8449.16,2022-06-30
838832,2022-06-01,Female,50,Toronto,Canada,Paid Search,Mobile,Returning,9,8989.1,2022-07-25
630903,2024-08-09,Female,38,Berlin,Germany,Social Media, Desktop,Loyal,3,54.23,2025-10-14
811118,2025-07-29,male,64,Berlin,Germany,Organic Search,Mobile,VIP,7,3780.27,2025-11-06
547390,2025-07-11,male,35,Madrid,Spain,Direct, Desktop,New,9,5241.46,2025-12-10
671161,2025-04-30,Female,74,New York,USA,Organic Search,mobile,Loyal,20,96.76,2026-05-26
972672,2022-08-25,Prefer not to say,78,Rome,Italy,Paid Search,mobile,At Risk,6,5199.4,2023-08-15
331315,2025-05-30,FEMALE,46,Berlin,Germany,Referral,Desktop,VIP,15,2294.06,2026-02-27
761412,2022-05-19,Male,64,Istanbul,Türkiye,Paid Search,mobile,VIP,23,4082.0,2023-07-18
936565,2023-06-24,Prefer not to say,75,Rome,Italy,Paid Search,Tablet,Returning,16,7585.63,2024-08-15
828813,2021-08-10,,71,Paris,France,Organic Search,Mobile,Returning,6,9411.14,2022-09-17
641693,2025-01-11,,67,Paris,France,Direct,Tablet,Returning,0,6791.92,2026-02-24
572745,2025-08-30,male,53,Madrid,Spain,Referral,Mobile,New,11,7292.06,2026-01-04
334037,2021-11-13,male,67,Toronto,Canada,Referral,Mobile,Returning,19,3525.06,2022-11-03
649344,2021-06-18,Female,43,New York,USA,Referral,mobile,Loyal,18,3534.45,2021-10-19
780008,2021-06-18,,88,Toronto,Canada,Direct,Tablet,VIP,11,8821.81,2021-07-07
132191,2021-01-23,,32,New York,USA,Direct,Mobile,At Risk,15,2779.04,2022-05-15
514080,2023-10-04,,72,Toronto,Canada,Paid Search, Desktop,New,12,2579.96,2024-03-14
807686,2022-10-07,FEMALE,32,Berlin,Germany,Email, Desktop,VIP,19,7257.58,2023-01-18
703818,2021-07-10,Female,53,Berlin,Germany,Email,Mobile,Returning,9,5112.35,2021-11-19
942410,2021-10-18,Male,77,Toronto,Canada,Email,Mobile,VIP,13,4644.37,2022-05-16
436850,2024-09-03,Prefer not to say,70,London,UK,Social Media,Mobile,VIP,8,3266.58,2025-06-02
791875,2023-11-03,Female,87,London,UK,Direct,Mobile,Returning,9,7443.05,2023-11-17
761596,2023-12-01,Female,28,Toronto,Canada,Email,Tablet,Returning,25,4616.08,2025-01-03
547007,2024-06-06,FEMALE,54,Toronto,Canada,Social Media,Desktop,New,20,897.72,2024-11-20
161640,2022-02-25,male,64,Toronto,Canada,Paid Search,Desktop,Loyal,24,473.8,2023-01-02
873273,2022-12-31,FEMALE,57,Madrid,Spain,Direct,Tablet,Loyal,12,4769.5,2023-11-22
413111,2023-01-25,male,70,Berlin,Germany,Referral,mobile,VIP,20,8987.22,2023-07-10
231788,2022-06-02,male,78,London,UK,Social Media,mobile,VIP,15,1331.34,2023-01-06
322436,2021-10-24,FEMALE,78,Berlin,Germany,Direct,Mobile,At Risk,18,5886.48,2023-01-21
149744,2023-01-18,,71,New York,USA,Direct,Desktop,At Risk,0,8559.29,2023-04-15
421269,2023-09-10,Male,51,Toronto,Canada,Email,Mobile,Loyal,8,4883.59,2024-03-11
174162,2021-11-03,Female,44,New York,USA,Organic Search,Tablet,Returning,15,6290.14,2022-04-16
180159,2025-06-26,,85,Berlin,Germany,Paid Search,Mobile,Returning,22,3997.89,2026-02-10
425439,2024-08-11,Non-binary,80,Madrid,Spain,Email,Mobile,Returning,0,9491.08,2025-08-25
412349,2022-10-18,,55,Paris,France,Email,Tablet,Loyal,10,8242.84,2023-05-13
879974,2025-03-08,Male,65,London,UK,Paid Search, Desktop,New,19,8152.69,2025-07-28
265892,2022-06-14,Non-binary,60,Istanbul,Türkiye,Email,Tablet,At Risk,8,3739.94,2022-06-22
536388,2023-10-06,Male,66,Toronto,Canada,Organic Search,mobile,Returning,4,3149.59,2023-11-04
692383,2022-02-22,,39,Madrid,Spain,Paid Search,Desktop,At Risk,1,6046.55,2022-10-28
364616,2025-06-13,FEMALE,77,Toronto,Canada,Direct,mobile,Loyal,2,9729.61,2025-11-01
236725,2022-04-06,Male,59,Istanbul,Türkiye,Social Media,mobile,VIP,4,9062.55,2022-09-29
108892,2021-05-21,Non-binary,81,Toronto,Canada,Direct,mobile,At Risk,2,4934.53,2022-07-04
687954,2022-07-28,male,32,Berlin,Germany,Organic Search,Desktop,Loyal,3,4248.73,2023-08-04
991841,2025-02-10,Female,36,London,UK,Organic Search,Mobile,VIP,3,6776.39,2025-11-22
139758,2024-02-20,Non-binary,71,New York,USA,Email,mobile,VIP,23,7789.22,2025-01-14
719272,2023-06-22,male,87,Berlin,Germany,Social Media,mobile,Loyal,3,3333.8,2024-01-11
959217,2024-07-07,Female,51,London,UK,Paid Search,Mobile,New,10,3392.67,2025-09-05
328160,2021-11-28,Prefer not to say,20,New York,USA,Organic Search,mobile,New,0,1381.18,2022-07-01
697982,2025-11-27,Prefer not to say,67,Rome,Italy,Direct, Desktop,Returning,18,5669.7,2026-08-12
583238,2021-10-14,Female,36,Paris,France,Organic Search,Desktop,Loyal,17,9700.44,2022-07-24
279848,2025-06-02,Prefer not to say,72,London,UK,Paid Search,mobile,VIP,19,9363.17,2025-12-05
968129,2021-02-24,male,59,Istanbul,Türkiye,Email,Tablet,Returning,16,4688.52,2022-03-24
917907,2025-11-10,male,65,Madrid,Spain,Referral,Mobile,VIP,12,4430.15,2026-12-05
838221,2023-05-14,FEMALE,82,Toronto,Canada,Email, Desktop,New,1,8282.25,2024-08-25
753223,2025-10-06,,47,Istanbul,Türkiye,Direct,Mobile,Returning,22,4761.84,2026-03-20
633592,2022-04-19,Prefer not to say,27,Berlin,Germany,Email,Tablet,Returning,7,454.25,2022-07-02
139241,2024-08-21,male,88,Toronto,Canada,Paid Search,Mobile,VIP,15,1504.9,2025-04-05
496329,2022-02-08,Non-binary,27,Madrid,Spain,Email, Desktop,VIP,23,7682.7,2022-05-11
310142,2023-07-20,Prefer not to say,29,Rome,Italy,Paid Search,Mobile,At Risk,19,9843.49,2024-10-17
463783,2023-07-21,Female,54,New York,USA,Direct,Tablet,VIP,0,8754.32,2024-06-03
203835,2022-01-21,Female,18,London,UK,Email,Tablet,Returning,16,7537.51,2022-06-01
315756,2024-08-08,FEMALE,27,Berlin,Germany,Paid Search,Mobile,Loyal,5,1733.77,2024-10-03
701235,2022-10-19,Prefer not to say,82,Rome,Italy,Social Media,Desktop,At Risk,19,5228.58,2022-11-14
806900,2022-05-14,Prefer not to say,80,Paris,France,Organic Search,Tablet,Returning,8,6406.5,2022-07-11
553981,2022-06-27,Male,18,Rome,Italy,Organic Search,Tablet,Returning,1,365.17,2022-08-24
720137,2022-06-20,Male,55,Toronto,Canada,Direct, Desktop,New,6,1768.01,2022-10-24
303548,2025-01-11,Male,65,Berlin,Germany,Paid Search,mobile,Loyal,14,3480.25,2026-01-29
616267,2024-04-17,Male,49,Paris,France,Paid Search,Mobile,VIP,16,3710.44,2025-07-04
209496,2021-09-07,,64,Paris,France,Referral,Tablet,New,5,7160.78,2022-07-04
798307,2022-03-10,Female,43,Istanbul,Türkiye,Organic Search,mobile,Returning,18,2454.14,2022-11-02
509008,2022-09-10,male,83,Toronto,Canada,Organic Search,Mobile,VIP,14,4830.6,2023-01-19
410454,2023-03-20,Female,60,Berlin,Germany,Direct,Desktop,At Risk,1,9259.85,2024-06-16
628594,2023-04-05,Non-binary,31,Berlin,Germany,Direct,mobile,VIP,18,450.68,2023-08-19
624078,2024-12-23,Female,76,Toronto,Canada,Direct,Tablet,At Risk,4,2855.06,2025-08-14
118035,2022-10-13,Non-binary,58,Paris,France,Email,Desktop,Loyal,24,1347.72,2023-02-04
441149,2025-08-07,Male,67,London,UK,Paid Search,mobile,VIP,19,7614.13,2026-05-06
741863,2023-03-24,Female,29,Paris,France,Email,mobile,Loyal,24,7150.33,2024-01-26
521868,2022-06-02,,19,Madrid,Spain,Email, Desktop,Loyal,4,1721.62,2023-03-14
395018,2022-06-16,Prefer not to say,32,Toronto,Canada,Organic Search,mobile,New,18,813.57,2022-08-05
118971,2022-11-22,Prefer not to say,61,Rome,Italy,Paid Search,mobile,Returning,24,2229.24,2024-03-03
264590,2023-04-02,FEMALE,23,Paris,France,Social Media,Desktop,At Risk,10,1890.06,2024-02-15
310609,2021-08-11,,44,New York,USA,Social Media,Tablet,At Risk,24,7178.58,2022-11-16
999192,2022-12-17,FEMALE,73,Paris,France,Email,Mobile,Returning,14,1300.5,2023-11-19
443661,2024-07-06,Non-binary,29,Toronto,Canada,Email,Tablet,New,14,4679.65,2025-11-08
950540,2021-11-02,FEMALE,19,Rome,Italy,Paid Search,Tablet,Loyal,25,3327.42,2022-03-16
690705,2023-12-01,Male,36,Paris,France,Paid Search,Tablet,VIP,7,8456.26,2024-12-20
920720,2022-01-13,Prefer not to say,63,Rome,Italy,Referral,Desktop,Loyal,17,3546.21,2023-05-20
241707,2024-09-17,,88,New York,USA,Social Media,Tablet,Loyal,2,551.65,2025-11-08
455567,2024-02-15,FEMALE,57,Paris,France,Social Media, Desktop,Returning,7,2803.77,2024-07-01
550091,2023-05-05,FEMALE,82,Madrid,Spain,Social Media,mobile,New,13,2260.23,2023-11-21
323377,2022-02-14,Male,83,Rome,Italy,Organic Search,Mobile,VIP,7,8604.64,2022-10-18
379482,2021-07-05,Male,74,Berlin,Germany,Referral,mobile,New,25,8832.67,2021-10-11
807217,2021-10-23,Female,81,New York,USA,Direct,Mobile,At Risk,8,5451.16,2022-07-03
201088,2021-09-01,Male,86,Rome,Italy,Paid Search, Desktop,At Risk,4,8559.44,2022-07-03
978393,2025-03-20,Prefer not to say,23,Berlin,Germany,Referral,mobile,At Risk,25,8259.12,2026-07-07
497655,2024-05-18,Prefer not to say,57,Rome,Italy,Email,mobile,New,12,9914.53,2025-06-20
674228,2025-04-07,Non-binary,18,Istanbul,Türkiye,Referral,Desktop,At Risk,18,3792.08,2026-07-09
460552,2023-03-13,FEMALE,29,Paris,France,Email, Desktop,Loyal,17,8518.73,2023-04-20
978384,2023-10-31,Male,36,Toronto,Canada,Social Media,Tablet,Returning,17,1182.68,2024-11-27
820487,2022-07-03,,19,Toronto,Canada,Paid Search,Desktop,VIP,12,4426.2,2023-04-06
660285,2025-09-06,Prefer not to say,65,New York,USA,Organic Search,Desktop,At Risk,7,2480.44,2026-07-13
608033,2024-10-08,Prefer not to say,30,Istanbul,Türkiye,Paid Search,Tablet,Returning,23,9281.89,2025-04-03
905255,2023-12-20,male,28,Berlin,Germany,Direct,Tablet,At Risk,22,6836.12,2024-03-12
658388,2025-11-10,Non-binary,72,Rome,Italy,Organic Search, Desktop,At Risk,15,9299.64,2027-02-07
346038,2022-01-01,Male,41,London,UK,Direct,Desktop,Loyal,21,1908.4,2022-07-15
168495,2022-05-14,FEMALE,43,New York,USA,Organic Search,Desktop,At Risk,0,8176.15,2022-12-14
860705,2022-03-02,Male,55,Berlin,Germany,Social Media,Tablet,Returning,18,7645.25,2022-04-22
142362,2021-12-12,male,36,Toronto,Canada,Email,Desktop,VIP,8,3510.53,2022-03-05
188793,2022-05-12,FEMALE,23,Paris,France,Direct,Desktop,Loyal,23,7137.39,2023-03-01
239478,2025-01-06,Female,64,Toronto,Canada,Paid Search,mobile,At Risk,21,5305.98,2026-04-17
277937,2022-10-09,Female,46,Berlin,Germany,Organic Search, Desktop,New,24,4178.5,2022-11-01
274643,2023-05-23,Prefer not to say,76,Istanbul,Türkiye,Organic Search,mobile,Returning,17,7015.09,2024-02-09
664352,2023-06-05,,83,Toronto,Canada,Referral,Mobile,Loyal,20,9383.76,2024-02-29
323313,2025-04-10,male,65,Rome,Italy,Email, Desktop,Returning,6,769.55,2025-09-07
381028,2022-04-10,Non-binary,71,Paris,France,Referral,Tablet,New,12,3460.34,2022-05-23
895991,2023-08-09,Female,24,Madrid,Spain,Paid Search,Desktop,VIP,21,8743.92,2024-03-09
448372,2025-11-23,male,55,Toronto,Canada,Referral,Tablet,VIP,23,3145.89,2026-12-09
729364,2022-04-11,Prefer not to say,60,London,UK,Referral,Mobile,Returning,7,3528.86,2022-11-29
630462,2021-10-22,male,75,New York,USA,Organic Search,mobile,VIP,4,3198.48,2022-10-23
981991,2022-02-28,Prefer not to say,44,New York,USA,Referral,mobile,Returning,3,1403.79,2023-06-25
367692,2023-02-18,Male,67,Paris,France,Email, Desktop,New,5,7546.32,2024-06-01
485989,2022-12-24,Male,76,Berlin,Germany,Email,Desktop,Returning,19,632.09,2024-04-25
455311,2022-02-07,Non-binary,40,Toronto,Canada,Organic Search,Desktop,Returning,0,8384.75,2022-10-10
456814,2023-05-08,Male,41,London,UK,Direct, Desktop,Returning,9,1395.1,2024-04-27
219446,2022-09-04,male,47,Madrid,Spain,Social Media,Desktop,At Risk,6,7023.51,2023-12-25
405361,2022-02-26,Prefer not to say,59,Rome,Italy,Organic Search,mobile,New,5,4944.63,2023-01-02
346614,2022-12-23,Non-binary,41,London,UK,Email,Tablet,VIP,11,9706.94,2024-03-25
733321,2023-11-22,male,45,Berlin,Germany,Email,Mobile,Returning,8,9463.88,2024-12-07
917406,2024-01-01,Prefer not to say,60,Toronto,Canada,Email,mobile,Returning,0,4262.21,2025-04-06
849845,2022-01-19,male,66,Paris,France,Referral,Mobile,Returning,20,4851.76,2022-06-14
612536,2022-11-28,Prefer not to say,57,Istanbul,Türkiye,Social Media,Tablet,Returning,4,548.35,2023-06-01
241920,2023-08-26,,23,London,UK,Email,mobile,Loyal,24,4304.6,2023-12-27
708129,2023-04-12,Male,49,Madrid,Spain,Paid Search,Mobile,New,6,4306.45,2023-07-11
677944,2024-09-22,Prefer not to say,53,Madrid,Spain,Referral,mobile,Returning,8,3143.22,2025-02-15
907668,2022-09-30,male,87,Rome,Italy,Direct,Desktop,VIP,14,5036.96,2023-11-29
209340,2025-09-18,Female,18,Rome,Italy,Organic Search,Mobile,Loyal,11,2538.16,2026-06-16
436305,2021-10-14,FEMALE,82,Madrid,Spain,Direct,mobile,Returning,24,543.32,2022-10-03
141038,2025-09-18,Female,47,Toronto,Canada,Social Media,mobile,At Risk,12,1112.59,2026-03-04
526349,2025-04-08,male,76,Berlin,Germany,Email,Desktop,New,0,5590.58,2025-05-24
176748,2023-12-30,male,86,Berlin,Germany,Organic Search, Desktop,VIP,13,8074.92,2024-08-31
498700,2024-03-17,Prefer not to say,50,Rome,Italy,Social Media,Tablet,At Risk,1,1817.44,2025-06-09
926399,2022-04-01,,65,Madrid,Spain,Organic Search, Desktop,VIP,9,5146.39,2022-12-11
254485,2021-03-11,Prefer not to say,79,Berlin,Germany,Referral, Desktop,At Risk,17,2007.04,2021-08-08
968751,2024-03-16,male,61,Madrid,Spain,Social Media, Desktop,Returning,18,6565.93,2025-01-07
231090,2021-10-25,FEMALE,73,Rome,Italy,Social Media,mobile,Returning,0,7649.03,2022-10-08
457456,2021-04-14,Male,67,Rome,Italy,Paid Search,Desktop,New,13,335.76,2021-04-22
220260,2021-05-08,Prefer not to say,32,Rome,Italy,Social Media, Desktop,Returning,12,5243.11,2022-08-14
745069,2021-07-12,Non-binary,80,London,UK,Paid Search,mobile,At Risk,2,4341.52,2022-07-28
715941,2024-05-16,Prefer not to say,20,Rome,Italy,Paid Search,mobile,Loyal,12,3704.83,2025-03-13
919885,2025-09-21,Prefer not to say,72,Berlin,Germany,Direct,Desktop,Returning,15,9138.61,2025-10-22
496403,2022-10-05,,18,Rome,Italy,Direct,Mobile,Loyal,4,7156.54,2023-10-26
180375,2021-03-16,Female,24,Madrid,Spain,Direct,Mobile,New,4,1390.23,2022-06-06
698507,2022-10-13,Female,38,Toronto,Canada,Email,Tablet,Returning,9,7847.51,2024-02-18
677004,2022-01-11,Male,40,Istanbul,Türkiye,Referral,Desktop,Loyal,21,2932.87,2022-09-03
334581,2025-03-26,Male,27,New York,USA,Referral,mobile,At Risk,14,4666.37,2025-07-12
693458,2024-04-02,Male,61,Istanbul,Türkiye,Paid Search,Mobile,Returning,3,2071.73,2025-02-13
185714,2022-01-02,,68,New York,USA,Social Media,Desktop,At Risk,20,2082.45,2022-12-03
379680,2025-11-27,male,37,Istanbul,Türkiye,Email,Tablet,New,19,8059.16,2026-11-15
482616,2024-07-29,,25,Paris,France,Paid Search, Desktop,At Risk,15,700.82,2025-04-04
409909,2025-10-25,Male,51,Madrid,Spain,Social Media,Mobile,VIP,2,1490.38,2026-04-05
691865,2023-10-22,FEMALE,34,Berlin,Germany,Social Media, Desktop,New,1,709.85,2025-02-04
660248,2024-01-11,Prefer not to say,24,Istanbul,Türkiye,Email, Desktop,New,8,3571.84,2024-07-13
219869,2021-06-14,Male,40,Berlin,Germany,Social Media,mobile,Returning,18,6703.88,2021-12-08
580005,2021-11-13,Male,62,Toronto,Canada,Referral, Desktop,At Risk,21,1784.64,2022-07-20
390647,2022-09-25,Non-binary,29,Istanbul,Türkiye,Social Media,mobile,At Risk,23,5817.98,2022-11-13
212963,2023-06-20,,82,Toronto,Canada,Social Media,Desktop,VIP,18,2710.25,2023-11-14
925244,2025-09-13,,54,London,UK,Referral,Desktop,Loyal,18,9436.67,2025-10-22
147974,2025-08-08,FEMALE,59,Madrid,Spain,Social Media,Tablet,Loyal,7,2454.83,2026-09-07
967977,2024-01-12,Male,69,Berlin,Germany,Organic Search,Tablet,Returning,10,824.32,2024-11-06
410103,2022-06-14,Male,34,Paris,France,Direct,mobile,Loyal,24,830.89,2022-12-26
112983,2024-04-07,Male,73,Paris,France,Social Media, Desktop,VIP,19,6181.9,2024-12-02
743486,2021-09-20,,66,London,UK,Referral,Mobile,Loyal,0,3472.65,2021-11-27
802977,2025-08-05,Non-binary,41,Paris,France,Social Media,Desktop,Returning,12,3333.1,2026-03-21
115254,2024-12-21,Non-binary,53,Berlin,Germany,Referral,Mobile,At Risk,19,5480.42,2025-08-04
196136,2023-12-20,Prefer not to say,87,Paris,France,Email,Mobile,Loyal,16,5458.77,2024-10-31
533622,2021-08-20,FEMALE,59,New York,USA,Social Media,Mobile,Loyal,7,1137.22,2022-08-11
220693,2025-04-16,Prefer not to say,50,Madrid,Spain,Direct, Desktop,Loyal,7,4324.0,2025-05-30
966249,2023-10-25,Prefer not to say,26,Toronto,Canada,Email, Desktop,At Risk,17,697.9,2024-08-09
928247,2021-09-08,Prefer not to say,33,Madrid,Spain,Organic Search,Mobile,At Risk,11,765.56,2022-12-16
141967,2024-10-14,Prefer not to say,38,New York,USA,Direct,mobile,Loyal,12,4536.19,2025-06-11
297050,2025-01-01,Female,86,Berlin,Germany,Email,mobile,Returning,3,8405.71,2025-12-13
351273,2024-11-12,FEMALE,77,Paris,France,Referral,mobile,Loyal,0,8007.57,2026-02-21
923669,2021-02-14,Male,80,New York,USA,Social Media,Desktop,Returning,16,3775.21,2022-03-18
715296,2022-08-05,Male,88,London,UK,Referral,Desktop,Loyal,5,2985.0,2023-10-30
541464,2024-08-24,male,55,London,UK,Direct,Mobile,Loyal,2,9373.01,2025-01-24
269890,2025-02-25,,67,Toronto,Canada,Email,Mobile,Loyal,1,2963.91,2026-01-15
221171,2021-04-11,Female,61,Berlin,Germany,Paid Search,Mobile,New,3,8373.4,2021-10-05
572811,2022-09-22,Prefer not to say,78,London,UK,Social Media, Desktop,Loyal,7,7362.6,2023-03-02
275514,2021-10-19,,31,New York,USA,Paid Search, Desktop,New,19,8552.51,2022-07-27
813964,2024-03-16,Non-binary,70,New York,USA,Paid Search,mobile,Returning,3,5686.15,2024-12-28
353147,2025-01-17,Non-binary,40,Rome,Italy,Email, Desktop,Returning,18,8615.1,2026-03-09
266665,2024-08-03,Female,51,Istanbul,Türkiye,Paid Search, Desktop,At Risk,7,2642.19,2025-07-27
880147,2021-11-27,,34,London,UK,Direct,Desktop,At Risk,7,3058.72,2022-10-19
986066,2021-03-26,Prefer not to say,81,London,UK,Social Media,mobile,Loyal,20,7237.08,2021-10-29
207829,2022-09-21,Female,63,Rome,Italy,Email,Desktop,VIP,3,9367.8,2023-02-10
556238,2022-12-23,FEMALE,26,Rome,Italy,Organic Search, Desktop,VIP,16,144.73,2023-04-26
496652,2024-09-12,Male,18,Berlin,Germany,Organic Search,Desktop,VIP,2,5130.02,2024-10-31
945663,2023-04-01,Prefer not to say,30,Madrid,Spain,Paid Search,Tablet,Returning,3,6490.5,2023-07-04
669298,2021-06-09,Prefer not to say,38,Berlin,Germany,Direct,Mobile,New,19,2192.54,2022-05-02
958102,2024-05-03,Female,19,Toronto,Canada,Social Media,mobile,VIP,4,8493.63,2025-04-24
408306,2023-02-01,Prefer not to say,31,Paris,France,Organic Search,mobile,Loyal,23,1947.38,2023-12-14
676936,2021-02-15,Non-binary,77,Paris,France,Organic Search,Desktop,At Risk,23,1419.27,2021-10-29
365719,2022-05-25,Female,87,Rome,Italy,Social Media, Desktop,Returning,14,341.3,2023-07-03
846178,2021-07-22,Prefer not to say,34,Toronto,Canada,Paid Search,Mobile,VIP,5,8632.04,2021-10-19
600181,2024-01-29,Female,73,Paris,France,Direct, Desktop,At Risk,6,2966.04,2025-01-03
429734,2022-04-30,male,23,Rome,Italy,Social Media,Desktop,Returning,13,3191.03,2022-06-21
204993,2022-08-06,,20,Paris,France,Direct,mobile,New,6,4005.01,2023-06-08
317699,2025-08-10,FEMALE,69,Toronto,Canada,Email,Mobile,Returning,24,7557.52,2026-03-23
783724,2024-08-27,FEMALE,50,Madrid,Spain,Organic Search,mobile,New,25,1929.79,2024-11-24
432835,2022-11-13,FEMALE,44,Toronto,Canada,Email,Mobile,Loyal,16,3960.18,2023-04-02
141544,2021-04-24,Male,55,Rome,Italy,Referral,Desktop,Loyal,17,4712.27,2022-03-17
128586,2021-03-19,male,42,Istanbul,Türkiye,Referral,Tablet,Loyal,23,8127.52,2022-04-15
111016,2025-09-20,FEMALE,38,Madrid,Spain,Referral, Desktop,At Risk,11,9668.88,2026-09-14
925082,2024-09-08,Non-binary,72,New York,USA,Email,Desktop,New,5,5179.93,2025-08-27
409906,2023-07-14,Prefer not to say,25,Istanbul,Türkiye,Email,mobile,VIP,6,6555.39,2024-05-26
861773,2023-10-05,FEMALE,63,New York,USA,Social Media,Mobile,Returning,15,3865.83,2024-07-24
725549,2024-06-10,Non-binary,28,Berlin,Germany,Organic Search,Mobile,Returning,11,8522.27,2025-08-15
435807,2021-12-23,Non-binary,32,Paris,France,Email,Tablet,Returning,4,8414.81,2023-03-05
571696,2021-10-01,Non-binary,88,Paris,France,Direct,mobile,Returning,9,6249.39,2022-08-08
510275,2025-06-17,FEMALE,42,Berlin,Germany,Referral, Desktop,Returning,6,9556.71,2025-07-07
428498,2023-05-18,Non-binary,52,Berlin,Germany,Referral, Desktop,VIP,12,5401.33,2023-07-13
517915,2023-04-08,Non-binary,61,Berlin,Germany,Direct, Desktop,Loyal,5,9375.48,2023-05-10
166023,2022-01-28,Prefer not to say,29,Toronto,Canada,Social Media,Desktop,VIP,9,8608.4,2022-08-12
167310,2025-07-23,FEMALE,56,Paris,France,Referral,Desktop,At Risk,24,2165.69,2025-12-20
432765,2025-11-25,Male,73,Paris,France,Social Media, Desktop,Returning,4,6653.83,2026-10-20
730662,2025-06-29,FEMALE,26,Rome,Italy,Referral,mobile,VIP,20,7047.39,2026-04-13
578001,2021-04-30,FEMALE,25,Paris,France,Referral,Tablet,New,5,6704.79,2022-09-06
216771,2022-01-28,,23,London,UK,Email,Mobile,At Risk,7,5229.89,2022-05-04
362209,2022-05-08,Male,59,New York,USA,Organic Search, Desktop,At Risk,12,3062.04,2023-04-11
325646,2021-03-05,Prefer not to say,61,New York,USA,Email,mobile,VIP,23,6557.95,2022-06-17
923274,2023-06-15,FEMALE,85,Rome,Italy,Social Media,Mobile,New,12,1556.35,2023-07-16
747817,2022-02-07,,87,Toronto,Canada,Paid Search, Desktop,New,19,8462.78,2022-08-25
915707,2023-04-23,FEMALE,18,Paris,France,Social Media, Desktop,Loyal,2,9446.82,2023-12-11
669285,2023-12-14,Male,36,Paris,France,Direct,Desktop,New,20,3902.6,2024-07-06
821619,2022-10-11,male,27,Paris,France,Direct,Mobile,Loyal,18,9084.45,2022-10-27
591698,2023-06-11,FEMALE,82,Berlin,Germany,Social Media, Desktop,Returning,21,8223.69,2023-11-08
793983,2021-01-26,Male,73,Paris,France,Email,Mobile,New,13,1609.98,2021-11-13
473111,2022-08-13,FEMALE,77,Berlin,Germany,Paid Search,Tablet,VIP,3,9479.87,2023-05-04
371671,2021-08-31,Male,79,London,UK,Direct, Desktop,New,3,4650.77,2022-06-14
292122,2022-07-02,male,59,Toronto,Canada,Direct,mobile,New,4,2896.0,2022-07-31
667911,2025-10-05,,33,Istanbul,Türkiye,Email, Desktop,New,13,3572.25,2025-12-02
317932,2024-04-15,FEMALE,81,Toronto,Canada,Direct,mobile,Loyal,7,2104.8,2024-07-10
422249,2025-05-25,Female,34,London,UK,Referral,Mobile,Loyal,14,9634.95,2026-02-24
308893,2021-12-26,Non-binary,87,Madrid,Spain,Organic Search,Desktop,At Risk,2,6600.63,2022-04-11
358349,2021-12-16,Female,45,New York,USA,Direct,Desktop,At Risk,7,9373.34,2022-07-12
477973,2022-11-04,,19,Paris,France,Referral,Tablet,New,3,2272.84,2023-11-20
185321,2024-10-18,Prefer not to say,18,London,UK,Referral, Desktop,New,25,5382.65,2024-11-02
959808,2025-01-24,Prefer not to say,36,Rome,Italy,Paid Search, Desktop,Loyal,22,9776.58,2026-02-04
394426,2024-02-18,Non-binary,33,Madrid,Spain,Direct, Desktop,New,9,568.28,2025-01-08
193758,2023-01-29,Male,82,Toronto,Canada,Referral,Mobile,New,17,9821.15,2023-07-30
889878,2022-11-25,Non-binary,49,Madrid,Spain,Direct,Mobile,Returning,13,3818.8,2024-03-27
569659,2021-11-29,male,70,Toronto,Canada,Paid Search,mobile,At Risk,20,837.27,2023-01-26
194884,2023-11-06,Prefer not to say,42,Paris,France,Organic Search,Desktop,Loyal,11,3537.89,2024-05-26
783682,2025-06-28,,30,Madrid,Spain,Direct,Tablet,New,21,2566.48,2026-10-01
702256,2023-07-21,FEMALE,61,Istanbul,Türkiye,Direct,mobile,Returning,7,8282.26,2023-12-03
774723,2025-09-02,Non-binary,67,London,UK,Social Media,Desktop,Returning,21,1216.2,2026-11-30
455345,2022-01-29,Male,42,Paris,France,Email,Tablet,Returning,23,6749.38,2023-04-09
338473,2023-08-13,,45,London,UK,Referral,Mobile,New,6,3547.89,2024-07-02
509446,2023-02-11,male,45,Rome,Italy,Direct,Desktop,At Risk,9,3100.08,2023-11-30
421686,2024-04-07,Non-binary,47,Paris,France,Referral,mobile,Returning,11,9299.8,2025-07-02
143046,2022-12-22,male,63,London,UK,Organic Search,mobile,VIP,16,3579.51,2023-10-23
443137,2022-05-09,Non-binary,84,Madrid,Spain,Social Media, Desktop,VIP,5,1504.45,2023-09-20
295887,2021-07-25,FEMALE,37,Paris,France,Email,mobile,VIP,16,6289.91,2022-10-30
432120,2024-07-02,,64,Madrid,Spain,Email,Mobile,Loyal,17,4114.12,2025-08-20
931239,2024-03-28,Male,56,Berlin,Germany,Organic Search,Desktop,VIP,14,3677.37,2025-07-23
988285,2022-08-16,Non-binary,31,Berlin,Germany,Direct, Desktop,Returning,11,396.68,2022-10-31
707132,2021-08-29,Prefer not to say,76,Istanbul,Türkiye,Organic Search, Desktop,Returning,2,3052.95,2021-12-01
417518,2024-07-14,Prefer not to say,49,Paris,France,Referral,Desktop,At Risk,18,4070.64,2025-05-14
357790,2024-04-06,FEMALE,37,Berlin,Germany,Referral,Mobile,VIP,0,7379.06,2025-06-13
450573,2024-10-28,Prefer not to say,75,Istanbul,Türkiye,Referral,mobile,Returning,12,9447.74,2025-10-03
205851,2022-06-29,Male,22,London,UK,Paid Search, Desktop,VIP,16,1204.98,2023-07-26
670661,2024-03-25,Female,22,Istanbul,Türkiye,Paid Search,Tablet,New,17,7819.63,2024-08-28
741090,2021-06-22,Non-binary,34,Paris,France,Direct, Desktop,Loyal,25,3497.36,2022-06-03
707110,2025-04-19,FEMALE,19,Istanbul,Türkiye,Social Media, Desktop,Returning,0,7477.57,2026-08-23
946796,2024-09-04,Non-binary,55,Berlin,Germany,Email, Desktop,Returning,11,5779.02,2025-09-24
724912,2023-10-30,,64,New York,USA,Email,Tablet,Loyal,3,6796.92,2025-01-10
196515,2021-07-22,,47,Rome,Italy,Organic Search, Desktop,At Risk,22,615.13,2022-08-30
357003,2022-12-23,,71,New York,USA,Referral,Mobile,Loyal,24,8123.12,2023-04-15
330849,2025-01-22,male,53,Rome,Italy,Organic Search,Tablet,Returning,11,3896.29,2026-04-18
121363,2021-11-22,Female,71,Toronto,Canada,Organic Search, Desktop,Returning,6,6674.25,2022-11-30
947525,2022-01-11,Male,21,Istanbul,Türkiye,Email,Tablet,New,25,3997.04,2022-12-18
355600,2022-07-07,Prefer not to say,48,Toronto,Canada,Organic Search,Desktop,Returning,6,326.52,2023-09-01
521290,2023-04-24,,80,Toronto,Canada,Paid Search,Desktop,Loyal,2,3824.17,2024-03-11
175840,2023-01-16,Male,84,Toronto,Canada,Paid Search,Tablet,VIP,11,9907.61,2023-07-20
381085,2022-01-20,Prefer not to say,59,Rome,Italy,Email,Mobile,At Risk,24,375.26,2022-05-25
677980,2024-07-30,,61,Istanbul,Türkiye,Direct,Desktop,New,9,958.91,2024-11-14
174361,2022-09-30,Female,73,Rome,Italy,Direct,Mobile,Loyal,15,1656.6,2023-07-15
864589,2024-03-18,male,21,Paris,France,Direct, Desktop,New,18,3909.57,2024-03-18
178779,2023-11-10,FEMALE,66,Rome,Italy,Email,Tablet,At Risk,11,9929.06,2024-12-25
122559,2022-01-25,male,56,Istanbul,Türkiye,Direct,mobile,Returning,21,349.63,2022-04-06
766246,2023-10-06,FEMALE,25,New York,USA,Social Media,Desktop,Returning,16,707.68,2025-02-14
110398,2023-03-17,Female,84,New York,USA,Referral, Desktop,Loyal,5,9241.26,2023-12-28
404948,2024-04-30,Non-binary,47,Rome,Italy,Referral,Tablet,VIP,16,7650.39,2025-08-20
887196,2022-07-03,Female,44,Toronto,Canada,Direct,Mobile,New,1,6378.98,2023-09-03
930665,2021-05-17,Female,80,Toronto,Canada,Paid Search,Mobile,Loyal,5,546.0,2022-01-26
476639,2022-08-19,Prefer not to say,23,Berlin,Germany,Paid Search,Desktop,Returning,4,208.64,2023-12-14
617221,2024-07-11,,69,Rome,Italy,Direct,Desktop,VIP,10,5327.03,2024-07-19
591608,2022-11-27,Male,59,Toronto,Canada,Organic Search,Mobile,New,15,6880.09,2023-10-16
261669,2025-07-27,Male,42,New York,USA,Social Media,Mobile,VIP,16,4374.17,2026-10-09
205837,2025-06-05,Prefer not to say,45,London,UK,Referral,Tablet,Loyal,2,3361.81,2026-06-24
625787,2025-11-30,male,69,London,UK,Paid Search,Desktop,New,5,4475.94,2027-03-12
915525,2021-04-19,male,70,Istanbul,Türkiye,Social Media,Desktop,Loyal,2,135.01,2022-02-26
933600,2024-01-29,,36,Paris,France,Social Media,Mobile,At Risk,20,9823.82,2024-02-02
444031,2024-11-01,Female,73,Istanbul,Türkiye,Direct,Tablet,Returning,23,6587.36,2025-12-30
180852,2025-11-06,Male,45,Berlin,Germany,Organic Search,Mobile,Returning,4,9351.49,2026-03-11
634008,2021-06-04,,51,Rome,Italy,Paid Search,Desktop,At Risk,24,2405.4,2022-01-20
797562,2021-06-02,male,86,Berlin,Germany,Social Media,Mobile,VIP,0,5575.83,2021-12-09
281657,2024-04-14,Prefer not to say,71,Paris,France,Direct,Tablet,At Risk,16,5920.16,2025-07-18
288289,2024-05-19,FEMALE,51,Berlin,Germany,Direct,mobile,At Risk,10,5051.4,2025-06-08
913914,2024-06-09,Male,24,Istanbul,Türkiye,Direct, Desktop,Loyal,20,3876.43,2025-01-14
256828,2022-11-04,Male,36,Toronto,Canada,Paid Search, Desktop,VIP,23,4156.77,2023-08-26
248413,2024-09-04,Female,23,Istanbul,Türkiye,Email,Mobile,Loyal,24,7027.21,2025-02-10
961457,2025-11-01,Non-binary,33,Rome,Italy,Organic Search,Desktop,At Risk,23,5342.55,2026-04-28
435317,2025-02-05,male,29,Toronto,Canada,Social Media,Mobile,VIP,3,7725.08,2026-03-20
420468,2024-02-03,Prefer not to say,49,Toronto,Canada,Organic Search,Desktop,New,0,9858.55,2024-06-06
212069,2024-11-03,Non-binary,88,Paris,France,Paid Search,Mobile,Returning,24,368.2,2025-04-21
843780,2025-08-23,,63,New York,USA,Paid Search,Desktop,Returning,12,7564.61,2026-09-19
639343,2023-12-16,Female,48,Toronto,Canada,Social Media, Desktop,At Risk,24,2831.97,2024-03-19
975235,2022-10-26,FEMALE,58,Madrid,Spain,Paid Search,Desktop,VIP,1,1439.39,2023-01-16
731130,2021-02-22,Prefer not to say,24,Rome,Italy,Paid Search,mobile,Returning,5,9951.98,2022-06-10
407746,2023-01-04,Female,26,Madrid,Spain,Direct,Mobile,At Risk,9,6854.33,2024-01-15
232434,2025-01-18,Prefer not to say,24,Toronto,Canada,Social Media,Mobile,New,0,9732.97,2025-11-21
316783,2021-03-30,Male,45,Rome,Italy,Email,Mobile,New,7,9089.8,2021-04-07
248562,2022-02-15,,40,Paris,France,Direct, Desktop,Returning,23,1372.17,2022-11-28
671990,2024-12-24,Male,58,Berlin,Germany,Referral,mobile,New,17,4794.7,2026-03-10
857730,2021-01-27,Non-binary,63,Rome,Italy,Paid Search,Mobile,New,14,9869.28,2021-09-16
133302,2024-09-08,Non-binary,39,Istanbul,Türkiye,Organic Search, Desktop,Loyal,0,6657.75,2025-10-28
917620,2024-05-27,Non-binary,53,Madrid,Spain,Email,mobile,New,18,1510.59,2024-08-04
431422,2021-01-02,male,70,London,UK,Organic Search,mobile,At Risk,16,299.94,2021-09-13
960912,2022-09-23,Male,20,Paris,France,Direct,Tablet,New,6,6163.62,2024-01-22
753816,2025-01-16,Female,75,London,UK,Social Media, Desktop,VIP,20,360.98,2025-08-23
942904,2025-10-04,Male,68,Istanbul,Türkiye,Email, Desktop,Loyal,4,1131.49,2026-12-14
804851,2023-09-28,Female,25,Istanbul,Türkiye,Organic Search,Desktop,VIP,14,7518.81,2024-02-03
679811,2021-11-18,Prefer not to say,65,Madrid,Spain,Email,Desktop,VIP,16,310.26,2022-11-16
981557,2022-05-14,FEMALE,67,Istanbul,Türkiye,Direct,Mobile,VIP,21,2222.94,2022-07-06
882431,2025-04-11,Non-binary,31,Toronto,Canada,Direct, Desktop,At Risk,2,4476.37,2026-03-28
823092,2023-06-09,male,32,Toronto,Canada,Direct,mobile,Loyal,15,3801.76,2023-07-23
315413,2021-07-19,Non-binary,19,Istanbul,Türkiye,Email,mobile,New,2,7322.31,2022-01-27
286808,2024-11-05,male,60,London,UK,Social Media,Mobile,Loyal,23,8422.15,2025-07-22
413447,2023-12-22,Prefer not to say,56,New York,USA,Social Media, Desktop,Returning,13,3195.19,2024-03-20
553653,2025-05-09,FEMALE,68,London,UK,Paid Search,mobile,At Risk,25,1565.91,2025-12-14
663601,2022-06-06,Prefer not to say,35,Rome,Italy,Paid Search, Desktop,Loyal,0,9361.83,2022-09-24
265566,2021-03-19,FEMALE,87,Istanbul,Türkiye,Email,Desktop,Loyal,8,3531.22,2022-06-16
150917,2022-10-26,Female,85,Paris,France,Social Media,Desktop,VIP,3,2039.87,2023-03-04
849547,2024-11-04,Female,84,Toronto,Canada,Social Media, Desktop,Returning,5,4187.82,2025-10-21
800216,2024-05-13,Female,23,Rome,Italy,Direct,Desktop,Returning,11,8260.31,2025-06-09
359309,2022-05-21,,23,New York,USA,Direct, Desktop,Returning,20,2451.52,2023-08-01
364856,2022-07-31,male,84,Toronto,Canada,Paid Search,Mobile,At Risk,7,4559.06,2022-12-16
915557,2023-02-10,Male,30,London,UK,Social Media,Mobile,At Risk,15,7535.15,2023-05-07
167543,2025-01-26,Prefer not to say,51,Madrid,Spain,Referral,mobile,Loyal,3,8422.98,2025-02-07
815208,2022-09-29,FEMALE,66,New York,USA,Paid Search, Desktop,Returning,2,6935.41,2023-12-29
568393,2025-10-16,FEMALE,55,Paris,France,Direct,Tablet,Returning,7,3592.26,2026-10-18
947514,2021-11-23,,31,Istanbul,Türkiye,Direct,Desktop,New,1,9414.64,2022-12-08
551067,2024-05-17,FEMALE,66,Paris,France,Social Media,Mobile,Loyal,14,3333.43,2025-08-08
675951,2022-08-23,FEMALE,84,London,UK,Paid Search,Desktop,New,0,2493.25,2023-02-09
362374,2025-03-19,FEMALE,73,Madrid,Spain,Organic Search,mobile,At Risk,16,109.21,2026-06-15
667675,2024-06-07,Male,45,Berlin,Germany,Paid Search,Tablet,Returning,8,3485.71,2024-09-15
560743,2025-01-09,Male,76,Paris,France,Email,Desktop,Loyal,12,2090.47,2025-06-20
992645,2022-11-26,Prefer not to say,77,New York,USA,Email,Tablet,Loyal,10,566.22,2023-03-27
664196,2023-03-15,male,78,Toronto,Canada,Organic Search, Desktop,Loyal,7,953.39,2024-02-24
575329,2022-09-12,FEMALE,38,Toronto,Canada,Direct,Desktop,At Risk,9,7256.1,2024-01-12
111394,2025-09-29,Male,42,Toronto,Canada,Direct,Tablet,At Risk,8,789.53,2027-01-24
514932,2025-03-25,Male,88,London,UK,Referral,mobile,Returning,12,3249.6,2025-10-10
976914,2023-09-25,male,50,Madrid,Spain,Email,mobile,Loyal,25,5577.43,2024-08-09
455120,2022-04-28,male,75,Istanbul,Türkiye,Organic Search,Mobile,Returning,11,1986.92,2022-11-22
279849,2024-11-30,Prefer not to say,42,London,UK,Direct,Mobile,At Risk,8,2077.65,2024-12-19
370500,2025-07-03,male,26,Berlin,Germany,Organic Search,Desktop,New,22,7580.49,2026-01-27
609380,2025-06-11,male,88,Paris,France,Direct,Desktop,Returning,22,4052.28,2025-07-11
125594,2024-04-01,Male,18,Rome,Italy,Paid Search,Mobile,Loyal,14,759.4,2025-05-02
931591,2021-12-16,male,20,New York,USA,Social Media, Desktop,At Risk,6,1828.61,2022-05-03
777840,2021-07-21,male,55,Madrid,Spain,Social Media, Desktop,New,0,2818.72,2022-07-28
536924,2022-03-02,Female,48,Paris,France,Direct,mobile,At Risk,15,7248.1,2023-06-25
698321,2021-08-03,Male,77,Madrid,Spain,Referral,Mobile,New,10,4795.29,2022-02-09
119829,2021-01-22,male,34,London,UK,Organic Search,Desktop,New,9,6169.11,2021-05-28
165348,2021-07-30,Male,53,Madrid,Spain,Paid Search, Desktop,At Risk,4,4785.37,2022-10-25
825303,2023-04-24,FEMALE,21,London,UK,Referral,mobile,VIP,15,535.87,2023-12-05
472185,2023-06-23,Prefer not to say,21,Berlin,Germany,Direct,Desktop,New,4,6128.6,2023-12-02
708248,2022-10-17,male,87,Madrid,Spain,Direct,mobile,Returning,19,2111.01,2023-05-07
245001,2022-03-17,,28,Berlin,Germany,Referral,Mobile,New,14,5290.82,2022-05-09
722378,2024-03-12,Female,63,Berlin,Germany,Referral,mobile,New,14,1103.82,2024-04-18
231207,2021-01-06,,64,New York,USA,Social Media,Tablet,Returning,19,2381.87,2021-09-09
245223,2022-10-31,,85,Istanbul,Türkiye,Email,Desktop,At Risk,21,9196.62,2023-02-04
371699,2021-11-08,Male,38,Paris,France,Social Media,Desktop,New,12,6300.55,2022-03-19
969200,2023-09-06,,71,Paris,France,Referral,Mobile,New,4,7958.81,2024-05-22
390365,2024-05-20,Female,81,Madrid,Spain,Organic Search, Desktop,New,3,3482.06,2025-05-22
517120,2022-02-12,Prefer not to say,57,New York,USA,Social Media,Desktop,Loyal,13,360.91,2023-01-28
691472,2025-03-16,Female,65,New York,USA,Email,Tablet,Loyal,22,3929.59,2026-03-22
520565,2021-09-21,Prefer not to say,62,Rome,Italy,Social Media,mobile,New,11,7583.09,2022-09-12
280537,2022-11-16,Female,63,Berlin,Germany,Email, Desktop,Returning,13,3698.41,2022-12-13
742195,2025-08-04,Male,39,Berlin,Germany,Referral,mobile,Loyal,21,5410.08,2026-02-10
193582,2021-09-08,FEMALE,20,New York,USA,Email,Tablet,Loyal,8,813.43,2022-02-19
344873,2022-02-11,Male,22,London,UK,Paid Search,Mobile,At Risk,15,6705.7,2022-09-30
609604,2022-02-24,,32,London,UK,Referral,Tablet,New,4,3719.19,2022-06-01
107840,2023-05-18,,60,London,UK,Organic Search,mobile,Returning,5,5666.21,2024-09-28
286204,2024-04-15,male,55,Toronto,Canada,Referral,Tablet,New,17,6518.16,2024-07-31
654383,2022-06-04,Female,40,Berlin,Germany,Referral,Tablet,Loyal,12,2334.42,2023-09-02
432651,2021-12-10,Female,87,Rome,Italy,Paid Search,Desktop,VIP,22,6715.09,2022-07-08
625231,2024-07-22,Male,48,Istanbul,Türkiye,Organic Search,Desktop,Loyal,12,9755.44,2025-09-14
780357,2025-10-20,Male,33,London,UK,Email,mobile,VIP,7,1607.19,2026-09-09
559608,2022-04-25,male,46,Madrid,Spain,Email, Desktop,At Risk,22,2828.65,2023-03-17
819861,2024-07-27,male,34,London,UK,Referral, Desktop,Returning,18,113.88,2025-06-29
770156,2022-06-02,male,40,London,UK,Email, Desktop,At Risk,5,9953.17,2023-03-08
866951,2022-10-29,,41,Paris,France,Social Media,mobile,Returning,4,2104.75,2023-09-26
336695,2023-11-20,,49,New York,USA,Referral,Tablet,Returning,3,459.84,2024-05-09
349953,2021-03-16,Prefer not to say,24,Istanbul,Türkiye,Social Media,Tablet,VIP,7,2133.71,2021-08-09
428188,2022-01-25,Non-binary,53,Rome,Italy,Organic Search,Mobile,Returning,5,3950.31,2022-04-18
619120,2023-07-27,male,19,Toronto,Canada,Email,Tablet,VIP,15,8394.17,2023-11-11
820318,2024-05-18,FEMALE,50,Istanbul,Türkiye,Email,mobile,VIP,25,7063.67,2024-05-22
602086,2022-01-14,FEMALE,43,Istanbul,Türkiye,Organic Search,mobile,New,14,77.44,2022-06-18
335994,2022-02-20,male,78,Madrid,Spain,Social Media,Desktop,Returning,21,6538.35,2022-11-26
847473,2025-04-14,FEMALE,60,Paris,France,Direct,Mobile,Loyal,9,193.55,2026-02-14
532271,2023-08-17,Prefer not to say,20,Istanbul,Türkiye,Referral,Desktop,New,12,9191.35,2023-08-30
453319,2024-05-28,Female,27,Paris,France,Email, Desktop,At Risk,22,3592.43,2025-01-10
687629,2023-01-23,FEMALE,46,Paris,France,Paid Search, Desktop,VIP,11,7067.06,2023-02-24
740980,2025-03-14,Prefer not to say,51,New York,USA,Referral,Desktop,New,14,8095.75,2025-08-28
863594,2024-07-14,FEMALE,19,Rome,Italy,Direct, Desktop,VIP,11,7016.01,2024-12-02
785147,2024-09-16,Non-binary,59,Madrid,Spain,Organic Search,mobile,Returning,23,4498.64,2026-01-28
388594,2024-03-28,Female,45,Rome,Italy,Email,Mobile,New,9,1280.51,2025-05-19
777815,2023-03-09,Non-binary,88,Berlin,Germany,Direct,mobile,Loyal,20,6702.57,2023-04-14
330130,2021-10-27,Non-binary,46,Paris,France,Referral, Desktop,VIP,19,6180.38,2022-12-19
150538,2025-03-12,Non-binary,77,Rome,Italy,Paid Search,mobile,Loyal,24,8178.39,2025-04-06
175027,2021-03-08,FEMALE,73,Istanbul,Türkiye,Referral,mobile,VIP,13,4516.86,2021-09-24
900267,2023-05-21,Prefer not to say,41,Paris,France,Organic Search,mobile,VIP,7,1815.21,2023-06-22
636547,2024-11-23,Non-binary,65,Berlin,Germany,Paid Search,Tablet,At Risk,7,6502.4,2025-09-17
776633,2025-11-04,,27,Istanbul,Türkiye,Social Media,mobile,Loyal,24,9293.16,2027-01-20
486599,2021-03-20,Female,27,New York,USA,Direct,Desktop,Loyal,7,9699.36,2021-08-31
267214,2025-02-27,male,43,Madrid,Spain,Email,Mobile,New,3,2552.55,2026-04-24
636484,2022-09-18,Male,54,Paris,France,Referral,Desktop,New,13,7794.22,2023-10-24
903238,2025-09-11,Prefer not to say,75,Toronto,Canada,Email,Tablet,Loyal,19,9507.53,2026-03-04
930975,2021-06-28,Prefer not to say,68,Istanbul,Türkiye,Direct,Tablet,VIP,12,4776.75,2022-04-18
313746,2022-02-26,Female,36,Paris,France,Referral,Mobile,At Risk,22,8590.8,2023-01-21
426948,2022-01-13,Non-binary,50,Madrid,Spain,Paid Search, Desktop,At Risk,4,8115.54,2022-09-19
413228,2022-06-02,FEMALE,48,Istanbul,Türkiye,Social Media,mobile,VIP,18,5563.55,2023-10-11
826198,2021-11-14,Prefer not to say,82,Paris,France,Paid Search, Desktop,VIP,4,9062.93,2022-08-09
414117,2021-10-09,FEMALE,54,London,UK,Referral,Mobile,Loyal,11,8514.11,2022-04-29
990231,2023-10-25,male,76,Madrid,Spain,Email,Tablet,VIP,15,817.44,2024-06-17
679147,2025-05-23,Non-binary,26,Rome,Italy,Organic Search,mobile,VIP,6,1406.31,2025-08-07
489665,2022-04-24,Non-binary,61,London,UK,Paid Search,Tablet,Loyal,9,4715.24,2023-07-13
273202,2023-09-26,male,77,Madrid,Spain,Email,mobile,Loyal,16,4271.63,2024-10-28
835348,2025-06-17,Female,64,New York,USA,Paid Search, Desktop,Loyal,17,3552.6,2026-05-01
835341,2023-12-01,Female,32,Rome,Italy,Referral,mobile,New,10,6289.78,2023-12-12
872190,2021-07-06,Non-binary,47,Istanbul,Türkiye,Paid Search,Desktop,VIP,7,2689.8,2022-03-28
587355,2023-11-10,male,22,London,UK,Referral,Tablet,Loyal,3,4874.32,2024-05-28
723460,2023-04-24,Male,25,Rome,Italy,Direct, Desktop,At Risk,8,2021.72,2023-09-14
189100,2025-01-25,Female,65,Istanbul,Türkiye,Direct,mobile,VIP,6,3313.7,2025-08-08
997871,2025-08-23,,65,Berlin,Germany,Direct,Tablet,At Risk,23,1295.95,2026-09-22
229230,2025-03-04,Female,60,London,UK,Paid Search,Desktop,Returning,17,5073.87,2026-05-20
735547,2023-02-22,Female,34,Rome,Italy,Email,Mobile,New,12,1480.32,2024-03-15
638916,2021-06-26,male,35,Istanbul,Türkiye,Direct,Desktop,At Risk,23,7410.37,2022-07-13
698980,2024-11-05,Male,74,Istanbul,Türkiye,Paid Search, Desktop,VIP,22,4405.61,2025-11-04
495520,2022-01-22,male,21,Istanbul,Türkiye,Referral,Mobile,Loyal,20,5516.27,2022-01-30
284838,2025-07-31,male,51,Berlin,Germany,Organic Search, Desktop,Returning,6,1745.95,2026-05-03
263346,2025-01-03,FEMALE,64,London,UK,Organic Search, Desktop,Returning,6,21.15,2025-03-05
362768,2022-04-24,Prefer not to say,47,Berlin,Germany,Social Media,mobile,Loyal,1,9490.27,2022-07-20
547482,2021-10-30,Non-binary,77,Rome,Italy,Social Media,mobile,Loyal,7,8303.73,2022-07-12
328189,2025-09-20,,65,Toronto,Canada,Email,Mobile,Returning,10,1932.39,2026-10-06
697182,2025-10-03,Prefer not to say,23,Berlin,Germany,Referral, Desktop,Returning,14,7190.02,2026-03-23
854552,2021-09-20,Female,23,Rome,Italy,Referral,Tablet,At Risk,8,9049.65,2022-10-22
894558,2023-12-20,Prefer not to say,49,Paris,France,Direct,Tablet,At Risk,10,5772.05,2024-09-01
920268,2022-06-20,male,28,Toronto,Canada,Direct, Desktop,At Risk,5,5418.73,2022-10-22
154665,2024-05-09,Prefer not to say,79,Rome,Italy,Organic Search, Desktop,At Risk,6,2235.93,2024-06-19
619072,2024-11-18,Female,63,Rome,Italy,Paid Search,Desktop,At Risk,6,2080.12,2026-03-01
814747,2021-03-06,FEMALE,71,Paris,France,Email,Tablet,New,10,8198.13,2021-12-21
512727,2021-09-16,Prefer not to say,88,Toronto,Canada,Social Media,Mobile,New,18,999.16,2022-01-12
851989,2024-06-22,Female,28,Istanbul,Türkiye,Referral,Mobile,Loyal,25,8136.1,2025-02-15
767914,2022-07-24,Non-binary,74,Toronto,Canada,Social Media,mobile,Loyal,20,8438.55,2022-10-29
464885,2022-06-20,Non-binary,61,Istanbul,Türkiye,Social Media,mobile,VIP,12,3329.34,2022-08-11
502628,2022-09-12,Non-binary,20,Berlin,Germany,Paid Search, Desktop,Loyal,3,9237.39,2022-11-21
640075,2023-04-07,FEMALE,55,Rome,Italy,Email,Mobile,At Risk,12,3637.19,2023-07-03
986534,2021-01-27,Female,66,Istanbul,Türkiye,Social Media,Tablet,VIP,12,1180.44,2021-03-20
272803,2024-06-10,Female,45,Paris,France,Paid Search, Desktop,Returning,14,2588.98,2025-06-29
670659,2022-04-06,Male,19,Istanbul,Türkiye,Organic Search,Desktop,VIP,10,9488.87,2022-10-23
865351,2025-10-14,Prefer not to say,78,Berlin,Germany,Direct, Desktop,VIP,22,2114.41,2025-12-07
142686,2022-12-04,Female,54,Madrid,Spain,Direct,mobile,New,24,9850.98,2023-08-14
649636,2025-06-01,Female,24,Madrid,Spain,Email,Tablet,At Risk,2,1932.53,2025-09-27
194793,2022-01-14,male,18,Rome,Italy,Social Media,Desktop,New,6,1696.4,2023-04-13
947190,2022-04-05,Female,46,Paris,France,Referral, Desktop,VIP,16,6167.55,2023-05-31
367579,2023-05-18,,37,New York,USA,Referral,Desktop,Loyal,12,5041.04,2023-09-14
758976,2024-09-13,male,85,Berlin,Germany,Referral,Desktop,Loyal,7,4703.39,2024-11-11
205954,2022-10-25,Male,81,Berlin,Germany,Paid Search, Desktop,At Risk,12,8356.37,2024-01-27
380521,2021-08-17,,21,Berlin,Germany,Social Media, Desktop,Returning,8,6250.92,2022-12-07
872703,2022-07-26,Male,79,Toronto,Canada,Email,Desktop,Loyal,6,8453.77,2022-08-16
187786,2021-02-07,Non-binary,20,Paris,France,Referral,Desktop,Loyal,18,2679.82,2021-02-07
245884,2021-11-23,FEMALE,42,Madrid,Spain,Email, Desktop,New,25,7800.66,2022-08-06
913440,2025-04-19,male,73,Madrid,Spain,Direct,Mobile,Returning,15,1255.72,2025-05-25
746869,2024-08-23,FEMALE,39,London,UK,Email, Desktop,New,5,6355.94,2024-12-14
982828,2024-01-12,Female,50,Toronto,Canada,Paid Search,Mobile,VIP,23,4482.05,2025-04-19
791763,2022-05-18,male,41,Berlin,Germany,Referral,mobile,Returning,12,6405.25,2022-10-08
819982,2022-01-29,,72,Berlin,Germany,Organic Search,Mobile,New,21,8706.31,2023-01-23
834430,2025-09-12,Prefer not to say,42,New York,USA,Direct,mobile,At Risk,12,2855.26,2025-11-24
185991,2022-01-24,Male,22,Rome,Italy,Email,mobile,VIP,2,3262.97,2022-08-27
566677,2025-05-08,male,36,London,UK,Organic Search,Desktop,Loyal,10,4243.36,2026-06-16
992307,2021-03-26,Male,80,Madrid,Spain,Email,Desktop,Loyal,7,7391.27,2021-11-08
352696,2023-01-21,,30,Toronto,Canada,Direct,Desktop,New,2,2669.75,2023-08-07
992339,2021-04-28,Female,73,Paris,France,Organic Search,Mobile,VIP,20,7558.23,2022-02-15
500926,2024-06-29,male,21,Berlin,Germany,Paid Search,Mobile,New,20,8596.32,2024-06-30
941704,2022-05-06,Female,88,London,UK,Paid Search,mobile,Returning,20,1469.94,2022-08-28
553951,2021-04-27,male,63,New York,USA,Direct,Mobile,Returning,15,5721.36,2022-01-20
516536,2022-03-18,Prefer not to say,53,Berlin,Germany,Referral,Tablet,New,0,7916.51,2023-03-06
272757,2023-12-10,Prefer not to say,68,Istanbul,Türkiye,Referral,Desktop,VIP,20,9614.52,2024-09-13
441277,2021-04-03,,54,Paris,France,Referral,Mobile,Loyal,1,1555.5,2022-05-04
559411,2021-04-14,Female,35,Toronto,Canada,Paid Search,Desktop,At Risk,4,3154.53,2022-08-23
232466,2024-03-24,male,33,Rome,Italy,Organic Search,Mobile,Returning,3,561.12,2024-07-22
752636,2025-04-07,Female,24,Madrid,Spain,Social Media,Mobile,Returning,14,336.29,2026-03-30
611669,2021-01-27,Female,28,London,UK,Direct,mobile,At Risk,14,7833.95,2021-03-30
322313,2025-03-05,male,30,Paris,France,Direct, Desktop,Loyal,15,246.07,2025-11-06
224976,2025-05-09,FEMALE,79,Toronto,Canada,Referral,mobile,Returning,5,8082.0,2026-02-28
552209,2021-05-16,,45,Toronto,Canada,Organic Search,Tablet,New,16,3180.74,2021-10-25
729857,2024-09-28,,34,Paris,France,Paid Search,Tablet,Returning,24,4156.57,2025-02-02
659996,2023-06-24,Female,68,Rome,Italy,Direct,Tablet,Returning,25,3552.16,2024-06-13
528053,2022-12-28,FEMALE,39,Berlin,Germany,Paid Search, Desktop,At Risk,8,5677.8,2023-11-07
223826,2022-04-04,Prefer not to say,44,Madrid,Spain,Referral,mobile,VIP,5,9804.0,2023-02-21
792594,2022-09-27,FEMALE,19,New York,USA,Direct,Tablet,Returning,4,6819.95,2022-09-29
409828,2021-08-28,male,29,Istanbul,Türkiye,Paid Search,Tablet,New,7,9612.93,2021-10-10
391160,2023-04-23,,88,Madrid,Spain,Email,Mobile,At Risk,21,7056.33,2023-11-21
360273,2025-03-23,Prefer not to say,67,Istanbul,Türkiye,Social Media,Mobile,VIP,14,2844.14,2026-04-15
497252,2023-05-15,Non-binary,79,New York,USA,Paid Search,Desktop,VIP,19,7473.47,2024-06-15
885988,2023-03-30,male,58,London,UK,Social Media,Mobile,New,20,6228.73,2023-06-09
686546,2022-03-05,FEMALE,80,Rome,Italy,Email,Desktop,At Risk,10,7263.47,2022-03-12
104203,2025-09-24,,55,Istanbul,Türkiye,Organic Search,Mobile,Loyal,7,6241.05,2025-10-10
299060,2022-10-07,Non-binary,30,Berlin,Germany,Direct, Desktop,New,19,4028.45,2023-08-12
654028,2022-10-12,FEMALE,59,Berlin,Germany,Organic Search,Tablet,Loyal,0,5411.28,2023-06-09
560086,2024-05-10,Female,30,Toronto,Canada,Direct,Mobile,New,11,4212.59,2024-08-26
707212,2024-07-31,Prefer not to say,67,London,UK,Organic Search,Mobile,Returning,12,2371.6,2025-03-15
122056,2024-12-14,Non-binary,79,New York,USA,Email,mobile,Loyal,13,9687.35,2026-04-21
132304,2025-06-08,Non-binary,79,Madrid,Spain,Organic Search,Desktop,New,3,9750.36,2026-04-05
758009,2024-09-01,,85,New York,USA,Direct,Desktop,New,13,5231.82,2025-09-07
735046,2021-02-05,,73,Berlin,Germany,Email,Mobile,Returning,11,3298.38,2021-06-01
354006,2021-10-19,FEMALE,19,Toronto,Canada,Email,Tablet,Returning,18,2631.3,2022-02-15
975909,2025-06-10,male,51,Toronto,Canada,Direct,Tablet,New,15,8767.49,2026-04-18
373045,2023-09-19,Non-binary,77,Toronto,Canada,Organic Search,Tablet,Returning,22,8135.91,2023-10-13
316641,2021-11-09,Male,57,New York,USA,Direct,Tablet,At Risk,21,2717.39,2021-12-15
281248,2023-03-03,FEMALE,28,Toronto,Canada,Paid Search, Desktop,At Risk,17,3544.62,2023-06-26
398615,2022-08-03,,38,Toronto,Canada,Email,Desktop,Loyal,1,2910.32,2022-09-19
255619,2021-01-06,FEMALE,41,Madrid,Spain,Direct,Desktop,VIP,22,7591.51,2021-06-25
668684,2024-11-20,Prefer not to say,54,Madrid,Spain,Referral,Desktop,Returning,6,3008.74,2026-02-06
310184,2021-03-18,Male,32,Rome,Italy,Direct,Desktop,New,23,364.09,2022-04-30
386497,2024-07-20,FEMALE,65,New York,USA,Direct, Desktop,VIP,1,7585.9,2025-04-14
426249,2022-06-10,FEMALE,66,New York,USA,Social Media, Desktop,VIP,1,5281.75,2023-01-28
714190,2024-10-31,Non-binary,25,New York,USA,Direct,mobile,VIP,24,8104.16,2025-02-28
894212,2022-09-03,male,84,Paris,France,Social Media,mobile,VIP,0,7570.19,2022-10-22
363069,2024-02-20,Non-binary,38,Rome,Italy,Paid Search,mobile,Loyal,7,4784.87,2024-03-07
972787,2024-09-10,FEMALE,28,Rome,Italy,Paid Search, Desktop,At Risk,21,8865.65,2025-12-08
816730,2021-08-10,Non-binary,26,Paris,France,Organic Search,Desktop,New,6,5575.71,2022-10-22
568080,2024-06-25,Female,77,New York,USA,Organic Search,mobile,Returning,11,4775.02,2025-08-07
929518,2023-08-17,Prefer not to say,74,New York,USA,Organic Search, Desktop,At Risk,11,6486.97,2024-07-02
947935,2022-11-01,,70,London,UK,Organic Search,Mobile,VIP,7,2062.03,2023-07-08
996626,2021-04-15,FEMALE,66,Madrid,Spain,Referral,Mobile,Returning,1,9912.62,2022-04-28
276139,2025-09-09,Female,46,New York,USA,Direct,mobile,At Risk,11,394.66,2026-10-05
671869,2021-03-25,Male,26,Berlin,Germany,Organic Search,Mobile,New,13,7714.15,2021-05-26
474294,2022-10-12,FEMALE,49,Paris,France,Email,mobile,At Risk,14,4004.57,2023-08-08
614650,2021-04-22,,56,Paris,France,Referral,Desktop,VIP,10,8665.39,2022-05-21
540366,2024-04-12,male,62,Istanbul,Türkiye,Social Media,Desktop,Loyal,5,5821.48,2025-06-21
997264,2021-10-27,Female,67,London,UK,Email,Mobile,Loyal,20,5805.0,2022-08-12
227716,2023-11-15,Female,79,Istanbul,Türkiye,Direct, Desktop,VIP,18,3144.24,2024-07-26
906425,2025-01-09,Female,67,Istanbul,Türkiye,Paid Search,Tablet,Loyal,17,5682.38,2025-12-24
319094,2025-07-14,Non-binary,42,Paris,France,Social Media,Desktop,Returning,9,6267.69,2026-09-08
698259,2021-06-02,Male,51,Paris,France,Social Media,Tablet,Returning,4,6501.98,2022-08-09
501873,2023-03-11,Male,85,Berlin,Germany,Paid Search,mobile,Loyal,4,3421.71,2023-10-30
314771,2021-04-23,,44,Berlin,Germany,Referral, Desktop,Returning,19,7901.84,2021-05-13
397845,2023-07-28,,23,Rome,Italy,Paid Search,Desktop,New,12,2749.43,2024-09-17
949935,2021-02-17,male,38,Rome,Italy,Email,mobile,VIP,3,4621.72,2021-08-17
213392,2022-09-03,male,45,New York,USA,Referral,Tablet,Returning,24,7358.17,2023-03-06
946776,2025-04-09,Male,45,Paris,France,Email,Tablet,New,0,6426.15,2025-08-30
125323,2022-10-16,Non-binary,48,Istanbul,Türkiye,Organic Search,Mobile,Loyal,9,533.0,2022-12-17
223806,2025-09-10,male,24,Rome,Italy,Direct,mobile,VIP,0,6443.92,2026-06-27
696963,2021-03-16,male,82,London,UK,Organic Search,mobile,At Risk,25,9453.09,2022-03-09
883564,2024-09-17,Non-binary,67,New York,USA,Paid Search,Tablet,Loyal,7,8560.68,2025-11-02
113857,2023-02-16,male,66,Toronto,Canada,Paid Search,Mobile,New,7,1236.81,2023-10-05
671774,2023-09-06,Female,47,Toronto,Canada,Email,mobile,VIP,25,5804.1,2024-03-12
410811,2024-03-08,,53,Berlin,Germany,Social Media,mobile,Returning,14,3446.04,2025-06-11
806649,2022-03-09,,40,Berlin,Germany,Organic Search,mobile,At Risk,3,6638.47,2022-05-11
898035,2025-05-01,,69,Paris,France,Organic Search,mobile,VIP,14,4481.79,2026-03-11
859500,2024-01-27,Prefer not to say,31,Toronto,Canada,Referral, Desktop,Loyal,1,7842.69,2025-05-05
780928,2023-04-05,Male,75,New York,USA,Organic Search, Desktop,At Risk,14,5004.96,2024-03-17
243229,2024-11-07,FEMALE,80,Berlin,Germany,Paid Search,Tablet,New,12,2411.15,2025-06-14
178835,2021-04-11,Non-binary,56,Paris,France,Email,Desktop,At Risk,6,1251.15,2021-08-16
624677,2022-07-13,FEMALE,71,Madrid,Spain,Paid Search,Tablet,VIP,7,9127.07,2023-02-14
491881,2021-01-31,FEMALE,23,Rome,Italy,Organic Search, Desktop,Loyal,19,3235.71,2021-04-01
700391,2022-06-13,male,46,Madrid,Spain,Direct,Desktop,Returning,20,2924.23,2022-07-15
944605,2021-12-19,Female,77,Toronto,Canada,Referral,Mobile,At Risk,10,3958.7,2022-03-01
426370,2023-01-28,Female,58,Toronto,Canada,Email,Tablet,At Risk,2,663.92,2024-02-13
558405,2025-07-25,,36,London,UK,Organic Search,Tablet,VIP,7,1578.15,2026-11-25
627467,2023-11-24,FEMALE,64,New York,USA,Referral,Desktop,Loyal,25,3325.61,2024-12-02
810161,2025-07-23,Prefer not to say,43,Madrid,Spain,Email, Desktop,New,0,2156.43,2026-07-30
474151,2023-01-08,Male,22,Berlin,Germany,Social Media,mobile,Loyal,20,2310.31,2023-11-15
895460,2023-10-11,FEMALE,74,Paris,France,Social Media,Desktop,Returning,14,1881.47,2024-04-13
654061,2022-04-14,Male,24,New York,USA,Referral,Desktop,VIP,4,9042.55,2023-08-03
439411,2024-12-15,FEMALE,36,New York,USA,Paid Search,mobile,VIP,23,4853.0,2025-03-27
100885,2024-01-13,male,49,London,UK,Direct,Tablet,At Risk,4,5114.68,2025-01-09
229919,2025-07-02,Non-binary,26,Toronto,Canada,Paid Search,Desktop,Returning,23,3543.45,2026-07-16
563800,2024-05-13,male,60,Istanbul,Türkiye,Referral, Desktop,Returning,16,2720.14,2025-07-02
852843,2023-06-17,,52,New York,USA,Email, Desktop,VIP,13,6230.33,2023-12-12
571389,2021-03-13,,64,Madrid,Spain,Referral,Mobile,New,16,6695.31,2022-02-18
467224,2024-08-16,Non-binary,44,Istanbul,Türkiye,Email, Desktop,New,17,183.56,2025-12-06
419605,2022-01-25,Non-binary,69,Istanbul,Türkiye,Paid Search, Desktop,Returning,25,974.46,2023-03-17
665492,2022-05-25,,18,Rome,Italy,Direct,Mobile,Returning,2,4731.55,2022-09-21
518804,2022-01-25,Non-binary,22,Madrid,Spain,Organic Search, Desktop,Returning,24,1694.83,2022-10-26
455850,2023-11-16,Prefer not to say,62,Berlin,Germany,Email,Tablet,At Risk,2,7612.37,2024-01-26
921126,2021-08-09,,67,London,UK,Organic Search,Desktop,Loyal,22,4212.79,2022-06-11
866649,2024-09-12,FEMALE,25,New York,USA,Paid Search,Tablet,New,23,3655.76,2024-12-17
816610,2025-11-08,Female,22,Rome,Italy,Paid Search,Tablet,New,15,9948.49,2026-04-13
699172,2023-05-27,Non-binary,54,New York,USA,Email, Desktop,VIP,1,3907.93,2023-06-24
616213,2022-03-08,Male,44,Istanbul,Türkiye,Referral,Mobile,VIP,23,2199.8,2023-01-23
218589,2025-02-02,male,78,London,UK,Referral,Mobile,New,25,6155.56,2025-08-29
779129,2025-04-15,,65,Rome,Italy,Paid Search,mobile,Returning,23,1137.82,2025-04-18
495898,2025-05-05,FEMALE,70,Berlin,Germany,Paid Search, Desktop,Loyal,13,3072.62,2026-09-06
500960,2025-09-22,Prefer not to say,38,Madrid,Spain,Paid Search,Mobile,New,14,658.07,2026-03-09
313819,2023-11-26,male,51,Madrid,Spain,Email,Desktop,Returning,0,7037.64,2025-01-22
683939,2024-01-10,Male,25,Berlin,Germany,Direct, Desktop,New,19,6256.0,2024-05-20
104063,2024-04-28,Male,63,Berlin,Germany,Social Media,Desktop,Loyal,12,7738.46,2025-03-11
391106,2021-01-20,Prefer not to say,82,Istanbul,Türkiye,Organic Search,Desktop,VIP,16,3860.1,2022-04-20
766404,2021-12-03,Female,18,Toronto,Canada,Referral,Desktop,Returning,16,6826.81,2022-12-02
727220,2024-04-30,Male,28,Madrid,Spain,Organic Search,Tablet,New,10,4893.46,2025-07-20
857373,2021-05-09,Male,19,New York,USA,Paid Search,Desktop,At Risk,17,8700.07,2022-09-21
874441,2021-09-08,Non-binary,66,Berlin,Germany,Direct,mobile,Returning,4,2867.29,2022-12-15
969711,2023-12-16,,68,Toronto,Canada,Social Media,Tablet,Loyal,24,7756.72,2024-11-29
863762,2021-02-12,,63,Madrid,Spain,Email,mobile,Loyal,15,4859.05,2021-02-14
635780,2021-04-13,,49,Paris,France,Paid Search,Mobile,New,14,5863.52,2022-01-12
308540,2023-05-06,male,63,Madrid,Spain,Direct, Desktop,Loyal,10,3806.31,2023-12-14
584002,2025-05-13,Male,81,London,UK,Referral, Desktop,VIP,9,306.12,2025-12-02
730018,2023-03-12,,28,New York,USA,Referral,Mobile,Returning,10,771.71,2024-04-24
975134,2021-04-11,male,23,Madrid,Spain,Organic Search,Tablet,New,3,6410.34,2022-01-18
642022,2021-01-20,Non-binary,88,London,UK,Social Media,Tablet,Returning,18,2058.62,2021-04-25
528831,2022-05-30,Prefer not to say,71,New York,USA,Paid Search, Desktop,Returning,25,4972.95,2023-03-30
880801,2021-06-28,,46,London,UK,Paid Search,mobile,At Risk,16,7775.77,2021-10-06
846721,2023-09-03,male,82,Toronto,Canada,Referral,Desktop,VIP,10,4627.64,2023-12-31
420168,2021-05-30,Prefer not to say,31,London,UK,Social Media,Tablet,New,9,1351.1,2022-03-22
837035,2023-02-02,Female,32,Istanbul,Türkiye,Paid Search,Mobile,Returning,11,1701.87,2023-06-08
278585,2024-08-26,Male,48,Toronto,Canada,Paid Search,mobile,New,2,4717.65,2025-12-28
571217,2023-12-09,Non-binary,71,New York,USA,Direct,Mobile,VIP,16,3330.04,2024-11-10
750152,2021-03-12,Female,38,Berlin,Germany,Paid Search,Tablet,VIP,7,6649.43,2022-07-13
801330,2025-12-04,male,62,London,UK,Social Media,Desktop,New,2,3693.16,2026-04-01
656747,2024-08-06,male,62,Toronto,Canada,Direct,Mobile,Loyal,20,7489.3,2025-09-22
306948,2021-05-05,Female,55,London,UK,Paid Search,mobile,New,12,4932.75,2021-11-17
476881,2022-09-06,Female,67,Madrid,Spain,Paid Search,Mobile,Returning,15,3143.47,2023-04-21
651750,2021-06-20,FEMALE,36,Berlin,Germany,Social Media,Desktop,At Risk,23,5123.33,2021-11-23
103690,2022-06-30,Prefer not to say,30,Madrid,Spain,Direct,Tablet,VIP,20,9852.99,2023-08-19
811509,2022-04-12,FEMALE,87,Paris,France,Organic Search, Desktop,At Risk,24,6942.77,2023-07-31
508066,2022-07-03,Female,88,Berlin,Germany,Direct,Mobile,VIP,4,8864.02,2023-01-12
707488,2021-11-05,,19,New York,USA,Paid Search,Mobile,Returning,8,4573.79,2022-10-03
546556,2025-07-27,,40,New York,USA,Direct,Mobile,Loyal,2,2746.09,2026-03-26
524937,2021-10-10,Prefer not to say,18,Madrid,Spain,Direct,Desktop,New,8,82.62,2022-07-30
452332,2022-11-29,,64,Berlin,Germany,Paid Search,mobile,VIP,21,6286.33,2023-11-05
751820,2025-03-20,Prefer not to say,43,Istanbul,Türkiye,Email,mobile,Loyal,19,8155.83,2025-07-05
712817,2024-09-28,Female,81,Madrid,Spain,Paid Search,Tablet,New,20,9887.68,2025-05-20
869477,2022-09-29,Male,18,Paris,France,Organic Search, Desktop,Returning,14,6819.52,2023-03-25
833482,2023-02-25,male,43,Paris,France,Email,Desktop,VIP,8,6276.46,2024-03-26
885145,2021-09-11,Male,66,Rome,Italy,Social Media,Desktop,VIP,2,6050.54,2022-12-27
171036,2022-05-19,,86,New York,USA,Email,Desktop,Returning,6,179.04,2022-10-23
616635,2021-11-23,Female,56,Rome,Italy,Referral,Mobile,New,1,7017.96,2022-05-19
881994,2023-11-06,Female,87,Paris,France,Social Media, Desktop,Loyal,6,7975.35,2024-02-12
359660,2022-08-15,Female,31,Madrid,Spain,Social Media, Desktop,At Risk,4,9823.66,2022-10-16
771461,2022-07-02,Female,58,London,UK,Email,Mobile,Returning,21,5813.17,2022-08-16
780258,2021-02-08,Prefer not to say,57,Paris,France,Email,mobile,Returning,25,4413.64,2022-05-13
405016,2025-01-28,male,22,London,UK,Direct,mobile,At Risk,15,7903.46,2026-06-06
760262,2024-08-14,,88,London,UK,Paid Search,Desktop,New,0,4311.21,2025-07-10
121785,2025-08-26,Male,25,Madrid,Spain,Organic Search,Desktop,New,17,1363.79,2025-11-07
526769,2025-07-23,Non-binary,43,Madrid,Spain,Paid Search,mobile,At Risk,4,9668.65,2026-11-02
856321,2023-12-30,Female,68,Paris,France,Social Media,Tablet,Loyal,14,1384.44,2024-06-09
759829,2021-12-25,Prefer not to say,70,Rome,Italy,Social Media,Desktop,VIP,17,6495.89,2022-03-15
263666,2024-09-13,Male,69,Madrid,Spain,Social Media,Tablet,New,17,2520.25,2025-08-10
764516,2021-12-25,FEMALE,72,London,UK,Referral,Mobile,At Risk,17,100.74,2023-03-13
916691,2024-01-09,Prefer not to say,64,Berlin,Germany,Organic Search,Mobile,VIP,23,9934.5,2025-03-09
516617,2024-08-21,FEMALE,28,London,UK,Paid Search,Desktop,New,8,2208.64,2025-10-10
920483,2025-02-27,Female,27,Rome,Italy,Direct,mobile,Loyal,16,1928.77,2025-12-13
383386,2025-01-13,Female,70,Paris,France,Paid Search,Mobile,VIP,5,4050.63,2025-10-22
987376,2022-05-05,male,65,London,UK,Paid Search,Tablet,VIP,19,4570.88,2022-10-14
286804,2021-01-29,,87,Rome,Italy,Paid Search,Tablet,Returning,3,1923.71,2021-05-04
904781,2024-02-21,Non-binary,44,Istanbul,Türkiye,Email, Desktop,Loyal,7,8356.04,2024-09-29
176978,2024-06-21,Male,51,Rome,Italy,Social Media,Desktop,VIP,10,4524.49,2025-06-26
954931,2023-12-05,,76,Berlin,Germany,Organic Search,mobile,Returning,4,1111.18,2024-01-24
913776,2024-07-29,FEMALE,32,London,UK,Paid Search, Desktop,Loyal,22,3497.32,2024-11-11
734873,2021-07-05,Female,65,London,UK,Direct,Tablet,VIP,17,3113.6,2022-09-16
110620,2023-06-03,Prefer not to say,59,New York,USA,Social Media,mobile,Returning,13,3518.8,2024-05-20
466424,2024-12-04,Prefer not to say,56,Madrid,Spain,Direct,Mobile,VIP,4,8851.58,2025-09-03
377435,2025-03-12,Female,49,Rome,Italy,Social Media,Mobile,VIP,5,5838.24,2025-08-24
937075,2025-07-26,male,69,London,UK,Direct,Tablet,VIP,16,7460.88,2026-11-16
842412,2025-02-24,Male,18,New York,USA,Organic Search,Mobile,Returning,18,2837.07,2026-05-04
531111,2021-03-28,Male,79,Toronto,Canada,Paid Search,Desktop,New,11,2821.27,2021-08-14
818308,2025-09-23,male,46,Rome,Italy,Email,Mobile,At Risk,20,8010.05,2026-04-01
670684,2021-09-21,Female,48,London,UK,Organic Search,Mobile,Returning,24,3600.45,2022-07-09
418419,2025-05-24,,38,Paris,France,Direct,Desktop,Returning,0,4223.91,2026-07-05
259456,2025-11-09,male,67,Berlin,Germany,Referral,Desktop,New,14,7554.33,2027-02-05
584516,2025-02-06,,69,Istanbul,Türkiye,Referral,Tablet,At Risk,11,6885.13,2025-08-30
973437,2023-03-10,Prefer not to say,57,Istanbul,Türkiye,Organic Search,mobile,New,10,9209.72,2024-05-30
371949,2025-06-01,Non-binary,70,Berlin,Germany,Referral,Desktop,At Risk,11,4049.78,2025-08-28
608080,2024-06-15,Female,37,Toronto,Canada,Direct,Desktop,VIP,15,368.03,2025-10-12
277861,2023-02-27,male,76,Madrid,Spain,Social Media, Desktop,New,11,7774.78,2023-05-06
589792,2023-05-25,Male,18,Toronto,Canada,Direct, Desktop,Loyal,19,9433.12,2023-09-25
635116,2022-03-08,male,20,Madrid,Spain,Paid Search,Tablet,Loyal,20,5951.13,2022-04-28
147592,2021-12-08,,40,London,UK,Email,Mobile,Returning,0,6572.71,2022-12-21
383975,2021-03-24,Prefer not to say,73,Rome,Italy,Social Media,Mobile,VIP,15,8111.64,2021-05-05
635068,2021-07-09,Female,66,Paris,France,Social Media,Tablet,At Risk,18,338.28,2022-01-12
203421,2023-04-20,,83,Madrid,Spain,Paid Search,Tablet,Loyal,6,5595.17,2023-07-03
880924,2022-03-19,male,81,Berlin,Germany,Email,Mobile,Returning,23,4013.46,2022-09-19
719326,2023-05-28,Prefer not to say,68,Madrid,Spain,Paid Search,Tablet,New,17,738.69,2024-07-25
543125,2024-07-17,Non-binary,72,London,UK,Social Media, Desktop,New,0,6470.93,2024-08-26
173142,2023-08-05,Female,78,Madrid,Spain,Direct,Tablet,At Risk,24,7724.22,2024-07-14
472430,2025-09-10,FEMALE,86,London,UK,Referral,Mobile,At Risk,17,7691.95,2025-12-25
170253,2025-07-25,Male,40,Madrid,Spain,Organic Search,Mobile,New,6,6029.43,2025-08-17
788750,2023-07-16,Female,43,Paris,France,Paid Search,Mobile,VIP,16,7588.09,2023-07-20
563977,2021-02-18,Male,36,Berlin,Germany,Paid Search,mobile,Returning,6,6492.66,2021-06-17
120700,2021-04-16,FEMALE,65,Madrid,Spain,Organic Search,Desktop,Loyal,0,834.09,2021-05-22
272111,2021-04-05,Male,81,Paris,France,Referral,Mobile,New,1,6406.43,2022-05-16
631799,2025-04-25,,74,Istanbul,Türkiye,Organic Search, Desktop,New,19,2581.47,2026-06-30
844744,2021-07-27,Non-binary,57,Berlin,Germany,Organic Search,Mobile,At Risk,10,3375.11,2022-07-07
269478,2023-11-07,Prefer not to say,29,Madrid,Spain,Email,Mobile,New,1,6937.04,2024-08-16
823986,2021-05-28,Male,36,Paris,France,Referral,Tablet,At Risk,17,7779.1,2022-04-20
197573,2022-03-25,FEMALE,28,Istanbul,Türkiye,Social Media,Tablet,Loyal,24,4956.57,2022-08-17
521447,2022-07-11,Prefer not to say,49,London,UK,Organic Search,Desktop,At Risk,25,7098.09,2023-02-16
766865,2023-10-26,Female,76,Berlin,Germany,Social Media,Mobile,Loyal,12,3282.82,2024-10-15
822372,2025-07-05,male,54,London,UK,Organic Search,Mobile,Returning,22,2482.74,2026-03-05
389192,2023-09-23,Female,31,Istanbul,Türkiye,Organic Search,Desktop,Returning,9,1374.65,2024-12-12
734382,2021-10-24,Female,31,New York,USA,Paid Search,Mobile,Loyal,7,5505.15,2022-07-25
419189,2025-10-25,FEMALE,82,Toronto,Canada,Referral,Tablet,Returning,25,3689.96,2026-11-26
319036,2022-08-16,Male,79,Berlin,Germany,Social Media,Tablet,Returning,21,2729.38,2023-08-21
653745,2023-02-08,Female,21,Toronto,Canada,Email,mobile,At Risk,13,7651.05,2024-06-08
317797,2023-03-08,FEMALE,86,New York,USA,Paid Search,Mobile,Loyal,21,6796.53,2023-06-04
348757,2024-03-18,Female,67,Istanbul,Türkiye,Organic Search,Mobile,Loyal,0,9212.81,2024-08-30
450167,2024-06-08,male,76,New York,USA,Organic Search,Desktop,Loyal,3,5117.85,2025-01-01
382139,2023-07-11,Non-binary,50,New York,USA,Paid Search,Tablet,VIP,7,3482.53,2024-06-12
171884,2025-10-30,Male,50,Istanbul,Türkiye,Referral,Tablet,VIP,1,404.39,2026-10-04
178522,2024-01-15,Prefer not to say,40,Istanbul,Türkiye,Direct,Mobile,VIP,9,7530.62,2024-08-02
833159,2022-04-11,Male,67,Toronto,Canada,Direct,Tablet,Loyal,6,5040.6,2022-12-29
971028,2022-12-25,Male,69,New York,USA,Email,Mobile,New,10,6049.38,2024-02-20
648612,2023-08-01,FEMALE,85,Istanbul,Türkiye,Paid Search,Desktop,New,21,6699.71,2024-07-27
790786,2025-03-13,male,18,Istanbul,Türkiye,Organic Search, Desktop,New,0,6148.73,2025-10-26
486094,2024-07-23,Prefer not to say,67,Rome,Italy,Organic Search,Desktop,Returning,0,8212.55,2025-03-14
590667,2021-10-07,Male,44,Paris,France,Organic Search,mobile,VIP,7,9070.21,2022-08-03
636366,2025-10-27,Female,70,New York,USA,Paid Search,mobile,VIP,16,6508.15,2026-08-24
684739,2022-08-01,Female,39,Rome,Italy,Email,Tablet,VIP,3,7014.94,2023-08-24
872512,2022-12-10,Female,70,Istanbul,Türkiye,Paid Search,Desktop,New,6,2758.37,2024-03-05
152158,2022-10-12,,42,London,UK,Paid Search, Desktop,New,7,7711.87,2024-01-21
276741,2021-02-11,male,52,London,UK,Email,Mobile,At Risk,12,9677.49,2021-11-01
411297,2025-11-09,FEMALE,73,New York,USA,Social Media,Tablet,Loyal,11,6667.53,2027-02-14
784790,2023-08-15,FEMALE,50,Berlin,Germany,Organic Search,mobile,Returning,23,6971.45,2024-09-09
870793,2022-02-14,Prefer not to say,71,Madrid,Spain,Organic Search,Tablet,Returning,18,1999.23,2023-02-09
848092,2022-11-19,Non-binary,76,Berlin,Germany,Paid Search,Desktop,VIP,18,7146.99,2023-05-30
954593,2022-05-16,,66,London,UK,Referral,Tablet,Returning,23,7624.93,2023-08-03
683262,2024-03-08,Non-binary,61,Madrid,Spain,Organic Search, Desktop,New,7,4074.25,2024-06-26
382864,2025-01-14,male,22,Paris,France,Paid Search, Desktop,VIP,13,8514.99,2025-04-18
473137,2021-04-21,FEMALE,18,Toronto,Canada,Referral,Tablet,Returning,23,2279.56,2022-04-09
739281,2023-10-19,Prefer not to say,23,Madrid,Spain,Organic Search,Tablet,Returning,23,1345.81,2023-10-22
875783,2023-04-06,Prefer not to say,80,Berlin,Germany,Referral,Mobile,VIP,20,4936.83,2023-04-06
343389,2025-04-04,Non-binary,63,Paris,France,Paid Search, Desktop,Loyal,25,1238.35,2025-05-09
511628,2024-03-15,Prefer not to say,88,Berlin,Germany,Email,mobile,Loyal,15,9359.73,2025-05-25
688297,2022-05-10,Prefer not to say,49,Istanbul,Türkiye,Direct,Tablet,Returning,8,6346.46,2023-03-20
519132,2025-09-08,FEMALE,39,Rome,Italy,Paid Search, Desktop,Returning,15,1582.45,2026-02-15
280735,2021-10-19,Female,86,London,UK,Direct,Tablet,Loyal,25,5547.13,2022-10-03
607116,2023-01-04,,47,Toronto,Canada,Email,Desktop,At Risk,3,9172.4,2024-01-11
928131,2021-10-25,Female,46,Berlin,Germany,Email,mobile,Loyal,14,1035.65,2022-02-03
372128,2022-01-21,Prefer not to say,69,Toronto,Canada,Social Media, Desktop,Loyal,20,764.38,2022-01-22
740052,2021-12-17,Non-binary,24,New York,USA,Paid Search,Desktop,Loyal,9,6854.68,2022-08-11
445656,2021-02-08,Prefer not to say,55,Rome,Italy,Direct,Mobile,New,15,8166.71,2021-10-11
850835,2021-12-24,FEMALE,72,Paris,France,Direct,Desktop,VIP,12,3386.4,2022-08-15
333117,2025-11-13,Male,74,Toronto,Canada,Referral,mobile,VIP,12,3003.31,2026-09-25
371337,2021-01-03,Male,20,Berlin,Germany,Direct,Desktop,New,15,7559.89,2021-12-25
739579,2024-12-03,male,70,Rome,Italy,Social Media,Desktop,Returning,19,9231.41,2025-07-14
841018,2024-10-01,Male,71,Rome,Italy,Referral,Desktop,Returning,6,9720.89,2026-01-26
356091,2023-09-27,FEMALE,61,London,UK,Organic Search,Desktop,New,13,3135.94,2024-01-02
984780,2021-03-25,Prefer not to say,44,Paris,France,Referral,Mobile,At Risk,19,7940.7,2022-03-02
792941,2025-10-10,male,57,Paris,France,Direct,Mobile,Loyal,13,2115.43,2027-01-20
132017,2023-08-17,,38,Berlin,Germany,Email,Tablet,New,7,6685.66,2023-11-07
993147,2022-08-18,Prefer not to say,73,Toronto,Canada,Email,Desktop,Loyal,16,2534.5,2023-06-30
752688,2024-06-12,Non-binary,72,Toronto,Canada,Direct,Mobile,Returning,4,3044.21,2024-12-15
522155,2024-12-19,male,84,Berlin,Germany,Email,mobile,Loyal,19,9472.94,2025-11-23
431904,2021-07-25,male,79,New York,USA,Direct,Tablet,VIP,14,4742.79,2022-04-15
552739,2025-02-13,Prefer not to say,56,Madrid,Spain,Paid Search,Tablet,Returning,21,5232.96,2026-03-04
898588,2024-02-15,Non-binary,32,London,UK,Email,mobile,New,25,750.85,2024-09-21
360494,2023-08-14,Non-binary,67,Istanbul,Türkiye,Paid Search,mobile,New,2,4539.77,2024-02-01
923564,2025-10-10,Non-binary,56,Istanbul,Türkiye,Organic Search,Desktop,Loyal,23,9682.3,2026-11-07
382162,2021-08-31,Non-binary,49,Istanbul,Türkiye,Paid Search,mobile,New,1,269.82,2022-01-25
299125,2021-07-14,FEMALE,31,Paris,France,Direct, Desktop,New,19,5144.26,2021-12-02
176063,2024-01-10,Male,55,Berlin,Germany,Paid Search,Desktop,At Risk,20,6789.36,2024-09-22
756289,2022-01-25,Prefer not to say,76,Istanbul,Türkiye,Referral,Desktop,Loyal,11,9717.94,2023-03-03
867896,2021-03-08,Female,85,Berlin,Germany,Email,Desktop,At Risk,13,6927.19,2021-07-19
273675,2021-11-01,Female,18,Madrid,Spain,Social Media,Mobile,Returning,12,4456.95,2022-08-21
707279,2024-09-18,male,45,Toronto,Canada,Organic Search,Desktop,At Risk,3,6628.01,2026-01-12
565123,2022-08-31,,21,Rome,Italy,Referral,Tablet,At Risk,16,347.74,2023-12-29
709676,2022-11-01,Male,67,Toronto,Canada,Referral, Desktop,At Risk,12,2171.5,2022-11-10
863623,2021-01-14,,43,Berlin,Germany,Referral,Mobile,VIP,12,4120.23,2022-01-17
255378,2023-09-07,FEMALE,38,Berlin,Germany,Email,Mobile,At Risk,17,9517.07,2024-09-30
735709,2022-03-09,male,51,London,UK,Referral,Mobile,VIP,13,8034.95,2022-03-19
374710,2024-04-03,Prefer not to say,50,Istanbul,Türkiye,Email,mobile,At Risk,18,6031.12,2024-12-01
581706,2024-04-11,,76,Paris,France,Direct,Tablet,Returning,20,5354.75,2025-03-06
652172,2021-05-08,Female,81,Paris,France,Email,Tablet,Returning,4,7253.78,2021-06-25
270431,2024-07-28,Female,64,Rome,Italy,Referral,Tablet,VIP,23,4224.36,2024-08-14
245353,2021-04-24,FEMALE,32,Paris,France,Social Media, Desktop,Loyal,0,2184.88,2022-03-02
916277,2023-01-06,Male,84,Paris,France,Social Media, Desktop,At Risk,20,4901.16,2023-05-11
244806,2023-04-25,Male,65,New York,USA,Paid Search,mobile,Loyal,10,1116.41,2024-02-04
850518,2023-07-25,Prefer not to say,50,London,UK,Direct,Mobile,VIP,10,7214.1,2024-04-26
562087,2023-03-26,male,81,Istanbul,Türkiye,Social Media,mobile,New,17,8024.29,2023-09-14
478630,2025-09-26,Prefer not to say,81,Berlin,Germany,Social Media,Mobile,VIP,3,1993.02,2026-06-12
424808,2021-09-22,Female,65,Madrid,Spain,Organic Search,mobile,VIP,9,2810.99,2023-01-01
887875,2023-05-04,male,20,Madrid,Spain,Direct,Mobile,At Risk,23,6794.92,2023-06-13
520223,2022-07-08,,23,Istanbul,Türkiye,Paid Search,Mobile,Returning,0,7312.48,2023-06-02
352175,2023-08-09,Female,79,Berlin,Germany,Social Media,Mobile,VIP,21,7379.56,2024-03-30
221463,2021-09-07,Non-binary,48,Istanbul,Türkiye,Social Media,mobile,Returning,3,9145.08,2021-12-30
853043,2021-10-28,Male,38,Toronto,Canada,Organic Search,Mobile,Loyal,2,7810.62,2022-10-20
316205,2022-09-20,Prefer not to say,86,Madrid,Spain,Social Media,Tablet,New,22,2404.52,2023-10-29
853377,2021-05-01,Non-binary,27,Madrid,Spain,Email, Desktop,At Risk,8,1694.23,2021-05-03
814498,2024-01-09,,43,New York,USA,Email, Desktop,Returning,9,7247.52,2024-01-28
420335,2021-07-22,Female,50,Istanbul,Türkiye,Email,mobile,At Risk,11,5455.87,2022-07-20
171540,2024-03-25,FEMALE,52,New York,USA,Social Media,Tablet,At Risk,19,5902.46,2024-11-18
211553,2025-07-16,,41,Berlin,Germany,Referral,Desktop,New,11,1951.49,2026-08-26
338676,2023-05-25,,28,Istanbul,Türkiye,Paid Search,mobile,Loyal,12,9194.67,2024-08-30
516292,2023-11-20,,50,New York,USA,Paid Search,Desktop,Loyal,3,7866.18,2024-10-19
436981,2023-05-17,Prefer not to say,26,New York,USA,Social Media,Desktop,New,22,7372.3,2023-11-27
616278,2021-05-12,Female,39,New York,USA,Paid Search, Desktop,Returning,17,5464.89,2022-05-25
204830,2022-11-17,male,51,Berlin,Germany,Direct,Desktop,Returning,1,9385.88,2023-12-10
295833,2022-01-06,Female,40,London,UK,Organic Search, Desktop,VIP,10,8178.84,2022-03-17
147165,2025-02-05,,85,Rome,Italy,Email, Desktop,Loyal,24,2071.01,2026-05-03
158031,2023-10-29,Male,73,Paris,France,Social Media,Tablet,New,16,3522.36,2024-09-27
948798,2021-08-04,Male,80,Madrid,Spain,Email, Desktop,Loyal,22,3767.86,2021-12-01
726538,2025-05-04,male,66,Rome,Italy,Direct,Tablet,At Risk,14,1907.24,2026-04-01
124414,2022-02-17,FEMALE,54,Berlin,Germany,Social Media,Tablet,VIP,19,7818.51,2023-04-03
888976,2023-01-07,,56,Toronto,Canada,Social Media, Desktop,At Risk,2,1498.1,2023-12-01
327077,2022-10-14,Non-binary,60,Berlin,Germany,Paid Search, Desktop,VIP,17,7256.51,2023-11-09
816491,2022-01-17,,29,Istanbul,Türkiye,Referral,Desktop,Loyal,5,2068.34,2023-04-06
136399,2022-03-18,male,61,Toronto,Canada,Organic Search,Tablet,VIP,20,6930.86,2023-02-08
618479,2021-07-04,Non-binary,42,Rome,Italy,Email,Tablet,Returning,18,5262.98,2022-07-25
838117,2022-03-01,,73,Rome,Italy,Social Media,Mobile,VIP,0,9412.84,2023-03-31
654210,2025-04-03,,55,Toronto,Canada,Social Media,Desktop,Returning,15,8426.39,2025-08-10
954495,2025-06-21,Non-binary,77,Paris,France,Organic Search,mobile,At Risk,22,6170.83,2025-07-14
859129,2022-03-30,FEMALE,46,New York,USA,Referral,Desktop,Returning,20,8801.03,2023-02-20
742964,2022-12-10,,73,Toronto,Canada,Social Media,Desktop,Loyal,17,7467.22,2022-12-20
563771,2022-01-01,Prefer not to say,54,Toronto,Canada,Referral,Mobile,Loyal,9,846.22,2022-01-14
459077,2024-07-22,,41,Berlin,Germany,Social Media,Desktop,Returning,0,1795.89,2025-08-21
795127,2022-11-07,,51,London,UK,Organic Search,Mobile,VIP,6,1353.57,2023-01-21
978568,2022-10-27,Non-binary,46,Paris,France,Referral,Tablet,VIP,9,483.18,2023-08-04
387912,2023-02-06,Non-binary,23,Toronto,Canada,Email,mobile,Returning,5,6843.62,2024-03-12
223802,2022-06-23,,60,Berlin,Germany,Referral,Mobile,At Risk,18,8464.49,2023-05-18
743031,2022-11-25,FEMALE,31,New York,USA,Paid Search,Mobile,Loyal,5,5479.58,2023-02-24
826282,2024-03-24,,24,Paris,France,Social Media, Desktop,VIP,1,6766.29,2024-12-08
281076,2024-12-08,,63,Berlin,Germany,Paid Search,Tablet,Loyal,1,3267.41,2026-04-01
199856,2023-10-22,Male,46,Paris,France,Direct,Desktop,Returning,8,7946.99,2025-01-15
332852,2023-09-28,,54,London,UK,Referral,Tablet,Loyal,13,9530.33,2024-06-20
519121,2022-11-12,Male,37,Paris,France,Social Media,Desktop,Loyal,14,3658.27,2023-09-27
344546,2021-07-23,Prefer not to say,52,London,UK,Direct,mobile,New,6,3498.07,2022-03-05
619069,2021-03-28,male,20,Toronto,Canada,Social Media,Desktop,Loyal,20,1678.59,2021-05-19
571664,2023-02-27,Male,24,Istanbul,Türkiye,Paid Search, Desktop,Returning,14,8497.46,2023-04-17
496250,2021-11-02,Male,73,Istanbul,Türkiye,Organic Search,Tablet,Returning,12,6463.62,2022-04-22
887074,2024-12-15,Prefer not to say,23,Madrid,Spain,Paid Search,Mobile,VIP,5,9686.87,2026-04-26
276787,2021-05-15,Male,84,London,UK,Direct,Mobile,At Risk,13,7527.75,2022-04-02
342973,2024-02-08,male,76,Paris,France,Organic Search,Tablet,New,25,6365.99,2025-03-26
347187,2022-06-21,Female,75,Rome,Italy,Social Media,Tablet,VIP,18,4838.25,2022-07-31
959989,2023-12-04,Non-binary,84,Istanbul,Türkiye,Direct,mobile,New,18,137.47,2024-10-03
397419,2021-03-12,Female,68,Toronto,Canada,Paid Search,Mobile,Returning,4,5786.76,2021-04-20
585045,2021-04-02,Female,68,Istanbul,Türkiye,Direct,Mobile,VIP,16,1158.62,2021-09-19
673591,2021-11-13,Prefer not to say,50,New York,USA,Social Media,Desktop,VIP,18,209.6,2021-12-02
708103,2022-12-31,Male,75,Berlin,Germany,Direct,Tablet,VIP,20,8325.33,2023-07-04
508518,2022-03-06,Male,63,Toronto,Canada,Direct, Desktop,Returning,9,6881.04,2023-03-02
322200,2021-01-21,Male,26,Toronto,Canada,Paid Search,Tablet,At Risk,8,9603.88,2021-08-22
573638,2023-11-12,Female,51,Toronto,Canada,Paid Search,Desktop,At Risk,7,3418.23,2024-06-23
849663,2022-07-13,,26,Berlin,Germany,Social Media,mobile,New,4,1319.64,2022-09-18
370401,2025-05-21,Male,61,Paris,France,Email,Tablet,At Risk,15,868.46,2026-07-21
446153,2025-01-19,,49,Paris,France,Organic Search, Desktop,VIP,23,5969.36,2026-02-10
620442,2025-05-24,Female,67,London,UK,Social Media,mobile,New,13,9767.6,2026-09-06
722454,2021-01-02,male,55,London,UK,Organic Search,Tablet,Returning,12,9141.68,2021-09-23
216334,2023-03-07,Female,64,Paris,France,Organic Search,Mobile,VIP,6,2053.78,2023-10-14
324235,2021-11-19,Prefer not to say,63,Madrid,Spain,Direct,mobile,New,19,4282.23,2023-03-24
182682,2024-05-14,Male,66,Toronto,Canada,Referral,Mobile,New,1,6010.32,2024-06-12
148463,2024-10-25,Female,84,Rome,Italy,Email,Mobile,At Risk,10,2093.0,2025-04-05
116160,2025-05-15,Female,88,Paris,France,Paid Search,Mobile,Loyal,12,7681.35,2026-05-11
936179,2022-12-11,male,59,Madrid,Spain,Email,Desktop,Returning,16,8746.35,2023-10-29
105481,2025-11-26,Non-binary,58,Rome,Italy,Organic Search, Desktop,Returning,1,858.57,2026-10-31
999246,2023-04-15,Prefer not to say,55,London,UK,Email,mobile,VIP,15,5060.03,2024-08-07
603734,2023-10-10,Male,80,Paris,France,Referral, Desktop,VIP,8,7571.31,2024-07-14
435098,2021-10-07,Non-binary,26,New York,USA,Direct,Tablet,Loyal,8,8757.27,2022-04-30
501759,2025-04-26,Non-binary,58,Rome,Italy,Referral,Desktop,Loyal,10,256.39,2025-08-06
989101,2022-11-07,Non-binary,57,New York,USA,Paid Search, Desktop,VIP,14,6325.96,2023-10-19
708440,2024-03-27,male,33,London,UK,Referral,Desktop,At Risk,6,3221.99,2024-10-12
401167,2021-05-11,Female,56,Berlin,Germany,Social Media,Tablet,New,20,7789.14,2021-06-08
305399,2025-07-21,FEMALE,50,London,UK,Organic Search, Desktop,VIP,2,712.19,2025-10-06
519355,2022-09-17,Female,76,Berlin,Germany,Referral,mobile,New,3,8397.16,2023-09-10
267843,2024-07-23,Male,85,Madrid,Spain,Direct, Desktop,Loyal,18,9278.61,2024-08-04
964261,2025-04-01,Non-binary,52,Toronto,Canada,Organic Search, Desktop,New,1,2295.31,2025-05-28
895408,2023-09-22,FEMALE,45,New York,USA,Direct,Mobile,At Risk,11,2524.88,2024-05-22
777426,2025-04-23,Female,52,Berlin,Germany,Direct, Desktop,New,23,2821.48,2026-08-15
259669,2023-12-06,Male,66,New York,USA,Paid Search,Tablet,Returning,14,3073.32,2025-01-06
932288,2021-10-30,male,74,New York,USA,Social Media,Mobile,Loyal,3,5076.24,2022-09-02
131936,2023-06-11,FEMALE,21,New York,USA,Paid Search, Desktop,At Risk,2,9436.51,2023-12-05
115918,2023-12-26,Male,20,New York,USA,Email, Desktop,At Risk,15,7508.97,2024-12-02
506083,2021-07-06,Female,60,Istanbul,Türkiye,Social Media,Desktop,VIP,25,9015.04,2022-09-17
252230,2025-04-26,Female,83,Berlin,Germany,Referral,Mobile,Returning,19,2804.93,2026-06-26
797105,2025-09-15,Female,18,Rome,Italy,Paid Search,Tablet,Returning,2,9651.53,2026-04-23
668931,2023-06-20,Prefer not to say,45,New York,USA,Direct,mobile,Loyal,3,3664.84,2023-12-30
159894,2022-05-23,Male,25,Toronto,Canada,Email, Desktop,Loyal,22,1900.57,2023-03-02
692177,2021-12-24,FEMALE,40,Toronto,Canada,Social Media,Desktop,New,22,3958.79,2022-04-12
497923,2025-09-16,Male,72,Toronto,Canada,Direct, Desktop,VIP,7,4031.97,2026-06-17
366515,2021-09-29,male,78,London,UK,Referral,mobile,VIP,11,8813.78,2022-10-11
236292,2022-01-19,Male,64,Istanbul,Türkiye,Organic Search,Desktop,VIP,20,8571.42,2023-02-28
183381,2025-01-06,Female,34,New York,USA,Direct, Desktop,Loyal,2,5868.89,2025-04-23
585374,2024-09-05,Non-binary,36,Berlin,Germany,Paid Search,Tablet,Loyal,16,3836.93,2025-03-24
783832,2025-04-27,FEMALE,46,Berlin,Germany,Paid Search,Tablet,VIP,7,2290.39,2026-08-21
980783,2023-09-02,,39,Rome,Italy,Referral, Desktop,VIP,19,4671.38,2023-11-20
418139,2021-11-11,Non-binary,55,Madrid,Spain,Organic Search, Desktop,VIP,21,7473.83,2021-12-07
115143,2021-06-18,,54,Madrid,Spain,Referral,mobile,VIP,10,4208.87,2022-05-07
137192,2021-01-14,FEMALE,56,London,UK,Referral,mobile,Returning,16,2953.3,2021-02-01
663064,2021-08-28,Prefer not to say,79,New York,USA,Email,Mobile,New,18,4186.91,2022-07-24
163807,2022-09-20,FEMALE,48,Madrid,Spain,Direct,Desktop,VIP,24,8035.25,2024-01-18
650401,2021-10-20,Non-binary,74,Berlin,Germany,Direct,Tablet,Returning,5,6836.43,2022-09-13
981458,2021-09-01,Male,80,Berlin,Germany,Direct,Desktop,VIP,4,9053.46,2022-03-21
235187,2024-01-28,Prefer not to say,65,Berlin,Germany,Direct,Tablet,Loyal,19,8120.31,2024-08-27
144894,2023-07-09,Prefer not to say,61,Berlin,Germany,Organic Search, Desktop,At Risk,9,1130.26,2024-11-08
386880,2022-05-02,Prefer not to say,19,Paris,France,Referral, Desktop,Returning,10,1885.85,2023-06-24
918721,2025-05-26,Prefer not to say,40,Istanbul,Türkiye,Paid Search,mobile,New,2,888.15,2026-04-29
223141,2023-01-18,Prefer not to say,58,Toronto,Canada,Direct,Desktop,Returning,12,4968.39,2024-01-27
553519,2025-08-03,Prefer not to say,61,London,UK,Referral,mobile,New,22,3534.72,2026-05-05
195459,2023-02-03,Female,32,Madrid,Spain,Email,Desktop,At Risk,23,3051.09,2024-01-24
299345,2023-12-16,,35,Istanbul,Türkiye,Direct,mobile,New,22,497.29,2024-09-30
128964,2024-06-04,FEMALE,66,Berlin,Germany,Social Media,mobile,At Risk,23,8752.06,2024-07-03
623933,2021-12-14,Prefer not to say,87,Berlin,Germany,Email,Desktop,New,2,7466.07,2023-04-15
768480,2021-10-13,male,39,Istanbul,Türkiye,Direct,Tablet,Loyal,14,5907.14,2022-01-31
236641,2023-10-21,Male,81,Madrid,Spain,Paid Search,mobile,VIP,7,4495.05,2024-09-03
880784,2022-12-10,FEMALE,68,Madrid,Spain,Social Media,mobile,At Risk,10,4917.6,2022-12-31
392836,2022-04-10,Female,51,Rome,Italy,Paid Search,Desktop,At Risk,5,4876.81,2022-11-25
820131,2021-09-21,,54,Berlin,Germany,Social Media, Desktop,Returning,9,8330.35,2022-11-12
956831,2024-07-21,,71,London,UK,Direct,Tablet,Loyal,9,6893.45,2025-06-30
986699,2024-12-04,Non-binary,54,Madrid,Spain,Organic Search, Desktop,At Risk,3,4836.63,2026-03-24
301249,2022-11-24,Prefer not to say,82,Berlin,Germany,Paid Search, Desktop,Loyal,24,5251.05,2023-11-20
795222,2021-09-19,FEMALE,51,Berlin,Germany,Paid Search,Mobile,Returning,8,36.95,2021-10-21
569252,2024-04-05,male,24,London,UK,Paid Search, Desktop,Returning,20,2684.98,2025-05-12
508632,2025-05-25,Non-binary,48,New York,USA,Referral, Desktop,New,15,3079.24,2025-08-07
445825,2022-03-06,Female,59,Istanbul,Türkiye,Email,Tablet,VIP,2,7638.17,2022-04-25
761717,2021-09-17,,27,Rome,Italy,Paid Search,Tablet,New,20,5454.93,2021-12-14
380990,2022-10-25,Prefer not to say,35,Berlin,Germany,Referral,Mobile,Loyal,7,1878.07,2024-02-05
372464,2023-02-09,Male,35,Rome,Italy,Referral,Desktop,New,17,3020.52,2023-05-24
772769,2024-04-26,FEMALE,82,New York,USA,Organic Search, Desktop,At Risk,24,5939.21,2024-08-14
766483,2023-03-27,male,77,Berlin,Germany,Direct,Tablet,VIP,21,7021.07,2023-10-07
354900,2021-04-09,FEMALE,69,London,UK,Referral,Mobile,Returning,23,2076.36,2021-09-17
357347,2021-02-19,Female,18,New York,USA,Direct,Mobile,New,21,547.39,2022-03-06
163107,2025-10-10,Prefer not to say,41,Madrid,Spain,Email,mobile,Returning,9,9866.0,2026-08-01
716484,2024-11-22,Female,81,Rome,Italy,Direct,Desktop,VIP,6,4585.16,2025-11-07
926240,2021-04-08,,52,Rome,Italy,Referral,Desktop,Returning,13,9745.69,2022-05-18
719179,2025-03-24,Non-binary,79,London,UK,Social Media,mobile,VIP,6,5542.91,2026-06-11
283790,2021-12-29,male,57,Berlin,Germany,Paid Search,Desktop,New,2,6451.37,2022-08-12
466597,2025-05-25,Female,64,New York,USA,Referral,Desktop,New,14,3639.92,2026-09-22
549287,2024-03-15,Male,55,Berlin,Germany,Paid Search, Desktop,New,20,1615.08,2025-04-23
734758,2024-12-17,Prefer not to say,74,Istanbul,Türkiye,Organic Search, Desktop,VIP,1,4224.12,2026-04-07
831965,2023-11-02,,50,Berlin,Germany,Referral,Desktop,VIP,10,1378.56,2024-11-07
687472,2024-01-02,Prefer not to say,78,New York,USA,Referral,Desktop,VIP,25,4619.96,2025-01-03
769391,2022-11-24,FEMALE,36,Rome,Italy,Social Media,Desktop,New,3,7997.73,2023-10-06
647536,2022-04-24,FEMALE,54,Paris,France,Social Media,Mobile,Loyal,1,8590.16,2022-09-08
163758,2021-05-20,Female,57,Istanbul,Türkiye,Referral,Desktop,New,16,6488.52,2022-01-05
470385,2021-08-23,Male,37,London,UK,Social Media,Mobile,VIP,19,1427.22,2022-08-15
673493,2021-02-04,Male,59,Toronto,Canada,Social Media,Desktop,Loyal,21,8940.65,2021-10-21
532694,2022-06-15,Female,61,Rome,Italy,Social Media,Mobile,New,15,1662.56,2023-07-16
664232,2022-06-19,Male,86,Istanbul,Türkiye,Direct,Tablet,VIP,11,9391.98,2023-09-24
309052,2022-07-20,Female,55,New York,USA,Referral,Desktop,VIP,22,7264.72,2023-10-13
846217,2024-07-04,Prefer not to say,20,Toronto,Canada,Organic Search, Desktop,Loyal,8,6393.88,2025-10-17
662461,2022-06-24,Prefer not to say,75,Paris,France,Organic Search,mobile,VIP,24,9336.92,2022-10-07
544721,2022-07-29,Male,22,Paris,France,Direct,Desktop,Loyal,11,3303.44,2023-09-06
794561,2023-04-16,male,18,Madrid,Spain,Direct,Mobile,New,4,6545.59,2023-09-12
173488,2025-02-14,male,31,Madrid,Spain,Email, Desktop,VIP,3,927.49,2025-10-13
848207,2024-07-28,Female,64,Istanbul,Türkiye,Paid Search, Desktop,At Risk,19,6198.63,2024-09-25
380069,2025-05-05,male,22,Paris,France,Direct,Desktop,New,4,5076.27,2026-03-30
879388,2022-05-02,Female,79,Madrid,Spain,Direct, Desktop,New,10,7181.85,2022-07-12
740326,2021-01-03,FEMALE,42,Madrid,Spain,Organic Search,mobile,New,0,7028.45,2021-04-18
856144,2024-10-10,,55,Madrid,Spain,Organic Search,Desktop,VIP,0,8714.45,2025-05-04
888747,2025-04-01,FEMALE,58,London,UK,Paid Search,Desktop,Returning,13,1446.05,2026-02-05
175795,2025-08-07,,34,Rome,Italy,Organic Search,Mobile,At Risk,4,5682.14,2026-03-22
363801,2025-04-16,Prefer not to say,28,Rome,Italy,Referral,Tablet,New,1,2715.25,2026-07-16
201258,2021-09-30,Prefer not to say,52,Madrid,Spain,Paid Search,Tablet,Returning,7,4410.33,2022-07-01
258345,2023-05-23,male,86,Istanbul,Türkiye,Direct,mobile,At Risk,12,6843.69,2024-05-21
161560,2022-05-16,Male,49,New York,USA,Direct,Mobile,New,0,42.64,2023-08-16
313224,2023-03-08,Male,64,Paris,France,Organic Search, Desktop,Loyal,19,8364.12,2024-05-06
996080,2024-06-20,FEMALE,42,London,UK,Referral, Desktop,At Risk,17,3683.47,2024-08-28
548897,2021-07-12,Non-binary,61,London,UK,Organic Search,Desktop,New,1,5654.37,2022-03-14
993559,2024-02-15,Male,87,Madrid,Spain,Paid Search, Desktop,New,13,5438.13,2025-06-14
147087,2023-11-12,FEMALE,59,Paris,France,Referral,mobile,At Risk,12,1079.04,2024-04-18
155376,2025-06-30,Male,84,New York,USA,Social Media,Mobile,Returning,11,4418.04,2026-03-21
768071,2021-01-19,Female,66,Toronto,Canada,Organic Search,Tablet,New,19,8951.01,2022-02-13
195649,2021-07-26,Male,74,Berlin,Germany,Social Media, Desktop,Loyal,20,915.85,2021-12-29
952550,2023-02-16,FEMALE,86,Toronto,Canada,Paid Search,Tablet,Returning,12,3032.06,2024-03-19
637751,2024-08-17,Female,48,Rome,Italy,Email,Tablet,New,12,4384.97,2025-06-07
591957,2025-05-19,Female,77,Paris,France,Referral,mobile,At Risk,14,5999.16,2025-09-23
625470,2022-02-07,Male,34,Rome,Italy,Paid Search,Desktop,At Risk,1,1039.1,2023-03-05
488238,2024-10-15,FEMALE,46,London,UK,Direct, Desktop,VIP,6,9300.46,2025-09-15
204104,2022-03-02,male,65,Rome,Italy,Social Media,Tablet,New,16,565.67,2023-06-28
427876,2023-04-16,FEMALE,21,Paris,France,Organic Search, Desktop,At Risk,14,4355.04,2023-11-16
142066,2024-07-15,FEMALE,26,Madrid,Spain,Referral, Desktop,Returning,1,1351.88,2024-10-28
232777,2022-03-29,male,31,Paris,France,Referral,Desktop,VIP,18,6034.32,2023-06-01
657281,2023-05-30,male,51,Berlin,Germany,Direct,Mobile,VIP,12,1199.88,2024-05-13
134798,2025-03-20,FEMALE,49,Berlin,Germany,Direct,Tablet,At Risk,23,6679.23,2025-04-05
564885,2024-12-24,Non-binary,36,Toronto,Canada,Referral,Tablet,Loyal,20,7167.29,2025-09-12
796523,2024-07-18,FEMALE,50,Berlin,Germany,Email,Mobile,At Risk,14,4044.64,2025-07-19
234430,2021-11-08,male,61,Berlin,Germany,Social Media, Desktop,At Risk,13,822.03,2022-06-18
514384,2025-08-13,Female,18,London,UK,Paid Search,Mobile,Returning,5,5330.21,2026-09-15
900485,2024-06-07,Non-binary,24,Madrid,Spain,Paid Search,Tablet,VIP,16,6771.77,2025-09-21
842022,2024-03-30,,61,Berlin,Germany,Social Media,Mobile,VIP,18,2924.31,2024-11-30
567752,2022-08-27,Female,26,Berlin,Germany,Email,Tablet,VIP,18,6437.17,2023-04-15
125815,2021-03-22,Male,41,Rome,Italy,Paid Search,Desktop,New,8,8444.87,2021-12-10
872407,2023-03-25,Non-binary,75,New York,USA,Referral,mobile,Returning,14,595.82,2023-11-03
649988,2022-08-07,Non-binary,23,Paris,France,Email,Desktop,At Risk,22,2325.29,2022-12-20
383104,2025-09-07,male,61,London,UK,Email,Mobile,Returning,4,8765.22,2025-11-13
194766,2024-07-07,Non-binary,56,London,UK,Social Media, Desktop,At Risk,6,6857.51,2025-03-23
362152,2023-04-06,male,32,Rome,Italy,Social Media,Desktop,Returning,2,6795.52,2024-06-25
939273,2024-05-27,male,74,Istanbul,Türkiye,Social Media,Desktop,New,1,6600.01,2025-01-10
441221,2021-12-22,,79,Madrid,Spain,Social Media,Tablet,Loyal,22,6077.09,2022-08-28
189952,2024-12-20,FEMALE,20,New York,USA,Email,Tablet,Returning,25,5080.98,2026-04-21
416501,2022-10-15,Female,20,Istanbul,Türkiye,Direct,Tablet,Loyal,25,3903.95,2023-04-12
135854,2022-10-10,Female,73,Berlin,Germany,Paid Search, Desktop,New,23,4402.16,2024-02-03
502900,2021-09-20,FEMALE,60,Paris,France,Direct,Mobile,Returning,17,6033.72,2021-09-30
160987,2022-01-05,Non-binary,50,London,UK,Referral,mobile,VIP,11,746.54,2022-11-16
868193,2024-03-30,,64,Madrid,Spain,Direct,Mobile,Returning,2,2997.06,2025-08-08
373685,2021-08-09,Prefer not to say,80,Rome,Italy,Social Media,mobile,Returning,7,6555.34,2022-11-14
428421,2024-12-10,Female,48,Toronto,Canada,Organic Search, Desktop,Returning,20,5968.28,2026-04-02
870935,2022-05-15,FEMALE,82,Berlin,Germany,Social Media,Mobile,VIP,2,184.04,2022-08-23
236320,2024-01-30,male,63,London,UK,Organic Search,Tablet,Returning,17,1023.94,2025-01-26
372944,2022-01-29,Non-binary,68,Madrid,Spain,Email,mobile,Returning,14,8224.9,2023-03-29
933169,2023-11-11,FEMALE,34,London,UK,Organic Search,mobile,Returning,13,3997.94,2024-04-01
498650,2021-07-20,Female,60,Istanbul,Türkiye,Paid Search, Desktop,New,7,1206.64,2021-10-25
946116,2022-08-06,Male,28,Rome,Italy,Paid Search,Desktop,VIP,16,166.21,2023-02-10
222826,2022-08-03,Prefer not to say,36,London,UK,Email,mobile,New,17,1982.61,2022-12-18
997434,2023-11-11,Non-binary,76,Berlin,Germany,Email,Desktop,New,18,1268.75,2024-10-21
810716,2024-07-31,Non-binary,43,Madrid,Spain,Email,mobile,Returning,25,5418.75,2025-05-14
418499,2025-01-02,,49,London,UK,Organic Search,Desktop,Returning,21,1331.19,2026-04-05
198627,2023-07-07,male,84,Paris,France,Email, Desktop,Returning,16,2023.56,2024-05-27
545466,2025-03-18,Female,39,Istanbul,Türkiye,Social Media,mobile,VIP,24,271.21,2025-08-08
982257,2022-08-31,,53,New York,USA,Direct,Mobile,At Risk,21,3711.81,2023-05-26
357310,2021-08-21,FEMALE,62,Toronto,Canada,Referral,mobile,New,21,6481.61,2022-04-07
627160,2022-11-06,,38,Madrid,Spain,Referral,Desktop,Returning,0,5153.81,2023-09-29
684242,2023-06-24,male,21,Paris,France,Paid Search,mobile,New,19,1020.77,2024-07-05
315389,2022-06-04,,66,Paris,France,Organic Search,mobile,Loyal,13,8625.52,2023-07-24
446142,2023-08-29,Prefer not to say,66,Istanbul,Türkiye,Organic Search,mobile,Returning,11,2120.71,2024-11-25
455114,2023-02-11,male,31,New York,USA,Paid Search,Desktop,New,2,7473.09,2023-08-26
634060,2023-05-25,Non-binary,69,Berlin,Germany,Referral,Desktop,At Risk,22,9260.22,2023-06-16
921686,2021-11-11,Female,67,Toronto,Canada,Email, Desktop,VIP,8,550.99,2022-12-11
510089,2023-02-19,Prefer not to say,66,Istanbul,Türkiye,Email,Tablet,New,19,7066.26,2024-04-17
712515,2021-08-11,Non-binary,40,London,UK,Organic Search,Desktop,Loyal,0,8624.83,2022-08-16
604524,2023-10-07,Non-binary,80,Madrid,Spain,Social Media,Tablet,Returning,10,8725.51,2025-01-03
209773,2023-04-02,,23,London,UK,Referral,mobile,At Risk,9,2133.0,2023-09-03
236024,2021-04-09,Non-binary,70,Berlin,Germany,Paid Search,Tablet,New,20,9982.77,2022-06-19
784274,2024-02-23,Prefer not to say,76,Toronto,Canada,Social Media,Mobile,At Risk,25,5677.5,2024-03-21
954255,2021-01-09,Female,32,Rome,Italy,Social Media, Desktop,At Risk,11,8324.37,2021-05-04
570403,2022-08-29,Male,65,Berlin,Germany,Organic Search,mobile,At Risk,16,2653.21,2023-09-13
649187,2024-05-12,Female,49,Berlin,Germany,Email,Mobile,VIP,23,6622.82,2024-08-26
685782,2023-05-09,FEMALE,29,Toronto,Canada,Email, Desktop,New,24,6063.14,2024-05-09
854326,2022-02-01,male,37,New York,USA,Email,Mobile,Returning,22,5878.7,2023-01-24
985004,2023-09-12,Non-binary,72,London,UK,Organic Search,mobile,New,18,734.15,2025-01-12
975336,2024-04-27,Non-binary,37,Istanbul,Türkiye,Direct,Tablet,Returning,0,1268.32,2024-12-01
709603,2023-05-12,Non-binary,29,Rome,Italy,Paid Search,Mobile,New,2,4690.88,2024-08-20
835351,2023-04-11,FEMALE,43,Toronto,Canada,Organic Search,Desktop,New,10,9718.34,2024-04-03
645342,2023-02-25,Prefer not to say,63,New York,USA,Social Media,Desktop,Loyal,19,3864.48,2023-08-09
661637,2022-08-31,Female,23,New York,USA,Organic Search,Desktop,At Risk,25,5052.16,2023-03-06
131738,2023-01-21,male,53,Toronto,Canada,Referral,Mobile,VIP,1,7135.42,2024-02-03
972013,2024-12-05,Female,62,New York,USA,Referral,Desktop,Loyal,1,9158.4,2024-12-08
405477,2024-11-13,male,30,Madrid,Spain,Direct, Desktop,VIP,11,9291.61,2025-04-15
879279,2025-01-07,Prefer not to say,62,New York,USA,Social Media,Desktop,At Risk,19,1966.66,2025-10-11
264659,2025-08-27,FEMALE,20,New York,USA,Paid Search,Desktop,At Risk,0,7451.86,2025-12-26
309688,2024-07-29,Female,76,Madrid,Spain,Paid Search,Desktop,At Risk,8,1672.97,2025-09-10
488342,2025-01-26,Non-binary,71,Paris,France,Paid Search,Desktop,New,0,2272.32,2025-11-04
508146,2021-04-19,Female,42,Istanbul,Türkiye,Email,Mobile,VIP,14,6010.72,2022-03-08
646389,2023-08-14,male,75,Berlin,Germany,Referral,Tablet,Returning,3,1387.14,2024-03-25
439969,2025-01-17,FEMALE,55,Paris,France,Referral,mobile,Returning,19,6065.24,2026-01-13
202110,2023-04-21,Prefer not to say,25,Istanbul,Türkiye,Email,Mobile,VIP,1,7888.19,2023-07-18
529394,2022-03-21,Male,22,Berlin,Germany,Direct,Desktop,Loyal,16,2428.09,2023-05-27
462156,2023-08-08,Non-binary,45,Berlin,Germany,Social Media,Mobile,Loyal,10,600.7,2024-11-22
232505,2021-08-08,Female,67,Madrid,Spain,Email,Mobile,Loyal,15,4782.46,2022-04-08
702832,2024-11-14,Non-binary,49,Paris,France,Social Media,Tablet,New,5,4720.83,2025-09-08
168013,2022-05-30,Male,66,Rome,Italy,Organic Search,Tablet,New,17,9623.3,2022-07-10
145691,2024-02-03,Prefer not to say,43,Istanbul,Türkiye,Email,mobile,New,18,4382.49,2024-03-15
415093,2022-11-28,Female,87,New York,USA,Social Media,Tablet,Returning,1,4594.43,2023-01-13
954535,2021-12-23,Female,42,Madrid,Spain,Email, Desktop,At Risk,7,9906.62,2022-11-25
937774,2022-12-14,Prefer not to say,25,Paris,France,Direct,Mobile,VIP,13,5582.85,2023-08-15
782745,2022-04-24,FEMALE,84,Paris,France,Organic Search,Mobile,Loyal,23,3128.02,2022-04-27
659605,2021-06-05,Non-binary,24,Paris,France,Organic Search,Mobile,New,25,5262.8,2022-07-11
428886,2022-04-19,,32,Toronto,Canada,Referral,Tablet,At Risk,16,8145.12,2022-12-31
537872,2021-12-14,Male,52,Istanbul,Türkiye,Referral,Mobile,Loyal,20,548.39,2023-02-02
412812,2023-08-16,Prefer not to say,80,London,UK,Paid Search,Mobile,New,21,7526.84,2024-07-10
434285,2025-04-28,,68,Berlin,Germany,Direct,mobile,Loyal,20,463.52,2026-07-29
469744,2023-10-07,FEMALE,34,Paris,France,Paid Search,Mobile,Loyal,15,317.31,2023-10-20
385914,2022-04-30,Prefer not to say,40,Rome,Italy,Social Media,Mobile,Loyal,11,8360.81,2023-08-22
441089,2023-01-31,Non-binary,63,Paris,France,Paid Search,Tablet,At Risk,14,1537.76,2023-10-19
885107,2021-01-08,,80,Istanbul,Türkiye,Email,Desktop,At Risk,2,46.77,2021-12-23
884873,2024-03-18,,39,Rome,Italy,Email,mobile,Returning,10,5007.66,2024-09-11
645367,2022-03-09,Male,23,Rome,Italy,Organic Search,Tablet,At Risk,18,3164.08,2023-06-22
625396,2022-12-16,Male,30,Berlin,Germany,Social Media,Mobile,Returning,22,9407.83,2024-03-22
109029,2024-01-09,male,37,New York,USA,Social Media,Tablet,Returning,24,2632.9,2025-01-23
651685,2022-10-12,Non-binary,23,London,UK,Direct,mobile,New,22,8165.25,2023-05-03
227783,2025-09-23,FEMALE,20,Rome,Italy,Direct, Desktop,VIP,4,1694.24,2026-05-23
255982,2021-12-09,Prefer not to say,77,Berlin,Germany,Social Media,Mobile,VIP,11,7409.46,2022-05-16
432514,2025-07-25,Male,31,New York,USA,Email,mobile,Returning,6,1103.09,2026-01-13
862111,2023-12-26,Prefer not to say,50,Paris,France,Email, Desktop,At Risk,10,7612.37,2024-01-23
441387,2021-07-24,Female,68,Madrid,Spain,Email,Mobile,New,8,7294.85,2022-05-01
922824,2022-11-11,Female,61,London,UK,Direct,Tablet,At Risk,15,2808.85,2023-07-29
443476,2025-09-28,,50,Berlin,Germany,Direct,Desktop,New,6,6910.34,2026-08-20
700949,2024-10-26,Non-binary,80,Istanbul,Türkiye,Direct,Desktop,Returning,0,9604.77,2025-01-11
172190,2024-05-20,Male,81,Berlin,Germany,Paid Search, Desktop,Returning,0,5596.85,2025-09-25
573761,2025-11-01,Non-binary,47,Toronto,Canada,Organic Search,Mobile,VIP,14,4774.13,2026-07-31
393194,2023-05-30,Male,34,Paris,France,Direct,Mobile,VIP,14,2852.6,2023-09-15
602999,2022-08-28,Non-binary,36,Toronto,Canada,Email,Tablet,New,24,1875.67,2023-07-28
576202,2021-03-23,FEMALE,31,New York,USA,Email,Tablet,VIP,20,5637.58,2021-12-14
481855,2021-11-23,,72,London,UK,Referral,Desktop,VIP,23,9411.89,2022-07-29
877663,2023-03-12,Non-binary,61,Berlin,Germany,Direct,mobile,Loyal,7,2209.94,2023-10-13
499012,2024-03-30,Female,26,Rome,Italy,Email,Desktop,At Risk,25,3076.32,2024-08-01
955249,2024-02-27,FEMALE,47,Rome,Italy,Paid Search,Mobile,Returning,13,1623.89,2025-05-10
181967,2024-04-22,Prefer not to say,77,Istanbul,Türkiye,Paid Search,Desktop,At Risk,10,6247.47,2025-07-20
707091,2024-11-08,male,42,Istanbul,Türkiye,Email,Desktop,New,9,3201.5,2025-12-07
940294,2024-08-27,,42,Berlin,Germany,Direct,Desktop,Loyal,5,4809.79,2025-01-26
158825,2025-05-16,Prefer not to say,26,New York,USA,Social Media, Desktop,Returning,23,4984.7,2026-07-25
241118,2021-08-31,Non-binary,64,New York,USA,Direct,mobile,Loyal,15,7139.21,2022-02-02
151093,2021-10-19,male,62,New York,USA,Direct,Desktop,VIP,9,1708.88,2022-03-02
649151,2025-04-23,Prefer not to say,28,Madrid,Spain,Email,mobile,New,19,5570.82,2026-03-27
616080,2021-12-26,male,80,London,UK,Email,Mobile,At Risk,2,6401.61,2022-08-15
703564,2024-12-26,Prefer not to say,65,Paris,France,Direct,Mobile,Loyal,11,6998.31,2025-02-07
994539,2021-06-16,FEMALE,24,Paris,France,Organic Search, Desktop,New,5,8438.04,2022-03-07
364155,2022-03-08,Prefer not to say,31,New York,USA,Paid Search,mobile,At Risk,14,5299.6,2023-06-23
922029,2022-05-04,Male,77,London,UK,Email, Desktop,Returning,25,3191.09,2022-11-02
357283,2025-04-09,male,53,Madrid,Spain,Direct,Tablet,At Risk,25,7039.46,2026-04-12
837061,2023-10-16,,59,Paris,France,Direct, Desktop,Loyal,15,1628.41,2024-02-07
701656,2023-09-30,Prefer not to say,59,Toronto,Canada,Organic Search,Desktop,Loyal,13,6988.44,2024-07-21
882918,2021-04-30,Female,62,New York,USA,Referral,Desktop,New,25,4311.25,2022-02-16
455099,2024-06-30,Female,48,Toronto,Canada,Referral,Desktop,At Risk,23,9037.89,2025-07-03
479141,2024-08-26,Female,20,London,UK,Paid Search,Desktop,Loyal,7,9632.17,2025-05-05
935621,2024-08-31,Female,51,New York,USA,Paid Search,Desktop,New,15,6782.85,2025-10-14
774759,2022-07-05,FEMALE,79,Toronto,Canada,Email, Desktop,New,4,7060.26,2023-09-07
488114,2022-11-16,Male,29,New York,USA,Social Media,Mobile,At Risk,11,7219.66,2023-09-11
522130,2025-10-24,Non-binary,88,London,UK,Paid Search,Desktop,Loyal,0,8016.85,2026-08-28
422319,2023-06-26,Male,24,Rome,Italy,Paid Search, Desktop,VIP,3,7326.57,2023-12-30
587138,2024-07-25,,75,New York,USA,Email,mobile,Returning,11,8470.22,2025-07-03
727322,2025-07-12,Female,68,New York,USA,Referral,Mobile,VIP,12,8969.95,2025-08-11
456989,2023-11-16,,77,Istanbul,Türkiye,Direct,Mobile,Loyal,13,2869.56,2023-11-17
657977,2023-05-19,Non-binary,21,Madrid,Spain,Referral,Mobile,Returning,23,3632.33,2023-11-26
632196,2021-06-25,Non-binary,47,London,UK,Referral,mobile,New,10,3331.46,2022-01-28
275948,2023-10-26,Female,25,Madrid,Spain,Social Media,Tablet,Returning,24,2769.95,2024-07-20
130484,2023-12-13,FEMALE,62,Paris,France,Organic Search,Tablet,New,10,5221.2,2024-09-21
255561,2024-06-04,Female,67,Madrid,Spain,Direct,mobile,Returning,13,685.37,2025-01-03
362275,2023-11-23,,47,Berlin,Germany,Organic Search, Desktop,New,16,8112.22,2024-11-09
820625,2021-05-11,Prefer not to say,73,Paris,France,Direct,Desktop,Returning,25,8314.78,2021-11-17
331873,2024-08-25,Non-binary,61,Istanbul,Türkiye,Email,Mobile,New,6,6215.66,2024-12-03
690112,2024-11-23,Non-binary,48,London,UK,Paid Search,Tablet,Loyal,9,1784.12,2025-03-04
239887,2022-11-30,,47,Toronto,Canada,Social Media,Mobile,At Risk,18,4650.85,2023-03-18
218238,2024-07-07,male,68,London,UK,Organic Search, Desktop,New,10,5775.46,2025-01-30
293567,2023-03-20,FEMALE,56,New York,USA,Social Media,mobile,VIP,22,3820.42,2024-02-29
903549,2025-11-21,Female,24,Toronto,Canada,Direct,Tablet,Returning,19,1962.48,2025-12-03
531078,2022-01-16,Prefer not to say,20,Berlin,Germany,Referral,mobile,At Risk,19,4202.16,2023-01-18
863321,2022-01-14,Female,85,Toronto,Canada,Email,Desktop,Loyal,1,4752.34,2022-06-21
749807,2021-06-13,Female,34,New York,USA,Referral,Desktop,Returning,14,6073.96,2022-07-27
152538,2022-06-16,male,84,Toronto,Canada,Social Media,Tablet,Returning,6,9999.9,2023-08-15
951158,2021-07-04,male,68,London,UK,Paid Search,Desktop,Loyal,6,2740.93,2022-04-29
204042,2023-12-26,Non-binary,74,Paris,France,Paid Search, Desktop,At Risk,2,3874.49,2024-05-23
672216,2023-04-26,FEMALE,76,Berlin,Germany,Referral, Desktop,At Risk,12,6652.14,2023-09-28
814412,2023-07-12,male,77,Madrid,Spain,Organic Search,mobile,Returning,23,2541.26,2023-12-13
378637,2021-05-09,FEMALE,76,New York,USA,Direct,mobile,Loyal,23,9888.78,2022-01-28
849373,2021-08-24,Prefer not to say,72,Madrid,Spain,Direct, Desktop,VIP,19,9333.2,2022-12-11
212132,2023-09-22,male,74,Paris,France,Email, Desktop,At Risk,19,9094.04,2024-02-06
314270,2021-02-22,FEMALE,81,Madrid,Spain,Social Media,Mobile,VIP,25,4068.41,2022-03-24
374409,2024-12-26,,55,London,UK,Direct,Mobile,At Risk,1,3124.47,2026-02-13
170016,2022-10-17,Prefer not to say,45,Rome,Italy,Email,Tablet,At Risk,16,8179.34,2023-12-09
762847,2023-01-05,male,49,New York,USA,Social Media,Desktop,New,1,3527.12,2023-06-14
698963,2022-10-09,Female,27,Rome,Italy,Referral, Desktop,At Risk,4,1067.04,2023-02-10
651946,2023-09-28,Male,36,Toronto,Canada,Paid Search,Desktop,VIP,3,7294.55,2024-08-26
772170,2025-11-08,male,27,Istanbul,Türkiye,Social Media, Desktop,New,5,968.79,2027-03-02
182309,2021-07-27,Non-binary,54,Istanbul,Türkiye,Referral,Desktop,Loyal,17,3597.75,2022-01-02
996690,2021-09-14,FEMALE,36,New York,USA,Email,mobile,Returning,19,3643.43,2022-03-21
176348,2023-09-03,Female,51,Paris,France,Social Media,Desktop,At Risk,22,8131.94,2023-11-13
932791,2022-08-02,FEMALE,32,London,UK,Social Media,Desktop,At Risk,22,1886.62,2022-11-01
991947,2024-07-12,male,77,Toronto,Canada,Social Media, Desktop,New,7,9353.84,2024-11-13
327940,2022-02-17,Non-binary,67,New York,USA,Email,Desktop,VIP,12,680.41,2022-08-22
774484,2024-04-20,male,82,Berlin,Germany,Social Media, Desktop,Returning,12,8627.26,2024-11-23
978983,2025-02-03,male,74,Berlin,Germany,Paid Search,Desktop,Loyal,5,3835.12,2025-12-17
281788,2022-09-14,Male,79,London,UK,Social Media,Desktop,VIP,10,9071.26,2023-08-04
636321,2025-08-30,male,69,Paris,France,Email,Mobile,Loyal,17,4875.21,2026-08-31
553079,2022-08-25,Male,68,Rome,Italy,Referral,mobile,At Risk,17,1813.79,2023-02-21
122910,2022-05-08,male,74,Berlin,Germany,Social Media,Desktop,New,4,9083.22,2023-03-20
719036,2025-06-22,Non-binary,25,Berlin,Germany,Email, Desktop,Returning,25,4209.92,2026-08-25
485985,2024-03-05,male,68,Berlin,Germany,Email,mobile,VIP,4,2218.16,2024-09-20
988804,2024-01-11,Prefer not to say,58,New York,USA,Referral, Desktop,New,3,1987.68,2025-01-12
610313,2023-04-13,male,19,Paris,France,Paid Search, Desktop,Loyal,3,4226.17,2024-06-29
844780,2022-02-16,Non-binary,63,Rome,Italy,Email,mobile,VIP,21,6147.55,2023-02-09
946674,2021-11-12,Male,65,Rome,Italy,Social Media,Mobile,VIP,3,3907.8,2022-06-26
397535,2024-11-09,Non-binary,21,Toronto,Canada,Social Media, Desktop,Returning,5,7036.55,2025-08-20
330618,2021-11-17,Female,63,Berlin,Germany,Email,Tablet,New,1,4314.31,2023-01-16
310119,2022-09-07,Prefer not to say,43,Madrid,Spain,Referral,Mobile,At Risk,14,4998.13,2023-12-14
727130,2021-04-22,Non-binary,72,Istanbul,Türkiye,Email,mobile,Loyal,1,437.35,2021-12-13
617593,2022-07-18,Male,78,Rome,Italy,Paid Search, Desktop,Returning,25,9132.32,2023-11-21
346647,2023-12-06,Male,80,London,UK,Social Media,mobile,Loyal,16,8222.76,2024-08-01
546110,2023-07-28,Prefer not to say,72,London,UK,Email,Mobile,New,1,1728.01,2024-11-14
574159,2025-09-01,FEMALE,18,Toronto,Canada,Paid Search,Tablet,At Risk,21,5630.71,2025-10-28
808418,2024-04-02,Prefer not to say,53,Rome,Italy,Email,Mobile,At Risk,18,5152.31,2024-04-06
484995,2025-08-08,male,71,New York,USA,Referral, Desktop,At Risk,3,3506.22,2026-07-20
670924,2025-05-31,,51,Toronto,Canada,Social Media,mobile,At Risk,9,2113.68,2026-08-07
297997,2023-05-05,FEMALE,51,Istanbul,Türkiye,Email,Mobile,Returning,11,5386.87,2024-04-24
936932,2023-04-21,male,57,New York,USA,Organic Search,mobile,At Risk,21,584.06,2023-12-22
605579,2024-01-11,Female,66,Madrid,Spain,Organic Search,Tablet,Loyal,13,2991.84,2024-08-11
861075,2022-10-20,Non-binary,39,Madrid,Spain,Paid Search,Mobile,Loyal,18,9841.2,2024-01-09
176224,2025-01-22,Female,61,Istanbul,Türkiye,Direct, Desktop,Returning,11,1065.99,2026-04-17
953574,2021-01-26,Non-binary,86,Toronto,Canada,Email,Mobile,VIP,8,2720.41,2022-01-05
981644,2022-08-05,FEMALE,61,Rome,Italy,Social Media, Desktop,Returning,13,9471.14,2023-01-15
369023,2025-03-06,Female,85,Berlin,Germany,Direct,Desktop,Returning,16,2318.32,2025-04-20
527095,2024-08-14,,34,Istanbul,Türkiye,Referral,Mobile,Loyal,15,1808.11,2025-11-24
311145,2021-02-11,FEMALE,76,Madrid,Spain,Referral, Desktop,New,21,69.05,2021-12-08
108682,2021-10-14,Prefer not to say,49,Istanbul,Türkiye,Paid Search,Mobile,Loyal,4,8632.3,2022-02-04
883058,2023-01-04,Non-binary,73,Istanbul,Türkiye,Email,Mobile,At Risk,16,8766.52,2023-08-08
657830,2024-05-08,male,63,Berlin,Germany,Referral,Mobile,VIP,23,3454.16,2024-12-11
907752,2023-12-07,FEMALE,41,Paris,France,Email,Tablet,Loyal,13,5594.36,2023-12-31
499210,2023-05-27,FEMALE,68,New York,USA,Organic Search, Desktop,Loyal,11,273.64,2024-03-03
639265,2022-02-27,,53,Berlin,Germany,Referral,Mobile,Loyal,20,5874.84,2022-05-06
610736,2022-11-20,Non-binary,27,Istanbul,Türkiye,Email,Tablet,VIP,6,1322.21,2023-11-04
180124,2024-02-19,Male,27,Madrid,Spain,Email, Desktop,At Risk,22,2019.24,2024-03-22
523355,2021-01-22,Male,67,Istanbul,Türkiye,Paid Search,Tablet,Returning,4,7221.99,2022-01-30
745759,2022-11-03,Female,40,Madrid,Spain,Organic Search,Desktop,New,16,7766.69,2023-04-14
634845,2023-09-18,,62,Toronto,Canada,Direct,Mobile,New,20,3959.84,2024-11-23
934909,2025-01-01,Prefer not to say,35,Istanbul,Türkiye,Organic Search, Desktop,Loyal,18,3550.39,2026-02-14
706371,2025-06-08,Prefer not to say,50,New York,USA,Referral,Mobile,New,15,9086.38,2026-05-05
712995,2022-08-20,Non-binary,46,Toronto,Canada,Social Media, Desktop,At Risk,19,3307.78,2023-02-05
546270,2021-05-20,Male,27,London,UK,Email, Desktop,Loyal,15,5553.52,2022-05-14
142067,2024-05-02,FEMALE,31,New York,USA,Direct,Mobile,Loyal,23,9031.66,2024-07-31
468916,2022-09-05,Female,50,Istanbul,Türkiye,Direct, Desktop,Returning,6,1302.45,2023-05-21
992486,2024-03-08,Non-binary,75,Madrid,Spain,Direct,Mobile,Returning,13,6754.61,2024-03-08
580723,2022-06-28,male,46,Paris,France,Email,Desktop,VIP,19,1934.32,2022-08-23
106712,2022-09-16,Prefer not to say,26,Paris,France,Paid Search, Desktop,VIP,13,6334.2,2023-07-28
298978,2024-04-22,,48,Madrid,Spain,Email,Mobile,Loyal,25,5069.79,2024-09-08
413895,2025-07-25,FEMALE,35,Rome,Italy,Organic Search,Desktop,Loyal,10,8735.81,2026-12-03
829804,2021-11-23,Male,29,Istanbul,Türkiye,Direct,Tablet,VIP,21,4757.17,2022-02-11
824916,2025-10-25,,67,London,UK,Organic Search,mobile,New,3,7584.77,2026-01-24
773268,2022-09-16,male,50,Paris,France,Paid Search,Desktop,VIP,15,8253.85,2023-06-22
105774,2024-11-27,Male,39,Toronto,Canada,Email,Desktop,Loyal,3,606.72,2025-03-05
667041,2025-08-04,Non-binary,59,New York,USA,Paid Search,Mobile,Loyal,11,5890.7,2026-05-22
225875,2025-01-23,Non-binary,20,Rome,Italy,Organic Search,Mobile,Returning,17,648.35,2025-10-23
961787,2021-08-28,Male,70,Rome,Italy,Direct, Desktop,VIP,14,3637.82,2021-10-01
417355,2023-06-10,male,63,Paris,France,Email,Desktop,New,23,3922.71,2024-06-13
637386,2024-08-02,Female,79,Istanbul,Türkiye,Paid Search,Mobile,Returning,9,7397.21,2025-06-23
883139,2023-07-11,,86,Toronto,Canada,Referral,Desktop,VIP,22,4684.37,2024-04-02
430880,2024-01-24,Male,52,Paris,France,Organic Search,Mobile,Loyal,24,5211.32,2025-04-25
914291,2025-05-02,,41,Rome,Italy,Direct,mobile,Returning,7,3350.83,2025-12-10
669406,2022-04-19,male,58,Paris,France,Referral,Desktop,Returning,16,8611.66,2023-01-14
776381,2023-07-08,Non-binary,21,Toronto,Canada,Organic Search, Desktop,VIP,5,8415.74,2024-09-26
699752,2021-08-31,Female,51,New York,USA,Social Media,Mobile,New,17,924.58,2022-02-03
678160,2022-09-10,Female,41,Berlin,Germany,Social Media,Desktop,Loyal,21,4597.32,2023-05-27
396229,2021-07-30,,57,New York,USA,Organic Search,Mobile,New,0,1815.02,2021-08-21
651160,2023-09-17,Male,33,Istanbul,Türkiye,Paid Search,Mobile,VIP,1,9831.81,2024-01-31
531422,2021-08-03,FEMALE,49,Toronto,Canada,Referral,Mobile,Returning,18,8205.04,2022-02-16
668370,2022-05-20,Female,69,London,UK,Paid Search, Desktop,At Risk,4,7644.43,2023-06-04
958330,2024-12-13,Non-binary,70,Rome,Italy,Email, Desktop,VIP,13,5088.19,2025-09-18
643020,2024-11-25,Male,42,Berlin,Germany,Organic Search,Mobile,Loyal,25,4141.63,2025-02-14
528134,2022-05-08,Prefer not to say,72,Toronto,Canada,Social Media,mobile,VIP,15,4705.76,2023-08-23
732049,2022-11-02,Prefer not to say,49,Toronto,Canada,Organic Search, Desktop,VIP,4,1268.23,2023-01-19
760566,2021-05-20,,81,Berlin,Germany,Referral,Tablet,Loyal,24,3599.29,2022-08-18
709285,2021-04-09,FEMALE,74,Rome,Italy,Organic Search, Desktop,VIP,25,9573.36,2021-12-12
422709,2021-09-01,Non-binary,35,Istanbul,Türkiye,Organic Search,Mobile,VIP,10,7962.84,2022-02-12
574503,2021-05-06,,59,Berlin,Germany,Email,mobile,Returning,1,3562.8,2021-12-24
416575,2022-05-08,male,73,London,UK,Social Media, Desktop,Loyal,22,2547.14,2022-12-16
237304,2022-02-19,Female,74,Rome,Italy,Paid Search,mobile,At Risk,16,6098.78,2023-05-25
630912,2024-11-18,Male,37,Toronto,Canada,Direct,Desktop,Returning,19,8250.08,2025-03-24
565759,2022-07-15,Male,32,Berlin,Germany,Social Media, Desktop,Returning,8,4440.86,2023-08-26
714746,2025-03-30,Female,68,New York,USA,Social Media,Desktop,Returning,22,3305.92,2025-08-20
247143,2022-10-09,FEMALE,19,Madrid,Spain,Referral,Tablet,Returning,4,9664.11,2023-01-17
676710,2025-09-29,male,36,London,UK,Email, Desktop,Loyal,1,825.8,2025-10-23
910034,2022-05-17,Prefer not to say,82,New York,USA,Paid Search,mobile,New,2,3409.88,2022-12-27
270887,2022-05-29,Prefer not to say,61,London,UK,Organic Search,Desktop,New,0,1009.85,2023-09-22
365021,2021-06-30,,23,New York,USA,Email,Mobile,Loyal,22,6695.48,2022-07-25
767591,2022-04-14,,33,Paris,France,Referral,Desktop,VIP,10,7443.77,2022-06-02
110072,2021-11-03,Prefer not to say,67,New York,USA,Referral,Tablet,At Risk,3,9420.1,2022-02-11
544782,2023-11-23,Non-binary,50,Toronto,Canada,Social Media,Desktop,Returning,11,1721.22,2024-02-12
871893,2022-10-10,Prefer not to say,86,London,UK,Direct,Tablet,Returning,0,4431.52,2023-05-07
793683,2021-09-19,Non-binary,29,Madrid,Spain,Referral,Tablet,Loyal,3,1783.03,2022-03-25
693398,2023-08-01,Female,49,Madrid,Spain,Paid Search,mobile,New,1,6372.91,2024-09-13
138010,2024-12-01,Prefer not to say,57,Berlin,Germany,Email,Tablet,New,4,2404.28,2025-07-13
486256,2021-06-28,Non-binary,49,Berlin,Germany,Organic Search,Mobile,New,5,1150.15,2022-10-07
541312,2021-05-05,male,31,Rome,Italy,Organic Search, Desktop,Returning,22,4951.33,2022-07-30
521673,2021-05-09,Male,49,London,UK,Direct, Desktop,Returning,4,3338.32,2022-07-10
395231,2024-11-25,male,49,Toronto,Canada,Referral,Desktop,New,6,7284.04,2025-01-18
791003,2025-01-07,,50,Berlin,Germany,Paid Search,mobile,Returning,19,4318.29,2025-04-03
887494,2021-05-29,,85,Berlin,Germany,Direct,Mobile,New,5,8661.11,2022-08-23
802206,2025-05-15,male,33,London,UK,Email,mobile,Loyal,10,6580.79,2025-06-27
119221,2024-07-28,,85,Rome,Italy,Organic Search,Mobile,At Risk,7,2894.37,2025-06-25
194871,2022-06-02,,41,Berlin,Germany,Direct,Tablet,New,2,7326.12,2022-12-18
194404,2022-07-01,Male,45,New York,USA,Email,mobile,New,19,1474.12,2023-09-21
987455,2022-10-03,Non-binary,25,New York,USA,Referral,Mobile,At Risk,22,9361.4,2023-10-21
105052,2021-02-05,FEMALE,59,Paris,France,Social Media,Tablet,Loyal,16,2459.53,2022-04-29
502041,2024-08-08,Prefer not to say,68,London,UK,Email,Mobile,At Risk,3,7679.83,2025-11-22
381936,2023-01-12,,67,Madrid,Spain,Direct, Desktop,Loyal,11,2291.67,2023-03-25
586921,2022-06-17,Female,75,Rome,Italy,Paid Search,Tablet,Returning,22,5827.42,2023-09-24
385168,2023-08-13,FEMALE,71,Istanbul,Türkiye,Email, Desktop,VIP,11,8536.64,2023-09-08
934569,2025-07-01,Prefer not to say,67,Toronto,Canada,Social Media,Mobile,Loyal,13,3532.26,2026-08-25
919503,2025-11-02,FEMALE,39,Paris,France,Direct,mobile,At Risk,3,1401.29,2025-12-26
490734,2023-04-03,Non-binary,42,Istanbul,Türkiye,Organic Search,mobile,Loyal,1,1041.05,2024-03-18
766723,2025-10-30,male,74,Toronto,Canada,Social Media,Tablet,Returning,14,7491.04,2026-02-12
885764,2022-07-25,Male,42,Paris,France,Referral, Desktop,New,25,5114.98,2023-02-12
993654,2023-09-30,Female,52,Istanbul,Türkiye,Organic Search,Tablet,Loyal,14,6182.39,2024-04-29
604805,2024-06-01,Prefer not to say,43,Rome,Italy,Organic Search,mobile,Loyal,19,7920.59,2025-07-04
905972,2023-04-26,,47,Rome,Italy,Referral,Desktop,Returning,20,7510.57,2023-10-26
452889,2024-12-25,Prefer not to say,28,Toronto,Canada,Paid Search,Mobile,VIP,16,4300.93,2025-12-07
507328,2024-08-10,male,75,Paris,France,Direct,mobile,Returning,15,718.85,2025-10-09
578306,2023-08-19,Prefer not to say,73,Istanbul,Türkiye,Direct, Desktop,VIP,9,2812.19,2024-04-22
942562,2023-07-23,Male,52,Istanbul,Türkiye,Organic Search,Tablet,Loyal,22,7279.45,2024-05-08
222169,2022-06-05,Prefer not to say,42,Istanbul,Türkiye,Organic Search,Tablet,VIP,18,6457.6,2023-02-12
607221,2021-10-17,,86,Paris,France,Direct,Tablet,Loyal,6,5684.81,2021-12-03
471716,2021-02-19,Female,62,London,UK,Social Media,Desktop,VIP,20,4519.53,2022-06-10
251723,2021-05-24,Female,42,Istanbul,Türkiye,Direct,Mobile,At Risk,23,6947.45,2022-06-11
535362,2023-08-13,Male,34,Istanbul,Türkiye,Paid Search,Desktop,New,16,3780.38,2024-05-22
255462,2024-03-18,Non-binary,39,Toronto,Canada,Direct, Desktop,Loyal,21,4115.45,2025-06-15
119045,2025-10-14,Non-binary,29,Berlin,Germany,Direct,Tablet,Returning,13,1200.33,2026-09-13
280432,2024-08-14,FEMALE,46,Rome,Italy,Email,Mobile,New,2,3541.71,2025-04-14
953596,2023-10-01,Female,68,Madrid,Spain,Social Media,Tablet,At Risk,5,7327.11,2024-01-20
372874,2022-02-28,Male,84,New York,USA,Referral,Desktop,At Risk,17,6641.05,2022-10-18
485630,2024-06-22,Non-binary,60,Rome,Italy,Social Media,mobile,Returning,5,5853.59,2024-10-22
999556,2023-07-25,male,63,London,UK,Social Media,Mobile,Loyal,18,6359.97,2023-08-01
233293,2025-04-24,FEMALE,22,New York,USA,Email,Desktop,Returning,24,4969.62,2026-06-20
718216,2022-01-12,FEMALE,40,Istanbul,Türkiye,Paid Search,Desktop,Returning,12,4459.69,2022-08-02
924345,2023-12-03,Prefer not to say,76,Madrid,Spain,Email,Desktop,Loyal,12,1334.29,2024-03-12
401093,2023-07-18,Female,55,Istanbul,Türkiye,Direct,mobile,At Risk,18,7465.7,2024-06-04
532968,2022-05-15,Non-binary,18,Berlin,Germany,Social Media,mobile,Loyal,9,1043.59,2022-07-19
370449,2022-09-13,Non-binary,85,Berlin,Germany,Referral,Mobile,New,8,2071.6,2022-10-16
638746,2021-06-14,Prefer not to say,73,Madrid,Spain,Organic Search,Desktop,Loyal,10,5685.02,2022-04-14
401231,2021-02-17,,42,Istanbul,Türkiye,Paid Search,mobile,VIP,9,8244.28,2021-08-19
875442,2021-04-16,male,83,Madrid,Spain,Organic Search,Mobile,New,2,1265.33,2021-08-28
541192,2023-04-08,Non-binary,57,Madrid,Spain,Referral,Mobile,Returning,11,4329.6,2023-10-03
824902,2021-12-20,Male,33,London,UK,Paid Search,Mobile,At Risk,14,1901.39,2022-05-16
386969,2022-05-31,FEMALE,37,London,UK,Referral,Desktop,Returning,12,9191.37,2023-06-26
554560,2025-04-10,male,79,Rome,Italy,Organic Search,Mobile,Loyal,3,4051.64,2025-11-03
452220,2024-02-11,FEMALE,44,New York,USA,Social Media,Mobile,Loyal,23,6343.53,2025-04-25
914741,2023-08-01,Male,50,New York,USA,Social Media,Mobile,VIP,6,3913.4,2023-08-08
609392,2021-11-12,Prefer not to say,81,London,UK,Social Media,Tablet,VIP,15,7981.2,2022-06-15
325930,2021-05-31,Female,29,Berlin,Germany,Paid Search, Desktop,At Risk,16,3489.9,2021-09-09
850219,2021-08-10,Female,78,Toronto,Canada,Email,Desktop,Returning,4,1316.42,2021-10-15
969920,2025-06-07,Female,22,Rome,Italy,Organic Search,Desktop,New,4,2243.97,2026-09-15
615245,2023-08-30,male,72,Paris,France,Organic Search,Desktop,Loyal,15,5182.99,2024-10-08
521427,2024-02-02,male,85,Istanbul,Türkiye,Organic Search,Desktop,At Risk,4,3656.36,2024-12-26
850969,2022-04-14,male,87,New York,USA,Paid Search,mobile,At Risk,6,817.96,2022-11-07
545773,2022-04-14,,48,Toronto,Canada,Direct,Mobile,New,6,9384.8,2023-01-17
195815,2024-07-18,Female,82,Madrid,Spain,Referral,Tablet,Returning,21,259.02,2024-07-20
167571,2024-07-07,Male,51,Rome,Italy,Paid Search,mobile,Loyal,16,8562.82,2025-11-09
235759,2021-10-18,Female,59,Paris,France,Paid Search,mobile,VIP,10,5986.48,2023-02-01
316153,2024-12-17,male,60,London,UK,Direct, Desktop,At Risk,15,3167.86,2026-01-18
256870,2025-03-22,FEMALE,62,London,UK,Email,Desktop,Loyal,22,5900.77,2026-01-10
340363,2023-06-18,Female,63,Paris,France,Social Media, Desktop,Returning,18,3484.58,2024-01-11
865633,2024-07-04,Non-binary,61,Rome,Italy,Organic Search,Tablet,Loyal,24,4058.43,2024-11-24
127405,2025-11-29,Female,47,New York,USA,Referral,Desktop,VIP,10,4191.57,2026-12-13
208281,2022-07-10,Prefer not to say,82,Istanbul,Türkiye,Email,Desktop,Returning,14,9071.03,2022-07-23
365524,2024-07-25,Female,28,Madrid,Spain,Organic Search, Desktop,VIP,12,3368.1,2025-01-08
263276,2021-11-30,male,19,London,UK,Social Media,Tablet,At Risk,9,1125.34,2022-05-25
603093,2023-04-21,FEMALE,29,New York,USA,Direct,mobile,New,7,113.85,2023-12-20
912335,2025-03-04,Female,47,London,UK,Direct,Mobile,Returning,21,6607.57,2025-06-07
203759,2024-08-25,,64,Istanbul,Türkiye,Social Media,Tablet,At Risk,21,6086.34,2024-11-02
518518,2022-12-24,Non-binary,50,Toronto,Canada,Organic Search,Desktop,At Risk,15,399.41,2023-11-27
781218,2021-09-29,,83,New York,USA,Paid Search,Tablet,At Risk,13,4307.77,2022-02-03
858650,2023-06-14,Female,72,London,UK,Paid Search, Desktop,At Risk,15,6191.0,2023-08-16
296539,2023-10-14,Prefer not to say,69,Istanbul,Türkiye,Social Media,mobile,Loyal,9,5109.53,2024-11-15
974892,2024-05-06,FEMALE,60,Istanbul,Türkiye,Email,Mobile,New,16,4965.19,2024-11-09
103141,2023-07-26,Female,43,New York,USA,Paid Search,Mobile,At Risk,11,5424.94,2023-09-19
193493,2025-07-07,Male,44,Istanbul,Türkiye,Referral,Desktop,Loyal,14,4540.92,2025-11-19
548461,2021-08-30,Male,64,Berlin,Germany,Organic Search,Mobile,New,19,9668.37,2022-03-16
741615,2023-09-24,Non-binary,74,New York,USA,Paid Search,Tablet,VIP,3,7024.55,2024-07-13
153343,2025-10-01,Prefer not to say,31,Paris,France,Email, Desktop,Returning,10,8194.45,2026-05-22
676293,2025-09-19,male,64,London,UK,Email,Desktop,At Risk,9,1019.79,2026-11-13
328880,2021-05-23,male,78,Paris,France,Email,mobile,Returning,0,3823.72,2021-10-29
660449,2021-10-16,Non-binary,20,Toronto,Canada,Referral,mobile,Returning,22,9864.65,2022-06-13
542372,2023-10-18,Prefer not to say,42,New York,USA,Organic Search, Desktop,Returning,6,3229.91,2023-12-28
463543,2024-09-30,Non-binary,78,Madrid,Spain,Email,mobile,VIP,10,7146.9,2025-01-20
149319,2024-07-12,Prefer not to say,72,New York,USA,Referral,Desktop,Returning,5,8561.79,2025-03-10
783241,2025-06-20,Female,75,New York,USA,Email,Tablet,Returning,25,6276.34,2025-12-13
208181,2023-08-02,male,75,Madrid,Spain,Social Media,Desktop,VIP,15,8937.4,2024-04-17
870200,2025-05-31,Prefer not to say,52,Madrid,Spain,Social Media,mobile,VIP,23,8950.79,2026-06-18
679688,2021-04-22,,35,New York,USA,Paid Search,Desktop,VIP,7,3913.59,2022-03-13
812054,2022-04-05,FEMALE,29,Toronto,Canada,Direct,mobile,Loyal,15,2438.19,2022-04-13
540013,2025-03-27,,60,London,UK,Direct,Desktop,Returning,10,8691.07,2026-07-27
975465,2023-08-11,Male,43,New York,USA,Direct,Tablet,Returning,5,3691.71,2024-04-02
804272,2023-04-21,Male,66,New York,USA,Email,mobile,New,4,4048.12,2023-12-08
877121,2022-06-16,Non-binary,63,London,UK,Paid Search,Mobile,At Risk,24,7405.79,2023-03-10
224410,2024-07-28,male,87,London,UK,Email,Tablet,At Risk,1,7099.43,2024-08-04
378223,2023-09-12,male,30,Toronto,Canada,Paid Search, Desktop,At Risk,20,4530.75,2024-06-25
817807,2022-02-21,Female,85,Paris,France,Direct, Desktop,VIP,3,9949.99,2023-01-20
392294,2023-11-14,Non-binary,69,New York,USA,Social Media,mobile,Loyal,2,501.58,2024-10-09
287738,2025-11-13,,37,London,UK,Direct,Mobile,At Risk,21,8260.61,2026-03-30
603015,2022-01-18,,36,Rome,Italy,Direct, Desktop,New,4,5869.95,2023-02-19
944230,2025-07-18,Non-binary,29,London,UK,Paid Search,Mobile,At Risk,16,5512.86,2026-02-24
931817,2024-08-01,male,83,Istanbul,Türkiye,Email, Desktop,New,1,9310.7,2025-06-11
838368,2024-09-15,Non-binary,87,New York,USA,Paid Search,Tablet,Loyal,16,9717.48,2025-12-27
999518,2024-03-04,male,82,Madrid,Spain,Direct,Mobile,New,2,5751.11,2024-09-21
149990,2022-08-09,,42,Rome,Italy,Referral,Tablet,New,23,1485.66,2023-09-01
924624,2023-12-25,Female,43,Paris,France,Direct,Mobile,New,13,4415.14,2024-07-25
324625,2022-02-16,male,29,London,UK,Email,Tablet,New,21,1322.33,2023-01-02
809683,2025-03-09,FEMALE,88,Toronto,Canada,Social Media,Mobile,New,7,624.87,2026-06-14
775567,2021-11-26,Prefer not to say,63,Berlin,Germany,Organic Search,Desktop,At Risk,20,7663.02,2022-02-08
191428,2024-12-12,male,88,London,UK,Direct,mobile,At Risk,2,1822.93,2026-04-09
508647,2024-11-19,Non-binary,52,Berlin,Germany,Referral,Desktop,New,16,4409.74,2025-08-27
229801,2022-04-15,,41,Istanbul,Türkiye,Referral,Tablet,Returning,8,4554.57,2022-07-05
801184,2023-06-07,,30,Rome,Italy,Organic Search,Desktop,Loyal,17,3016.19,2024-08-11
569020,2023-04-26,,36,New York,USA,Social Media, Desktop,VIP,22,5974.89,2023-06-24
408541,2022-03-09,,81,Toronto,Canada,Organic Search,Tablet,Returning,15,878.12,2022-05-15
815086,2021-06-02,Female,64,Istanbul,Türkiye,Email,Tablet,At Risk,23,5892.79,2021-06-16
632486,2022-05-18,male,44,Rome,Italy,Organic Search,Mobile,Returning,9,2442.72,2022-09-05
622150,2024-01-21,FEMALE,49,New York,USA,Referral,Desktop,Loyal,19,5683.92,2024-01-25
512177,2025-11-10,Male,30,Madrid,Spain,Direct,Mobile,Returning,16,6540.99,2025-12-16
221799,2022-10-28,male,51,Rome,Italy,Social Media,Tablet,At Risk,13,4278.87,2024-03-10
735553,2023-05-06,Male,79,London,UK,Referral, Desktop,Returning,11,7227.87,2024-01-10
995354,2023-04-10,Non-binary,33,Rome,Italy,Social Media,Tablet,Returning,12,8260.71,2024-04-11
602467,2025-10-25,Non-binary,44,Rome,Italy,Paid Search,Mobile,Returning,1,4110.47,2026-10-13
210970,2021-06-13,male,45,Toronto,Canada,Social Media,Mobile,VIP,6,6327.03,2021-10-19
256377,2022-11-07,,49,Paris,France,Referral,mobile,At Risk,25,3887.04,2023-12-09
505132,2024-06-17,Male,35,Rome,Italy,Organic Search,Tablet,Loyal,13,6120.06,2024-07-08
743443,2025-02-14,FEMALE,31,Berlin,Germany,Social Media,Desktop,Loyal,13,3099.98,2025-02-19
836507,2024-09-30,FEMALE,23,Istanbul,Türkiye,Paid Search, Desktop,Returning,8,8083.34,2025-08-02
310973,2023-08-14,Non-binary,29,Rome,Italy,Organic Search,Mobile,VIP,18,3806.71,2024-09-09
275241,2021-12-14,FEMALE,80,Istanbul,Türkiye,Direct,Mobile,New,1,701.71,2023-02-15
646038,2024-05-12,,81,Berlin,Germany,Direct,mobile,At Risk,16,9604.06,2025-04-07
370123,2021-07-29,male,51,Madrid,Spain,Direct,Tablet,At Risk,25,4039.67,2022-05-23
536840,2022-12-06,male,40,Berlin,Germany,Referral, Desktop,Loyal,7,9112.9,2024-04-12
879277,2022-04-30,male,88,Paris,France,Paid Search,Tablet,Returning,12,5609.95,2023-02-04
662787,2025-04-02,Male,80,Istanbul,Türkiye,Email,Desktop,Returning,18,8817.67,2026-08-03
402611,2025-04-20,Female,82,Rome,Italy,Email, Desktop,At Risk,11,7271.39,2026-06-21
616399,2025-06-10,Male,72,Toronto,Canada,Social Media,Tablet,At Risk,13,2738.48,2025-10-27
764443,2021-12-14,Male,44,Madrid,Spain,Social Media,Mobile,Returning,17,1133.21,2022-04-06
949558,2025-11-19,Male,54,Paris,France,Organic Search,Tablet,At Risk,21,4880.98,2026-12-08
671259,2022-09-30,Male,61,Paris,France,Email,Mobile,Returning,8,5548.44,2023-10-20
325050,2021-02-05,FEMALE,29,Toronto,Canada,Social Media,Mobile,At Risk,20,496.82,2022-04-27
927024,2021-07-21,Prefer not to say,29,London,UK,Direct,mobile,Loyal,25,7398.18,2022-07-25
896563,2021-04-16,Male,38,Berlin,Germany,Referral, Desktop,New,14,7809.31,2022-07-01
753846,2024-10-13,Male,60,Toronto,Canada,Direct, Desktop,New,25,8334.25,2025-02-01
453463,2025-01-20,Male,85,Toronto,Canada,Direct, Desktop,Loyal,11,6456.34,2025-09-05
609581,2025-02-08,FEMALE,85,Madrid,Spain,Social Media,mobile,At Risk,14,7214.18,2026-01-01
207855,2023-12-09,Non-binary,19,Istanbul,Türkiye,Paid Search,Mobile,At Risk,3,1466.05,2024-06-18
108977,2024-07-17,Female,20,New York,USA,Direct,Mobile,VIP,18,5699.52,2025-03-16
894585,2021-01-26,male,60,Berlin,Germany,Organic Search,Desktop,Loyal,9,5868.34,2021-09-06
864708,2025-07-11,Male,42,Istanbul,Türkiye,Paid Search,Tablet,VIP,21,8999.23,2026-10-31
789210,2024-11-02,Prefer not to say,47,Paris,France,Referral,Mobile,Loyal,7,642.71,2024-12-20
463728,2025-07-28,,50,New York,USA,Referral,Mobile,VIP,1,9853.62,2026-04-14
843231,2025-07-29,Male,61,Madrid,Spain,Organic Search,mobile,Loyal,3,1716.29,2026-02-13
380529,2022-04-25,Male,58,Berlin,Germany,Organic Search,Desktop,Returning,1,6233.27,2022-06-03
159180,2022-03-25,Non-binary,81,New York,USA,Paid Search,mobile,At Risk,6,3625.9,2022-08-19
666793,2023-07-08,,68,Paris,France,Email,Desktop,New,25,4655.45,2024-03-27
755833,2025-11-28,FEMALE,47,Madrid,Spain,Email,Tablet,Returning,10,7628.84,2026-08-12
561636,2024-01-30,male,74,Madrid,Spain,Direct,Tablet,At Risk,8,500.42,2024-05-30
414430,2023-07-04,,52,Paris,France,Organic Search, Desktop,Loyal,14,9107.13,2024-03-28
896765,2022-10-16,FEMALE,45,Istanbul,Türkiye,Social Media,Mobile,VIP,22,9305.95,2023-05-24
983305,2022-06-12,Female,25,London,UK,Organic Search, Desktop,At Risk,24,7307.07,2023-02-07
205653,2021-05-04,Male,73,Berlin,Germany,Referral,Tablet,VIP,3,7270.7,2021-12-20
339662,2022-09-18,male,46,Istanbul,Türkiye,Email,Desktop,At Risk,4,4122.62,2023-08-07
632691,2022-06-08,FEMALE,38,Istanbul,Türkiye,Direct,Mobile,New,1,1414.61,2022-08-25
387901,2021-10-29,Non-binary,50,New York,USA,Organic Search, Desktop,At Risk,16,2146.06,2022-01-19
383469,2024-10-27,Non-binary,81,Berlin,Germany,Email, Desktop,At Risk,2,6270.13,2025-02-02
840568,2024-08-18,Male,83,Rome,Italy,Social Media,Tablet,VIP,1,4209.48,2025-01-07
358316,2021-09-21,male,69,London,UK,Direct,Tablet,New,19,9248.84,2022-10-20
531639,2023-05-17,,57,Paris,France,Email,Tablet,Returning,5,5608.76,2024-01-27
255542,2023-11-22,,56,Berlin,Germany,Social Media,mobile,Loyal,25,8248.69,2024-02-22
236526,2023-11-26,Non-binary,88,Berlin,Germany,Email,Tablet,Returning,8,480.53,2024-04-10
368766,2025-09-06,male,36,Paris,France,Email,Desktop,New,15,2275.27,2027-01-05
304797,2022-11-07,Non-binary,63,London,UK,Social Media, Desktop,Returning,20,1031.67,2023-09-24
527523,2021-01-15,FEMALE,79,New York,USA,Direct,mobile,At Risk,21,5864.67,2021-06-01
688093,2023-03-02,Non-binary,31,Madrid,Spain,Paid Search,Desktop,Loyal,13,4228.18,2023-06-03
760630,2023-02-11,Non-binary,80,Madrid,Spain,Organic Search, Desktop,New,22,2272.3,2024-01-05
727566,2022-04-23,Non-binary,47,Rome,Italy,Organic Search,Mobile,New,6,8034.64,2023-08-01
161268,2022-03-31,Male,56,Toronto,Canada,Social Media, Desktop,Loyal,0,7540.36,2023-04-03
658660,2022-03-22,,67,London,UK,Social Media,Tablet,At Risk,10,1259.68,2022-10-21
974979,2021-07-19,Female,83,London,UK,Direct,Mobile,At Risk,2,5094.04,2022-09-03
738562,2023-10-25,Male,87,Berlin,Germany,Direct, Desktop,Returning,0,3831.82,2024-08-26
634108,2021-08-09,male,58,Rome,Italy,Social Media, Desktop,At Risk,24,8037.57,2021-12-15
256085,2024-12-23,Female,78,London,UK,Direct,Desktop,VIP,15,6435.84,2026-03-23
533902,2023-02-17,Prefer not to say,76,Istanbul,Türkiye,Direct,Tablet,Loyal,3,4145.86,2024-02-05
383285,2021-09-04,male,30,Madrid,Spain,Email, Desktop,Loyal,8,456.66,2022-06-14
393382,2022-10-01,Male,63,Istanbul,Türkiye,Email,Desktop,Loyal,19,2694.62,2023-10-02
603470,2023-04-30,Prefer not to say,51,Toronto,Canada,Direct,Tablet,Returning,12,7322.51,2023-06-22
829203,2024-09-12,Prefer not to say,44,Istanbul,Türkiye,Social Media, Desktop,Loyal,13,7259.1,2024-11-19
420651,2024-01-13,FEMALE,21,Toronto,Canada,Direct,Desktop,At Risk,11,7891.08,2024-10-18
380029,2023-02-10,Prefer not to say,64,London,UK,Paid Search,Mobile,VIP,17,6725.63,2023-10-02
615193,2022-02-02,Female,71,Istanbul,Türkiye,Referral, Desktop,At Risk,25,9863.67,2022-09-15
324815,2024-04-30,FEMALE,71,Istanbul,Türkiye,Referral, Desktop,New,1,4875.83,2025-01-21
622985,2023-01-23,Non-binary,57,Paris,France,Paid Search,Mobile,Returning,12,2882.4,2023-04-17
485545,2024-11-08,male,30,Toronto,Canada,Referral,Mobile,Loyal,16,5592.08,2025-07-27
728104,2025-11-16,Non-binary,40,Paris,France,Organic Search,Mobile,Returning,18,6611.37,2026-08-27
593406,2024-06-26,Prefer not to say,71,London,UK,Paid Search, Desktop,Returning,23,6101.12,2024-12-05
353401,2021-05-19,FEMALE,84,Rome,Italy,Email, Desktop,VIP,6,7538.59,2021-10-27
454832,2023-05-21,male,48,Toronto,Canada,Social Media,Mobile,Returning,11,122.04,2024-10-02
284715,2024-08-04,Male,39,London,UK,Social Media,Desktop,At Risk,15,2365.18,2025-07-11
735156,2025-11-12,Non-binary,33,Rome,Italy,Email, Desktop,New,15,2306.08,2026-11-27
895781,2022-05-19,male,50,Istanbul,Türkiye,Direct,mobile,At Risk,3,5719.9,2022-09-20
290005,2023-01-02,Non-binary,62,Madrid,Spain,Referral, Desktop,VIP,19,5372.95,2023-10-19
875114,2022-02-22,Prefer not to say,88,New York,USA,Organic Search,mobile,Loyal,17,1881.51,2022-12-05
708747,2025-03-13,FEMALE,22,Rome,Italy,Organic Search,Desktop,New,10,7813.39,2025-12-27
827891,2023-05-04,Non-binary,56,Berlin,Germany,Referral,Desktop,Loyal,18,7770.57,2023-09-05
573026,2023-08-04,,74,Paris,France,Social Media,Mobile,New,1,539.73,2023-10-05
660739,2023-12-30,FEMALE,41,Berlin,Germany,Social Media, Desktop,At Risk,16,7426.63,2024-11-21
256688,2023-11-25,Prefer not to say,25,New York,USA,Direct,Mobile,Loyal,0,5988.63,2024-12-29
628426,2024-06-27,FEMALE,34,Istanbul,Türkiye,Referral,Desktop,VIP,11,1317.72,2024-07-22
441842,2021-01-03,Male,38,Rome,Italy,Referral,Mobile,Returning,0,5864.09,2021-10-01
654153,2023-10-12,Male,71,Istanbul,Türkiye,Referral,Desktop,VIP,18,6719.85,2024-05-17
823630,2022-02-13,Female,28,Berlin,Germany,Organic Search,mobile,New,25,9761.91,2023-01-27
241628,2024-02-19,male,21,Toronto,Canada,Direct,Tablet,VIP,0,5961.88,2024-05-27
776398,2025-02-07,male,46,Toronto,Canada,Email,Mobile,Returning,4,9088.62,2025-12-10
898394,2024-09-01,FEMALE,24,Rome,Italy,Email,Desktop,New,10,370.69,2025-02-07
951395,2024-08-28,Non-binary,56,London,UK,Direct,mobile,VIP,1,2683.13,2024-10-08
323536,2025-08-09,Non-binary,18,Paris,France,Paid Search,Mobile,VIP,8,7979.12,2026-03-12
430685,2022-05-09,Male,23,New York,USA,Paid Search,Tablet,Loyal,11,5916.58,2022-08-16
752788,2021-06-24,Female,70,Madrid,Spain,Referral,Desktop,Loyal,9,9706.69,2021-09-23
617714,2022-05-03,male,50,Paris,France,Direct,Desktop,VIP,2,4710.47,2022-11-14
603743,2025-10-10,,61,Paris,France,Organic Search,Mobile,Returning,8,2879.0,2026-05-05
446073,2021-12-07,Non-binary,43,London,UK,Social Media,mobile,New,1,3485.56,2022-02-03
224158,2021-10-21,Prefer not to say,78,Paris,France,Paid Search,Tablet,At Risk,17,3061.61,2022-10-09
234136,2021-02-20,Prefer not to say,42,Berlin,Germany,Email,mobile,At Risk,8,4383.97,2021-03-26
246923,2024-06-15,Non-binary,37,Istanbul,Türkiye,Paid Search, Desktop,Returning,25,5466.73,2025-07-11
832271,2023-10-21,Female,81,Madrid,Spain,Email,mobile,Returning,15,7826.24,2023-12-13
368927,2025-11-25,male,65,London,UK,Paid Search,Desktop,New,2,2365.55,2026-03-29
335958,2024-02-03,Prefer not to say,21,Berlin,Germany,Organic Search,Desktop,New,14,8019.36,2024-02-23
192304,2023-11-02,Male,26,Istanbul,Türkiye,Paid Search,mobile,Returning,15,2743.06,2025-01-23
766121,2022-10-27,male,33,Berlin,Germany,Email,Tablet,At Risk,23,837.93,2023-04-23
664999,2024-05-22,Male,72,Toronto,Canada,Social Media,Tablet,Loyal,0,2696.92,2025-09-11
969297,2022-04-16,Non-binary,75,Istanbul,Türkiye,Email, Desktop,Returning,9,6204.31,2022-05-09
837067,2025-09-05,,25,Rome,Italy,Email, Desktop,New,6,4771.1,2026-05-08
152461,2024-11-24,Female,18,Istanbul,Türkiye,Direct,Desktop,VIP,20,6234.51,2025-07-31
690424,2021-08-18,Male,28,Istanbul,Türkiye,Organic Search,Mobile,VIP,5,6380.69,2022-12-17
280442,2022-04-28,Female,83,New York,USA,Email,mobile,VIP,2,6513.58,2022-06-27
818029,2021-01-05,Female,65,Toronto,Canada,Social Media, Desktop,At Risk,16,2970.09,2022-02-02
221778,2022-04-20,,69,Istanbul,Türkiye,Organic Search,Mobile,Loyal,11,9639.82,2023-01-31
337238,2021-07-14,Male,36,London,UK,Referral, Desktop,At Risk,17,3042.78,2021-08-08
690621,2021-01-10,Male,68,Madrid,Spain,Direct,Tablet,VIP,22,165.88,2021-09-30
309090,2021-06-16,Prefer not to say,35,New York,USA,Referral,Tablet,At Risk,15,1268.06,2022-02-02
627451,2025-06-11,,65,Istanbul,Türkiye,Referral,Tablet,Returning,5,7144.21,2025-08-12
695145,2023-10-27,male,72,Istanbul,Türkiye,Direct,Desktop,Returning,1,3752.88,2023-12-02
791960,2022-03-19,Non-binary,59,London,UK,Social Media, Desktop,New,2,5727.84,2022-07-10
422817,2025-06-11,Female,40,Rome,Italy,Email,Desktop,Loyal,0,509.88,2025-11-04
542776,2024-09-08,,33,Toronto,Canada,Referral, Desktop,At Risk,14,4942.15,2025-04-05
443556,2022-11-09,Female,84,Istanbul,Türkiye,Organic Search,Desktop,At Risk,10,4011.91,2023-07-03
104442,2022-02-05,male,27,Istanbul,Türkiye,Social Media, Desktop,Loyal,8,7771.12,2023-04-14
911376,2023-02-12,Male,42,Istanbul,Türkiye,Organic Search,mobile,VIP,20,317.25,2024-01-01
121025,2024-10-07,,80,Istanbul,Türkiye,Paid Search,Mobile,At Risk,24,4151.92,2025-04-01
961640,2022-06-23,Female,64,Paris,France,Organic Search,Mobile,VIP,12,9893.72,2023-08-14
420135,2023-09-18,Female,71,Paris,France,Social Media, Desktop,VIP,25,5609.24,2024-05-22
962147,2021-12-10,Female,58,New York,USA,Direct,Desktop,New,2,446.58,2022-05-19
745266,2024-02-27,Prefer not to say,68,Rome,Italy,Social Media,Desktop,New,25,1107.65,2024-04-23
330966,2025-02-04,Male,29,London,UK,Social Media,Desktop,Loyal,11,4871.72,2025-09-29
188673,2025-01-23,FEMALE,61,New York,USA,Organic Search,Tablet,VIP,4,2910.17,2026-02-12
879145,2025-05-28,FEMALE,55,London,UK,Organic Search,mobile,VIP,10,2009.4,2026-01-30
335416,2022-02-16,Female,23,Berlin,Germany,Organic Search,Mobile,VIP,7,4141.0,2023-03-17
393782,2023-12-23,Female,73,Toronto,Canada,Direct,Tablet,At Risk,14,3015.94,2025-02-27
813755,2024-06-14,FEMALE,43,New York,USA,Organic Search,Desktop,VIP,0,3362.09,2025-04-17
756044,2022-12-07,Non-binary,50,New York,USA,Direct, Desktop,New,14,6700.32,2023-07-21
457640,2022-03-30,,49,Madrid,Spain,Social Media,Tablet,Loyal,5,3342.56,2022-12-25
382144,2024-04-18,male,42,New York,USA,Organic Search, Desktop,Loyal,6,4538.23,2025-03-23
730339,2023-02-08,,38,London,UK,Organic Search,Tablet,At Risk,2,3563.69,2023-11-19
853680,2023-02-11,male,65,Toronto,Canada,Organic Search,Tablet,New,14,9877.1,2023-05-22
643613,2025-04-03,Female,72,Istanbul,Türkiye,Email,Mobile,VIP,24,4963.47,2026-01-02
497700,2024-01-13,Female,27,Paris,France,Referral,Tablet,At Risk,2,7786.86,2024-01-29
124248,2021-12-06,Non-binary,83,Berlin,Germany,Social Media,Mobile,Loyal,24,983.75,2022-09-16
227565,2024-06-24,Prefer not to say,30,Paris,France,Social Media,Desktop,Loyal,17,3074.61,2025-07-09
445856,2025-06-04,Non-binary,50,London,UK,Referral, Desktop,VIP,4,4906.19,2025-12-06
463880,2025-10-19,,46,Istanbul,Türkiye,Direct, Desktop,VIP,6,6618.02,2026-03-19
246214,2025-02-20,Prefer not to say,49,Berlin,Germany,Email,Tablet,Loyal,24,7146.92,2026-05-17
218909,2025-06-28,Prefer not to say,67,London,UK,Referral, Desktop,At Risk,22,8488.1,2025-07-18
363005,2024-09-30,Non-binary,84,Toronto,Canada,Referral,Mobile,Loyal,21,1494.74,2025-12-17
907383,2023-11-15,Non-binary,39,London,UK,Organic Search,Tablet,Loyal,9,7054.11,2024-11-14
250238,2021-09-29,FEMALE,53,New York,USA,Social Media,Tablet,VIP,19,4883.0,2022-05-04
814292,2025-06-17,Female,71,Madrid,Spain,Email,Mobile,VIP,16,2163.71,2026-09-07
701891,2024-03-01,,59,New York,USA,Organic Search, Desktop,VIP,21,1762.73,2025-06-30
143015,2021-04-14,Male,70,London,UK,Referral,Tablet,Loyal,25,4458.84,2022-07-12
463857,2022-12-16,FEMALE,46,London,UK,Organic Search,Desktop,New,8,1182.47,2023-02-24
181133,2025-10-31,,80,London,UK,Social Media,mobile,Loyal,6,7500.03,2026-04-03
196280,2025-09-12,,74,Paris,France,Direct,Tablet,At Risk,21,2728.77,2026-04-17
860143,2024-02-10,,21,Berlin,Germany,Referral, Desktop,At Risk,16,7778.16,2024-07-08
208223,2021-04-08,Non-binary,39,Paris,France,Paid Search, Desktop,Loyal,14,4832.18,2021-09-16
414558,2024-02-25,,59,Madrid,Spain,Email,Tablet,VIP,2,3987.7,2025-02-13
432419,2023-08-27,Non-binary,44,Toronto,Canada,Social Media,Desktop,New,14,9629.34,2024-01-01
361045,2022-12-23,Prefer not to say,38,London,UK,Email,mobile,Loyal,25,787.95,2023-05-08
382420,2021-11-17,Non-binary,43,Toronto,Canada,Direct,Tablet,At Risk,7,3736.0,2022-01-27
655354,2022-04-03,Female,61,Toronto,Canada,Direct,Tablet,VIP,16,9156.17,2022-06-13
152183,2022-02-10,Prefer not to say,31,Istanbul,Türkiye,Paid Search,Tablet,New,16,9017.76,2022-03-09
479329,2025-06-18,Male,88,Madrid,Spain,Referral, Desktop,Loyal,22,4483.83,2025-11-05
132684,2024-01-22,FEMALE,87,Berlin,Germany,Social Media, Desktop,Loyal,15,3936.28,2024-08-09
182122,2025-01-13,Non-binary,30,Toronto,Canada,Paid Search,Mobile,VIP,23,1846.38,2025-11-14
245788,2022-09-20,Prefer not to say,55,Istanbul,Türkiye,Organic Search,Desktop,New,13,7946.34,2022-10-17
518724,2022-01-30,Female,45,New York,USA,Paid Search,Tablet,VIP,12,8923.42,2022-10-15
490130,2025-11-22,,34,Berlin,Germany,Social Media,mobile,New,13,6784.73,2026-08-31
855028,2025-05-12,FEMALE,88,Toronto,Canada,Referral,Desktop,New,14,2266.56,2026-01-27
769387,2025-01-16,Prefer not to say,27,Berlin,Germany,Direct,Mobile,At Risk,16,9033.55,2025-06-18
824882,2021-11-06,Male,53,Paris,France,Paid Search,mobile,New,13,1639.23,2022-06-05
353819,2023-05-06,male,66,London,UK,Direct,Tablet,VIP,2,2325.93,2024-05-19
198420,2025-11-01,Male,38,Toronto,Canada,Direct,mobile,Loyal,17,2892.43,2026-12-19
812658,2025-01-01,,76,Rome,Italy,Social Media,Tablet,Returning,21,5739.58,2025-11-06
444794,2024-11-10,male,49,Madrid,Spain,Email,Mobile,New,1,564.24,2025-01-05
386925,2023-10-24,Non-binary,35,New York,USA,Direct,Tablet,VIP,4,944.37,2024-09-17
108349,2023-09-11,Prefer not to say,51,Toronto,Canada,Email,Tablet,VIP,23,5343.51,2024-02-28
640266,2021-12-03,FEMALE,44,Madrid,Spain,Direct,Mobile,New,13,3915.19,2023-03-02
437460,2024-07-13,male,81,Rome,Italy,Paid Search,Mobile,New,5,9267.89,2025-06-30
217662,2021-03-27,Non-binary,31,Toronto,Canada,Social Media,Tablet,At Risk,24,4092.0,2021-05-06
469478,2023-05-21,Non-binary,70,Berlin,Germany,Social Media,Desktop,New,21,8424.27,2023-08-15
942596,2024-09-05,,65,Berlin,Germany,Referral,mobile,Loyal,18,7792.81,2024-09-11
929408,2021-11-12,,71,New York,USA,Email,Tablet,New,11,2211.01,2022-09-03
772339,2024-08-13,Female,87,Paris,France,Email,Mobile,New,16,4093.41,2024-12-13
859339,2021-08-11,Prefer not to say,55,London,UK,Social Media,Tablet,New,17,2031.83,2021-09-15
984290,2023-11-01,Prefer not to say,60,Istanbul,Türkiye,Organic Search,mobile,New,20,8157.16,2024-06-07
232015,2023-04-03,,50,London,UK,Referral,mobile,VIP,5,8797.64,2023-08-22
735605,2025-02-11,Prefer not to say,42,London,UK,Email, Desktop,Returning,17,3268.72,2025-10-21
384247,2025-05-15,male,73,Rome,Italy,Paid Search,Tablet,At Risk,14,7646.12,2026-01-29
524844,2023-07-27,male,83,Toronto,Canada,Social Media,Desktop,At Risk,14,8409.46,2023-11-20
195496,2022-01-01,male,20,Madrid,Spain,Referral,mobile,VIP,8,5261.23,2022-02-17
811985,2024-05-15,Prefer not to say,87,London,UK,Email,Desktop,New,4,2580.6,2024-07-28
704655,2022-08-23,FEMALE,27,Paris,France,Email,Desktop,Loyal,23,2537.93,2023-12-28
750785,2023-04-05,male,68,Istanbul,Türkiye,Referral,Tablet,Returning,25,7213.44,2023-06-29
860610,2021-03-10,Male,26,Rome,Italy,Organic Search,mobile,Loyal,4,367.52,2021-05-29
653368,2022-04-13,male,25,New York,USA,Direct,Mobile,VIP,11,3850.16,2023-03-08
598687,2022-12-01,FEMALE,30,Berlin,Germany,Direct,mobile,New,2,5266.77,2022-12-27
691858,2021-04-04,Female,27,Toronto,Canada,Direct,mobile,Returning,18,2663.97,2021-11-25
539060,2021-10-08,FEMALE,51,London,UK,Email,Desktop,At Risk,11,2659.61,2022-11-09
661787,2022-09-27,Male,76,Toronto,Canada,Direct, Desktop,At Risk,2,5753.46,2024-01-28
512898,2024-03-09,Male,70,Berlin,Germany,Direct, Desktop,Returning,6,9294.21,2025-06-23
415721,2025-10-28,Prefer not to say,80,Istanbul,Türkiye,Social Media,Mobile,Returning,4,3270.86,2026-09-15
330049,2021-09-16,Non-binary,42,New York,USA,Referral,Tablet,VIP,14,1675.78,2022-02-22
763464,2025-04-14,male,81,New York,USA,Email, Desktop,VIP,14,7939.41,2026-03-10
417374,2021-06-10,Non-binary,59,Toronto,Canada,Email, Desktop,Returning,8,3747.91,2022-05-23
675797,2022-07-08,Female,49,Madrid,Spain,Organic Search,Mobile,VIP,18,908.09,2022-11-22
239590,2022-06-11,Non-binary,79,Rome,Italy,Social Media,mobile,VIP,16,716.22,2023-03-30
156559,2022-06-01,,30,Rome,Italy,Referral,Tablet,Loyal,3,985.98,2023-08-30
729241,2025-06-04,FEMALE,80,Madrid,Spain,Paid Search,mobile,Returning,13,1300.16,2026-01-28
633230,2023-07-20,Prefer not to say,46,Istanbul,Türkiye,Email,mobile,New,21,5566.21,2024-12-01
215205,2024-02-15,FEMALE,24,Rome,Italy,Social Media,mobile,Loyal,9,988.22,2024-10-04
283654,2022-10-30,male,58,Rome,Italy,Social Media,mobile,Loyal,18,9118.85,2023-12-06
352267,2025-05-23,Non-binary,84,Berlin,Germany,Social Media,Desktop,Returning,14,3985.74,2026-04-01
325468,2023-11-27,FEMALE,59,Berlin,Germany,Organic Search, Desktop,VIP,11,1962.02,2024-09-23
555723,2022-10-23,Female,47,Madrid,Spain,Paid Search,Tablet,Loyal,5,7379.71,2023-04-21
387827,2024-05-10,Non-binary,43,Paris,France,Email,Desktop,At Risk,16,5271.29,2025-06-16
672477,2022-07-30,,20,New York,USA,Email, Desktop,VIP,7,2124.16,2022-11-05
120956,2023-07-26,FEMALE,62,Rome,Italy,Paid Search,Tablet,New,11,6681.78,2024-12-06
362576,2021-12-17,Female,46,London,UK,Organic Search,Tablet,New,23,1412.29,2023-02-22
665007,2023-11-07,male,32,London,UK,Organic Search,Tablet,At Risk,4,6638.17,2023-11-07
384095,2023-07-30,Non-binary,20,Madrid,Spain,Paid Search,Desktop,VIP,17,3736.4,2023-12-04
655898,2024-06-27,Prefer not to say,56,Istanbul,Türkiye,Paid Search,mobile,New,10,2341.5,2025-05-27
374459,2024-06-24,FEMALE,49,Istanbul,Türkiye,Social Media, Desktop,Loyal,25,7555.84,2024-09-06
596221,2023-06-05,Female,54,Berlin,Germany,Email,Mobile,New,6,3964.3,2024-09-10
232197,2022-06-12,Male,60,Toronto,Canada,Paid Search, Desktop,New,2,2195.33,2023-06-01
522877,2022-10-29,male,65,New York,USA,Organic Search,Tablet,New,21,497.39,2023-10-23
843306,2021-11-18,Non-binary,51,Toronto,Canada,Social Media,Desktop,At Risk,20,528.08,2022-05-28
208793,2021-07-24,Prefer not to say,86,Madrid,Spain,Social Media,Desktop,New,21,3219.36,2022-05-18
881100,2021-10-02,Non-binary,87,Paris,France,Referral,mobile,Returning,25,8532.59,2022-05-30
491619,2023-11-22,Non-binary,69,Berlin,Germany,Email,Mobile,At Risk,6,8502.71,2024-07-21
172430,2022-11-15,Non-binary,68,Istanbul,Türkiye,Direct, Desktop,VIP,6,7314.04,2022-12-25
786210,2022-01-22,Male,81,Madrid,Spain,Paid Search,Desktop,New,3,9958.95,2023-01-18
670633,2025-09-08,Female,57,Berlin,Germany,Social Media, Desktop,New,17,7930.55,2026-11-01
480782,2023-09-06,Male,59,London,UK,Paid Search, Desktop,VIP,9,945.03,2025-01-03
671214,2023-12-23,male,44,Paris,France,Paid Search, Desktop,New,5,4536.44,2024-03-31
682470,2025-07-04,,32,Rome,Italy,Referral,Tablet,Returning,12,8447.34,2026-06-16
984807,2021-05-01,Male,21,Paris,France,Organic Search,Mobile,VIP,2,1991.81,2021-06-20
943538,2021-01-22,Prefer not to say,19,Paris,France,Paid Search,Mobile,VIP,3,9633.8,2022-04-26
858291,2021-10-02,male,55,London,UK,Social Media,Desktop,At Risk,5,1606.98,2023-01-14
632000,2021-06-05,Male,58,Paris,France,Paid Search,mobile,At Risk,22,6934.69,2022-04-12
817843,2021-02-20,Male,57,Berlin,Germany,Paid Search, Desktop,VIP,5,4465.87,2021-06-01
709036,2022-01-29,Non-binary,43,Istanbul,Türkiye,Social Media, Desktop,New,7,3337.54,2022-08-15
131891,2023-09-17,Male,78,Rome,Italy,Organic Search,Mobile,Loyal,8,4608.35,2024-02-29
749116,2021-07-20,FEMALE,48,Madrid,Spain,Email, Desktop,At Risk,24,9458.75,2022-11-01
423095,2023-05-22,Female,21,Paris,France,Direct, Desktop,Returning,15,8844.76,2023-08-07
567126,2024-03-07,Prefer not to say,72,Paris,France,Social Media,Desktop,VIP,0,457.35,2024-11-17
815561,2025-10-27,Male,70,Rome,Italy,Organic Search,Tablet,New,1,2472.38,2025-11-28
238633,2022-02-21,Non-binary,60,Istanbul,Türkiye,Social Media,Desktop,At Risk,25,5502.24,2023-04-27
263339,2022-09-17,Prefer not to say,18,Istanbul,Türkiye,Referral, Desktop,New,0,6555.56,2022-12-09
177958,2023-05-27,Prefer not to say,61,Madrid,Spain,Direct,Mobile,VIP,17,8888.06,2024-07-28
707422,2023-01-01,male,54,New York,USA,Direct,Mobile,VIP,9,9542.29,2023-05-18
248820,2023-09-28,FEMALE,87,Toronto,Canada,Social Media,Desktop,VIP,10,4359.16,2024-08-10
809485,2022-06-04,,30,Rome,Italy,Paid Search,Tablet,New,13,9772.77,2022-12-17
967008,2025-10-26,FEMALE,37,Istanbul,Türkiye,Organic Search,mobile,Returning,19,8146.41,2027-02-06
326773,2021-04-29,,52,Toronto,Canada,Organic Search, Desktop,Loyal,23,5110.88,2022-06-11
607585,2025-08-22,male,69,Toronto,Canada,Organic Search,mobile,Loyal,9,2222.57,2026-07-18
982470,2025-01-23,Prefer not to say,42,Madrid,Spain,Direct,Mobile,New,3,2418.91,2025-12-23
939903,2023-10-27,Non-binary,52,Toronto,Canada,Direct, Desktop,New,14,8172.44,2024-02-12
989433,2024-09-20,Non-binary,80,Madrid,Spain,Referral,Tablet,Loyal,17,2389.95,2025-01-28
904657,2024-02-21,Female,62,Toronto,Canada,Social Media,Desktop,New,11,6990.2,2024-08-06
451760,2022-04-22,Non-binary,43,Madrid,Spain,Direct,Mobile,Returning,13,971.13,2023-02-09
482825,2022-07-27,Prefer not to say,48,Madrid,Spain,Direct,Tablet,VIP,22,666.76,2023-11-23
406544,2024-07-30,male,85,Istanbul,Türkiye,Direct,Desktop,New,25,5229.21,2025-11-10
267528,2025-01-02,,26,Rome,Italy,Paid Search,Tablet,Loyal,19,7993.08,2025-02-20
263163,2024-12-04,Female,80,London,UK,Referral,Mobile,VIP,25,1917.86,2026-01-18
990355,2024-01-30,Male,46,Paris,France,Referral, Desktop,New,2,205.1,2025-02-14
933739,2025-06-19,Prefer not to say,34,Istanbul,Türkiye,Email,Mobile,At Risk,20,5947.59,2026-08-18
500277,2022-05-22,Non-binary,18,Toronto,Canada,Email, Desktop,New,0,2090.5,2023-06-26
973600,2022-09-14,,71,London,UK,Direct,Desktop,VIP,0,7353.4,2023-10-16
561077,2024-05-03,,32,London,UK,Email,Mobile,At Risk,8,9283.85,2024-05-04
525344,2023-07-11,FEMALE,55,Berlin,Germany,Social Media,Tablet,VIP,12,2726.78,2024-07-18
223584,2024-03-25,Female,54,Madrid,Spain,Referral, Desktop,Loyal,11,3130.06,2025-02-13
730199,2024-02-28,Female,27,Istanbul,Türkiye,Social Media,Tablet,VIP,19,5416.45,2024-04-17
252194,2023-06-24,Male,85,Rome,Italy,Organic Search,Mobile,VIP,3,1182.62,2023-10-07
382859,2025-02-18,Male,77,Istanbul,Türkiye,Organic Search,Desktop,New,23,6266.02,2025-12-05
409636,2024-10-15,Male,74,Istanbul,Türkiye,Organic Search,Mobile,Returning,8,8989.69,2026-02-07
799273,2023-09-17,Non-binary,73,Rome,Italy,Social Media,Desktop,VIP,21,828.87,2023-10-17
820324,2025-07-05,Male,56,London,UK,Direct,Desktop,Returning,8,1333.28,2026-02-25
938219,2024-07-16,Prefer not to say,39,Toronto,Canada,Social Media,Tablet,VIP,5,8502.48,2025-11-09
769905,2023-07-22,male,39,Madrid,Spain,Social Media,mobile,Returning,7,6772.11,2024-11-30
733008,2022-05-31,FEMALE,41,Rome,Italy,Social Media, Desktop,New,0,1820.28,2023-09-04
108582,2022-07-14,Male,55,London,UK,Organic Search,Tablet,At Risk,8,3446.32,2023-09-07
663378,2025-07-10,,55,Rome,Italy,Referral,Mobile,Returning,11,6767.63,2025-12-15
110169,2021-12-23,Male,41,Rome,Italy,Paid Search,Mobile,Loyal,25,6209.88,2023-02-05
954827,2024-05-31,male,59,Toronto,Canada,Paid Search,Tablet,Loyal,24,4977.38,2025-08-24
774166,2021-01-05,FEMALE,80,Istanbul,Türkiye,Referral,Tablet,Loyal,19,1465.43,2021-04-17
239017,2023-11-14,male,67,New York,USA,Direct,Mobile,New,3,9413.08,2024-11-21
497941,2024-06-20,Male,86,Paris,France,Direct, Desktop,VIP,9,1079.47,2024-10-22
883274,2023-10-29,Female,39,Madrid,Spain,Email, Desktop,At Risk,7,8431.97,2024-01-21
689209,2021-04-25,FEMALE,55,Madrid,Spain,Organic Search,Tablet,Returning,15,2901.04,2021-11-26
206056,2025-05-06,Non-binary,43,Rome,Italy,Paid Search,mobile,VIP,11,861.38,2025-06-26
581850,2022-04-22,Non-binary,55,Rome,Italy,Social Media, Desktop,New,5,6979.04,2022-10-01
131841,2024-03-28,Male,47,New York,USA,Social Media, Desktop,At Risk,10,6033.61,2025-01-31
917069,2022-04-09,,43,Rome,Italy,Direct,Tablet,New,0,8679.43,2022-05-03
552936,2023-06-26,Prefer not to say,85,Toronto,Canada,Referral,mobile,Returning,17,3212.24,2024-07-25
727634,2022-05-27,Male,64,Istanbul,Türkiye,Paid Search, Desktop,At Risk,17,3924.93,2023-10-09
812244,2022-01-07,Female,52,Berlin,Germany,Paid Search,mobile,New,12,2738.8,2022-03-21
542791,2021-07-31,Prefer not to say,57,Toronto,Canada,Social Media,Desktop,Returning,1,6034.98,2022-06-08
389472,2025-06-17,male,82,Istanbul,Türkiye,Referral,Desktop,Loyal,0,6359.86,2025-07-03
488124,2022-12-11,male,19,Istanbul,Türkiye,Referral, Desktop,Loyal,14,3377.87,2023-05-31
528270,2023-06-11,FEMALE,43,Madrid,Spain,Email,Desktop,At Risk,12,3236.66,2024-01-31
525862,2021-11-16,male,28,Berlin,Germany,Organic Search,Mobile,Loyal,9,5134.19,2022-07-12
735205,2024-05-30,male,58,Madrid,Spain,Social Media,Mobile,At Risk,19,8218.43,2024-09-29
584429,2023-10-12,Female,20,Paris,France,Social Media,Desktop,Loyal,13,8827.78,2024-03-31
155862,2023-04-30,male,53,Istanbul,Türkiye,Organic Search,Mobile,Loyal,13,8291.16,2023-11-06
204004,2022-06-26,male,54,London,UK,Direct,Desktop,At Risk,21,2430.35,2023-10-16
593631,2025-10-29,Non-binary,53,London,UK,Referral,Mobile,At Risk,10,9170.67,2026-11-12
916987,2022-01-09,Female,39,Rome,Italy,Direct, Desktop,At Risk,14,6307.01,2022-03-08
139231,2025-01-21,male,77,Rome,Italy,Paid Search,Tablet,Returning,18,3908.1,2025-06-02
777467,2023-07-07,FEMALE,58,Madrid,Spain,Social Media,Desktop,At Risk,6,4941.96,2024-02-22
838336,2022-01-18,FEMALE,82,New York,USA,Email,Mobile,New,24,1066.29,2023-02-04
831239,2025-08-23,Female,37,New York,USA,Email,Tablet,Returning,20,7965.69,2025-12-26
100618,2021-01-29,Male,42,London,UK,Paid Search,Desktop,VIP,3,1237.58,2022-06-12
951640,2025-08-19,Non-binary,61,Rome,Italy,Referral,Desktop,VIP,6,9742.5,2025-10-16
144108,2023-09-11,male,50,Rome,Italy,Direct,Mobile,At Risk,6,9537.68,2023-12-29
972168,2023-09-17,FEMALE,58,London,UK,Social Media,mobile,Returning,8,5144.12,2024-09-22
216523,2025-07-11,Female,24,Istanbul,Türkiye,Direct,Tablet,Loyal,22,3898.17,2025-11-27
715924,2024-12-23,male,86,Toronto,Canada,Referral,Desktop,New,21,1180.13,2025-08-11
246354,2023-07-05,male,81,New York,USA,Social Media,Desktop,New,16,1088.59,2024-07-13
656210,2022-06-19,Non-binary,33,Madrid,Spain,Organic Search,Desktop,Loyal,24,4981.42,2023-03-19
632758,2025-08-08,FEMALE,40,London,UK,Paid Search, Desktop,VIP,17,7949.73,2026-08-24
900276,2023-10-09,Male,62,London,UK,Direct,Desktop,VIP,8,5241.63,2024-02-05
473595,2023-02-02,Prefer not to say,70,Istanbul,Türkiye,Email,Desktop,VIP,25,8806.47,2024-06-06
384062,2025-05-31,,83,Paris,France,Direct,mobile,Loyal,4,3361.17,2026-02-17
920957,2023-05-06,FEMALE,52,New York,USA,Direct,Desktop,Loyal,24,6432.48,2024-05-13
695826,2023-05-27,Male,46,Paris,France,Email,mobile,Returning,12,697.62,2023-11-28
786672,2022-07-24,male,88,New York,USA,Referral,Tablet,New,25,8821.5,2023-09-24
473731,2024-07-01,Prefer not to say,55,London,UK,Organic Search,Tablet,At Risk,11,5461.88,2025-11-05
941049,2025-02-05,Prefer not to say,72,Rome,Italy,Email,Desktop,VIP,14,5606.57,2026-03-29
596934,2024-05-30,Prefer not to say,30,New York,USA,Email,Mobile,New,5,3848.02,2025-02-05
959526,2023-12-27,,32,New York,USA,Paid Search,Tablet,Returning,4,4687.02,2024-09-08
831352,2023-11-12,Prefer not to say,18,Madrid,Spain,Organic Search,Tablet,New,18,2932.08,2024-10-31
357082,2022-04-06,Male,62,Berlin,Germany,Email,Desktop,Loyal,14,9788.8,2023-07-03
947549,2021-10-25,male,23,Rome,Italy,Social Media,Mobile,Returning,0,1303.74,2022-06-11
751996,2022-11-17,Non-binary,55,New York,USA,Direct,Desktop,VIP,23,1134.75,2024-03-06
351460,2024-05-14,Prefer not to say,78,Berlin,Germany,Direct,Tablet,New,6,4612.2,2024-09-21
210667,2021-05-14,Male,87,Toronto,Canada,Email,Desktop,New,1,5225.48,2021-12-06
689673,2023-05-10,,87,Paris,France,Social Media, Desktop,Loyal,21,1648.16,2024-07-20
475093,2024-11-12,Male,51,New York,USA,Organic Search,mobile,New,18,7604.45,2025-11-09
266366,2022-02-08,Prefer not to say,50,Toronto,Canada,Email,Tablet,New,22,9603.19,2022-09-18
222057,2025-01-15,FEMALE,42,Rome,Italy,Referral,Desktop,VIP,12,5418.34,2026-04-09
914590,2023-05-12,male,18,Berlin,Germany,Social Media,Mobile,Returning,18,7644.97,2023-08-11
142549,2022-09-30,FEMALE,22,London,UK,Referral, Desktop,New,17,7876.45,2023-02-14
838254,2021-04-30,Female,27,Toronto,Canada,Direct,Tablet,At Risk,16,9926.31,2021-10-21
428936,2021-08-27,Prefer not to say,58,Berlin,Germany,Paid Search,Mobile,At Risk,7,7182.84,2022-07-29
542912,2021-08-03,Prefer not to say,45,Paris,France,Organic Search,mobile,New,4,5949.61,2021-10-19
862605,2022-11-04,Prefer not to say,30,Istanbul,Türkiye,Email,mobile,At Risk,3,4341.97,2023-08-30
463075,2023-11-29,Male,49,Rome,Italy,Email,mobile,Returning,23,9850.31,2024-08-10
365804,2021-12-12,male,34,Paris,France,Email,mobile,Loyal,12,3595.84,2022-08-27
789496,2024-12-24,Male,34,London,UK,Paid Search, Desktop,VIP,18,8273.62,2025-08-12
756171,2024-09-24,Female,24,Berlin,Germany,Social Media,Mobile,New,13,8768.1,2025-05-23
909574,2021-05-18,male,31,Paris,France,Direct,Desktop,New,19,3591.98,2021-09-15
158371,2022-08-18,Female,23,Rome,Italy,Email,Tablet,Returning,0,9795.3,2023-10-01
746921,2024-04-07,Prefer not to say,87,Paris,France,Social Media,mobile,New,4,2429.97,2024-11-09
555997,2025-10-17,,34,London,UK,Referral,Desktop,Loyal,0,9691.03,2026-08-18
535091,2024-06-10,Prefer not to say,19,Madrid,Spain,Organic Search,Tablet,New,17,8640.89,2024-08-27
494582,2025-11-17,Male,68,Toronto,Canada,Organic Search,Tablet,Loyal,10,6791.62,2026-06-19
476170,2024-05-02,FEMALE,72,Madrid,Spain,Referral,Desktop,Returning,0,4091.56,2024-08-10
408209,2022-12-11,Female,74,Madrid,Spain,Organic Search, Desktop,Loyal,10,8717.66,2023-09-03
890528,2023-12-02,Female,35,Berlin,Germany,Social Media,mobile,New,0,3667.63,2024-10-16
955780,2023-05-08,,83,Madrid,Spain,Direct,Desktop,At Risk,4,1326.32,2023-07-27
457811,2025-11-01,Non-binary,28,Istanbul,Türkiye,Organic Search,Desktop,VIP,11,5770.96,2026-04-28
562443,2025-09-08,Male,69,London,UK,Direct,Tablet,VIP,5,943.85,2025-09-21
936964,2022-05-02,,22,Berlin,Germany,Paid Search,mobile,Loyal,2,5691.99,2022-07-03
833206,2021-01-20,male,46,Istanbul,Türkiye,Organic Search,Tablet,VIP,19,1066.07,2022-02-27
349623,2024-04-01,male,60,Berlin,Germany,Referral,Mobile,VIP,15,5859.82,2025-06-18
765773,2025-04-07,Non-binary,74,Berlin,Germany,Social Media,Desktop,Returning,3,3398.88,2025-11-05
739259,2024-10-02,FEMALE,73,Istanbul,Türkiye,Paid Search,mobile,VIP,16,964.44,2025-11-27
644206,2022-01-18,Female,35,Berlin,Germany,Paid Search,mobile,New,20,8874.08,2022-09-07
251386,2025-11-25,Non-binary,47,Istanbul,Türkiye,Referral,mobile,At Risk,0,4863.83,2026-03-24
158752,2022-06-05,FEMALE,19,Berlin,Germany,Referral,mobile,New,25,3844.02,2022-12-13
458085,2022-08-17,Non-binary,73,Istanbul,Türkiye,Email,mobile,New,19,8787.99,2022-10-30
805728,2025-10-25,FEMALE,63,Istanbul,Türkiye,Paid Search,Mobile,Returning,20,8781.94,2025-11-28
219014,2025-04-14,Male,88,Berlin,Germany,Social Media, Desktop,At Risk,20,2829.35,2025-12-02
637965,2022-09-21,,73,Istanbul,Türkiye,Email,Tablet,Loyal,25,2610.7,2023-11-13
280564,2021-01-23,,20,Berlin,Germany,Direct,Mobile,Loyal,11,9829.64,2021-04-04
669412,2022-06-16,FEMALE,24,Madrid,Spain,Organic Search, Desktop,VIP,7,3945.28,2022-08-21
773966,2023-07-24,Male,79,Berlin,Germany,Direct, Desktop,At Risk,0,1319.8,2024-04-10
756308,2022-01-29,FEMALE,74,Madrid,Spain,Organic Search,mobile,Loyal,14,9560.23,2022-07-02
611117,2025-10-01,FEMALE,82,Rome,Italy,Referral,Desktop,Returning,21,8897.25,2026-12-15
457548,2025-02-07,Prefer not to say,68,Paris,France,Email, Desktop,VIP,17,6673.1,2025-03-09
894270,2022-07-12,FEMALE,67,London,UK,Email,Desktop,At Risk,14,4498.76,2023-10-01
844936,2022-12-02,Female,46,New York,USA,Referral,Mobile,Loyal,8,2502.84,2023-10-10
227383,2024-06-30,FEMALE,68,Madrid,Spain,Email,mobile,Loyal,6,6684.23,2024-11-26
711090,2023-03-07,Prefer not to say,87,Istanbul,Türkiye,Organic Search,Tablet,Loyal,24,9834.06,2023-09-28
122717,2023-01-01,male,69,Rome,Italy,Paid Search,Desktop,VIP,9,2222.58,2023-03-15
603584,2023-12-21,,47,New York,USA,Direct,Mobile,Returning,14,1722.54,2024-04-08
319376,2024-02-01,,29,Istanbul,Türkiye,Social Media, Desktop,At Risk,16,7160.79,2024-07-28
501854,2023-02-25,FEMALE,23,Berlin,Germany,Social Media,mobile,Returning,18,8542.65,2023-07-01
762283,2021-10-04,Male,30,Rome,Italy,Direct,Tablet,New,20,6779.51,2022-07-13
974353,2023-12-17,Non-binary,45,Istanbul,Türkiye,Email,Mobile,VIP,9,2224.45,2024-01-26
283198,2025-02-13,FEMALE,37,Toronto,Canada,Direct,Mobile,New,25,9728.5,2026-03-01
516541,2022-09-20,FEMALE,88,Berlin,Germany,Email,Mobile,Returning,10,9746.98,2023-05-15
851400,2021-09-12,Female,38,Berlin,Germany,Referral,mobile,New,16,4737.98,2022-01-19
338870,2025-05-16,male,58,Berlin,Germany,Social Media, Desktop,New,9,2075.06,2026-04-21
204539,2025-09-05,Female,65,New York,USA,Referral,Desktop,New,14,7369.33,2025-11-23
360417,2023-02-27,male,85,Madrid,Spain,Paid Search,mobile,New,2,4373.63,2023-09-07
451912,2022-08-13,FEMALE,27,New York,USA,Referral,Mobile,VIP,8,7596.32,2023-11-14
445032,2022-01-19,,54,Paris,France,Paid Search,Mobile,Returning,12,2053.58,2022-03-29
788511,2021-02-24,Male,73,Paris,France,Referral,Mobile,New,11,7897.04,2022-01-16
357081,2021-04-22,Female,26,Paris,France,Referral,Tablet,Returning,12,1576.21,2021-08-07
922632,2025-08-04,Prefer not to say,56,Berlin,Germany,Paid Search, Desktop,At Risk,13,3493.83,2026-03-11
809673,2023-06-04,,24,Berlin,Germany,Direct, Desktop,VIP,2,9575.16,2023-12-10
583713,2024-03-11,Non-binary,28,Berlin,Germany,Organic Search,Tablet,Loyal,25,340.73,2025-01-22
879077,2021-03-03,Female,22,Toronto,Canada,Direct, Desktop,At Risk,13,3781.46,2021-09-22
594054,2024-05-02,Non-binary,41,Toronto,Canada,Referral,mobile,Loyal,3,5288.87,2024-07-30
487501,2022-02-10,Male,83,Madrid,Spain,Social Media,mobile,Loyal,13,6728.29,2023-05-03
616554,2023-12-11,,87,Paris,France,Paid Search,Mobile,Returning,23,2046.27,2024-12-18
783072,2021-07-19,FEMALE,84,Berlin,Germany,Email,Tablet,Returning,19,4331.85,2021-11-05
910712,2025-11-06,Prefer not to say,72,Paris,France,Referral,mobile,New,17,6046.49,2026-05-30
795392,2024-12-23,FEMALE,40,London,UK,Social Media, Desktop,At Risk,2,79.39,2025-09-04
858382,2023-10-16,,27,Istanbul,Türkiye,Referral,Desktop,New,1,5190.93,2024-04-13
303180,2025-01-18,Male,22,Berlin,Germany,Referral,mobile,At Risk,1,2081.75,2025-02-07
552975,2025-02-19,Male,83,Madrid,Spain,Referral,Tablet,At Risk,12,3944.55,2026-01-11
562007,2024-01-21,Male,22,Rome,Italy,Organic Search, Desktop,Loyal,5,718.33,2025-02-24
518232,2021-09-13,FEMALE,71,New York,USA,Email,Desktop,VIP,7,9128.73,2022-11-15
668353,2024-04-06,Non-binary,74,New York,USA,Direct, Desktop,Returning,8,6108.9,2024-12-19
226259,2025-07-17,male,60,Paris,France,Organic Search,Mobile,Returning,5,9959.12,2025-09-26
699186,2024-04-26,Prefer not to say,75,Istanbul,Türkiye,Paid Search,Tablet,Loyal,12,6010.58,2024-10-12
611996,2022-07-16,Prefer not to say,72,Istanbul,Türkiye,Social Media,Mobile,At Risk,13,2353.89,2023-03-30
379400,2025-04-09,Non-binary,43,New York,USA,Email, Desktop,Returning,13,3688.88,2026-07-10
980538,2024-11-05,Prefer not to say,88,Toronto,Canada,Organic Search, Desktop,Returning,5,6098.2,2025-09-09
231297,2023-09-14,Prefer not to say,85,Paris,France,Paid Search,Desktop,VIP,0,4481.51,2024-05-23
257161,2023-06-07,male,36,Rome,Italy,Referral,Desktop,Loyal,12,5597.73,2024-08-05
112522,2023-10-12,Non-binary,33,Paris,France,Organic Search, Desktop,Loyal,16,5797.1,2024-08-08
494391,2025-03-12,Male,50,New York,USA,Paid Search, Desktop,At Risk,9,1752.01,2026-01-23
534757,2022-07-06,male,34,Toronto,Canada,Direct,Desktop,New,8,557.61,2022-10-10
214265,2024-02-13,Male,32,Rome,Italy,Social Media,mobile,New,8,7945.48,2024-10-10
937821,2024-07-09,,88,Madrid,Spain,Direct, Desktop,Returning,13,6413.16,2025-05-22
127497,2021-03-30,FEMALE,87,Rome,Italy,Email,Desktop,VIP,16,3974.42,2022-06-04
784092,2021-08-05,male,24,Rome,Italy,Organic Search,Tablet,New,14,5923.97,2022-01-12
178209,2025-02-25,Female,20,London,UK,Referral,Mobile,Returning,6,2271.2,2025-08-03
291853,2021-11-20,Non-binary,58,Rome,Italy,Direct,Tablet,At Risk,23,2402.31,2023-01-01
581083,2022-03-27,male,20,Berlin,Germany,Referral,Mobile,VIP,4,4120.37,2022-08-31
903290,2023-12-05,,80,Istanbul,Türkiye,Referral,Mobile,VIP,2,898.67,2024-12-09
495331,2023-05-09,male,35,Rome,Italy,Direct,Tablet,Returning,3,8566.5,2023-12-31
799632,2024-12-24,Female,75,Istanbul,Türkiye,Organic Search, Desktop,Loyal,1,2742.5,2026-03-14
626427,2021-11-17,male,23,New York,USA,Paid Search,Tablet,At Risk,6,4036.62,2022-05-23
936628,2024-08-05,Male,55,Paris,France,Referral, Desktop,Loyal,5,4384.8,2025-03-23
954529,2024-02-03,,58,Istanbul,Türkiye,Referral,Tablet,At Risk,10,1645.02,2024-09-28
402517,2024-01-09,Non-binary,32,London,UK,Paid Search,mobile,New,17,3535.66,2024-07-04
263065,2023-06-01,FEMALE,54,New York,USA,Referral,mobile,VIP,5,6791.24,2023-08-25
261783,2024-04-14,FEMALE,69,Rome,Italy,Email,Desktop,At Risk,0,8976.93,2024-06-26
650086,2024-03-11,Female,85,Madrid,Spain,Social Media, Desktop,At Risk,15,5613.58,2024-07-08
966149,2022-09-20,Female,27,Berlin,Germany,Email,Mobile,At Risk,23,785.93,2022-11-30
210871,2022-03-16,Prefer not to say,19,Madrid,Spain,Organic Search,Desktop,VIP,17,3598.65,2022-11-24
366955,2024-06-27,male,79,Rome,Italy,Direct,Tablet,At Risk,11,52.98,2024-07-28
119699,2021-03-25,FEMALE,67,London,UK,Direct,Tablet,Returning,11,5983.35,2021-06-21
586991,2025-07-09,FEMALE,46,Madrid,Spain,Paid Search,Desktop,New,23,870.76,2026-05-29
515810,2024-02-01,Female,70,Paris,France,Organic Search,mobile,At Risk,6,5224.88,2024-05-18
950260,2024-01-16,male,41,Madrid,Spain,Direct,Tablet,Returning,10,2130.1,2024-09-24
764585,2021-05-16,male,73,Toronto,Canada,Organic Search, Desktop,VIP,5,6454.74,2022-09-17
838913,2024-04-05,Female,83,Madrid,Spain,Social Media,Desktop,VIP,1,5486.13,2024-06-01
871830,2025-03-26,Prefer not to say,87,Istanbul,Türkiye,Email,Mobile,Returning,15,5673.44,2026-04-19
931455,2025-11-08,Non-binary,82,Istanbul,Türkiye,Paid Search,Desktop,Loyal,15,5127.85,2026-02-08
339459,2023-11-19,male,80,Istanbul,Türkiye,Social Media,Tablet,New,8,5473.62,2024-12-30
663852,2022-06-14,Non-binary,65,Istanbul,Türkiye,Organic Search,Desktop,New,6,5361.58,2022-10-30
829292,2025-10-15,Male,47,Paris,France,Email,Tablet,VIP,4,7122.53,2025-10-25
509775,2021-08-09,,51,Madrid,Spain,Organic Search,Tablet,Returning,25,7004.81,2021-12-04
105582,2021-01-21,Prefer not to say,55,Paris,France,Email,Desktop,New,1,6732.56,2021-01-21
670554,2022-10-29,,70,New York,USA,Email,Mobile,At Risk,0,7812.14,2023-12-03
942911,2022-03-18,Prefer not to say,48,Madrid,Spain,Social Media,Tablet,New,17,7774.52,2023-04-30
361592,2021-06-06,Female,78,Rome,Italy,Referral, Desktop,VIP,17,1195.45,2021-08-18
543516,2025-12-01,,59,Berlin,Germany,Referral,Desktop,Loyal,13,7662.07,2025-12-20
266623,2021-10-10,Male,18,Madrid,Spain,Paid Search,mobile,At Risk,13,9238.32,2022-04-01
794438,2022-10-18,Male,78,Madrid,Spain,Paid Search,Desktop,New,21,5106.93,2023-02-13
287750,2023-10-13,FEMALE,88,Istanbul,Türkiye,Referral,mobile,Returning,6,5141.67,2023-10-24
459111,2024-10-02,male,70,Rome,Italy,Direct,Tablet,New,0,2399.2,2024-11-25
794580,2024-10-13,Male,50,Rome,Italy,Email,mobile,At Risk,18,2973.47,2025-01-07
350767,2025-06-29,Female,70,London,UK,Paid Search, Desktop,New,3,939.76,2026-04-12
179751,2024-07-26,,60,Paris,France,Paid Search,Desktop,Returning,15,1731.25,2024-09-24
912667,2022-05-21,,57,Toronto,Canada,Paid Search,mobile,VIP,0,6956.88,2022-10-10
662412,2023-10-27,male,33,London,UK,Paid Search,mobile,Returning,16,9870.1,2024-09-25
684954,2022-10-12,,58,Paris,France,Social Media, Desktop,VIP,10,7255.8,2023-02-05
268766,2021-08-22,male,85,Paris,France,Organic Search,mobile,New,4,2393.07,2021-09-29
284137,2021-09-24,male,36,Toronto,Canada,Referral,Desktop,Returning,17,1270.25,2022-09-24
493932,2022-05-10,male,42,London,UK,Direct,Mobile,New,2,9565.08,2023-02-23
713786,2021-04-15,Prefer not to say,45,Madrid,Spain,Referral, Desktop,At Risk,25,101.1,2022-08-15
122621,2021-10-06,FEMALE,64,Berlin,Germany,Referral,Desktop,At Risk,3,157.87,2022-08-18
638043,2023-11-25,Non-binary,46,London,UK,Referral,Mobile,Loyal,14,8256.17,2024-06-08
327397,2024-12-17,Female,78,Madrid,Spain,Email,Mobile,Loyal,9,2414.49,2025-02-03
548187,2021-08-06,Female,43,Berlin,Germany,Social Media, Desktop,At Risk,1,7953.0,2022-06-30
347110,2023-11-19,Prefer not to say,74,Madrid,Spain,Social Media,Tablet,VIP,25,1328.29,2023-12-06
932989,2022-04-14,male,43,Berlin,Germany,Referral,Desktop,VIP,25,3871.2,2022-12-16
142420,2023-04-10,Male,81,Paris,France,Direct, Desktop,Loyal,12,1883.4,2023-09-20
640710,2022-10-08,male,28,London,UK,Email, Desktop,New,18,9983.37,2024-01-18
859824,2023-02-17,Female,88,Rome,Italy,Referral,Desktop,VIP,20,9339.83,2023-12-16
299480,2023-06-23,male,75,Berlin,Germany,Social Media, Desktop,VIP,19,293.94,2024-03-28
834323,2022-10-26,male,47,Rome,Italy,Direct,Tablet,Returning,5,679.58,2024-02-24
628513,2025-08-10,Female,49,New York,USA,Organic Search, Desktop,Returning,14,7850.71,2026-07-26
824161,2024-09-05,Female,28,Toronto,Canada,Organic Search,Mobile,Loyal,14,6445.85,2024-10-22
741589,2024-07-15,Non-binary,56,London,UK,Social Media,Mobile,At Risk,24,9498.07,2025-09-14
785303,2022-02-28,Prefer not to say,22,Paris,France,Direct, Desktop,Returning,15,5083.77,2023-03-05
662827,2022-01-07,male,81,New York,USA,Paid Search, Desktop,New,8,8541.91,2022-02-26
180971,2021-08-20,FEMALE,32,Madrid,Spain,Referral,Mobile,At Risk,20,9608.77,2021-12-26
359958,2024-05-09,male,24,London,UK,Referral,Tablet,VIP,2,3037.44,2024-11-24
517504,2022-09-17,Non-binary,64,Madrid,Spain,Direct, Desktop,VIP,15,7540.23,2022-12-31
917340,2024-12-24,FEMALE,77,New York,USA,Social Media,Desktop,Returning,24,2790.06,2025-11-14
587532,2022-08-19,male,77,Berlin,Germany,Referral,Tablet,At Risk,16,5499.45,2023-09-27
224878,2021-10-24,Female,43,Madrid,Spain,Email,Desktop,Loyal,7,4674.67,2022-10-17
694555,2025-07-29,,79,Rome,Italy,Organic Search,mobile,VIP,10,5306.5,2026-08-14
775165,2021-02-23,Male,86,Rome,Italy,Direct,mobile,New,22,5415.68,2022-01-25
150695,2023-05-21,FEMALE,67,Paris,France,Social Media,Mobile,VIP,25,8801.05,2023-08-31
505785,2025-10-11,Non-binary,38,London,UK,Social Media,mobile,VIP,23,8276.35,2026-02-24
194041,2025-04-07,,34,New York,USA,Direct,Desktop,Loyal,12,9520.45,2026-07-05
687163,2021-11-05,FEMALE,72,Madrid,Spain,Organic Search, Desktop,VIP,13,3025.57,2022-04-20
199185,2025-02-14,Male,75,Berlin,Germany,Social Media,Desktop,VIP,5,5418.38,2026-03-16
772594,2021-11-20,Non-binary,24,Rome,Italy,Social Media, Desktop,VIP,23,8244.07,2022-09-06
954592,2023-06-02,FEMALE,29,Berlin,Germany,Email, Desktop,At Risk,4,8787.03,2023-10-16
602187,2024-10-28,Prefer not to say,72,London,UK,Social Media,mobile,Returning,20,9018.07,2024-12-22
147164,2024-06-19,Prefer not to say,21,Toronto,Canada,Organic Search, Desktop,Loyal,16,7653.85,2024-11-20
643662,2024-06-03,Non-binary,38,Toronto,Canada,Referral, Desktop,At Risk,17,7162.36,2025-07-07
350812,2023-07-28,FEMALE,85,Madrid,Spain,Organic Search,Desktop,Loyal,24,3019.05,2024-09-25
915116,2021-12-11,Male,26,London,UK,Paid Search,mobile,Loyal,9,8345.52,2022-12-26
112759,2024-06-17,male,59,Rome,Italy,Organic Search,Mobile,Returning,5,5587.29,2024-08-10
121863,2025-09-26,male,37,London,UK,Direct,Desktop,Returning,3,611.59,2025-12-12
427163,2025-01-25,Non-binary,86,Rome,Italy,Paid Search, Desktop,At Risk,1,9784.19,2025-04-30
589086,2021-02-07,male,47,Istanbul,Türkiye,Email,Mobile,At Risk,17,2475.57,2021-11-06
391580,2024-02-24,Non-binary,78,London,UK,Referral,Mobile,New,10,373.61,2025-04-05
858054,2024-03-23,Non-binary,37,London,UK,Social Media,Desktop,Returning,22,9706.6,2024-12-29
535745,2024-09-28,Male,29,Berlin,Germany,Social Media,mobile,VIP,10,1500.3,2025-09-15
274795,2025-06-23,Prefer not to say,69,Istanbul,Türkiye,Paid Search, Desktop,New,23,9395.09,2026-01-23
723867,2022-02-25,Non-binary,87,Istanbul,Türkiye,Organic Search,mobile,Loyal,18,774.48,2023-04-14
239671,2021-09-19,,51,Toronto,Canada,Email, Desktop,Returning,22,4948.02,2022-09-01
688948,2025-09-26,male,21,London,UK,Paid Search,Tablet,New,18,6818.68,2026-10-19
841893,2021-07-21,male,44,Istanbul,Türkiye,Organic Search,Desktop,At Risk,16,6303.83,2022-01-02
966882,2024-05-23,male,41,New York,USA,Organic Search,Desktop,Loyal,22,8238.52,2025-01-14
433782,2023-09-20,Non-binary,65,Madrid,Spain,Direct,mobile,Returning,5,3821.41,2024-05-08
908031,2024-04-30,Non-binary,72,Paris,France,Organic Search,Tablet,Returning,24,6988.79,2024-11-15
660661,2025-09-10,Prefer not to say,18,New York,USA,Email,Tablet,At Risk,23,9950.1,2026-08-08
767420,2023-11-04,Prefer not to say,20,Berlin,Germany,Social Media,Mobile,VIP,24,2934.93,2024-03-30
570480,2024-01-15,Female,27,Toronto,Canada,Organic Search,Mobile,Returning,17,3012.57,2024-11-18
625952,2023-02-15,Prefer not to say,37,Istanbul,Türkiye,Referral, Desktop,Loyal,19,562.14,2024-02-01
942053,2024-05-29,male,58,Paris,France,Referral,Mobile,VIP,10,7112.02,2025-05-17
537893,2024-02-04,Non-binary,50,Berlin,Germany,Referral,Desktop,Returning,7,2796.79,2025-04-29
680722,2021-08-12,Female,42,Berlin,Germany,Referral, Desktop,Returning,3,7943.03,2022-04-21
275760,2021-10-09,FEMALE,62,Paris,France,Direct,Desktop,Returning,7,8000.84,2022-01-24
832830,2025-08-31,Male,51,Berlin,Germany,Organic Search,Desktop,Returning,8,5371.34,2026-01-17
514695,2025-03-11,Male,86,Berlin,Germany,Paid Search,Mobile,Loyal,8,1733.22,2025-08-02
832477,2021-06-06,Male,41,Madrid,Spain,Referral,Desktop,At Risk,23,6100.56,2022-06-21
507989,2024-02-18,Male,73,Toronto,Canada,Email,Tablet,Loyal,23,8141.82,2024-12-19
947643,2025-01-08,male,84,Madrid,Spain,Paid Search,Tablet,VIP,15,4053.17,2025-06-16
310469,2024-04-21,,82,New York,USA,Social Media,mobile,At Risk,19,9363.11,2025-06-16
619458,2025-06-14,Prefer not to say,43,Toronto,Canada,Organic Search,mobile,New,24,8106.05,2026-10-09
956601,2025-10-05,Male,65,New York,USA,Direct,mobile,Loyal,15,2033.31,2027-01-16
391955,2022-08-20,Prefer not to say,71,London,UK,Social Media,Mobile,New,3,9838.03,2023-06-22
477477,2022-05-06,Prefer not to say,66,Toronto,Canada,Social Media,Desktop,At Risk,4,2732.67,2023-04-18
258844,2024-12-07,Prefer not to say,60,Madrid,Spain,Direct, Desktop,VIP,22,2508.85,2025-12-02
372055,2021-08-03,Non-binary,73,New York,USA,Social Media,Tablet,Returning,25,2879.04,2022-11-16
694410,2025-09-20,FEMALE,29,Rome,Italy,Email,Mobile,At Risk,12,8316.84,2026-01-27
393064,2023-04-15,,81,Paris,France,Referral,Mobile,New,5,7639.6,2023-06-19
985882,2022-01-31,male,71,Paris,France,Paid Search,mobile,VIP,3,9150.21,2022-02-15
283665,2024-08-09,Prefer not to say,64,London,UK,Organic Search,mobile,At Risk,5,6795.47,2025-10-17
918477,2021-09-14,Male,67,Toronto,Canada,Organic Search,Tablet,At Risk,14,5532.38,2022-05-20
855979,2022-10-08,Non-binary,22,Paris,France,Paid Search,Desktop,VIP,0,5531.4,2022-12-26
752256,2023-11-18,Prefer not to say,47,London,UK,Referral,Tablet,Loyal,1,5339.15,2025-02-06
187727,2024-07-27,Female,49,London,UK,Paid Search, Desktop,New,6,1188.13,2025-01-04
866548,2024-09-12,Non-binary,33,Paris,France,Email,mobile,New,0,3437.51,2025-05-09
478036,2021-12-29,,47,New York,USA,Paid Search,Mobile,VIP,10,2000.67,2022-03-10
452441,2023-03-30,FEMALE,37,London,UK,Referral,mobile,At Risk,5,9175.4,2023-08-07
249643,2021-07-05,Male,27,Madrid,Spain,Email,Desktop,New,12,7953.66,2021-07-07
371023,2022-10-16,FEMALE,65,Berlin,Germany,Organic Search,Mobile,Returning,6,3462.48,2022-11-08
367397,2021-01-12,Prefer not to say,55,Berlin,Germany,Direct,Desktop,At Risk,17,38.07,2021-03-13
364528,2024-10-17,male,30,Madrid,Spain,Paid Search,mobile,Returning,23,6531.73,2026-02-05
466323,2023-09-26,Non-binary,71,Istanbul,Türkiye,Social Media,Mobile,Returning,20,9305.92,2024-03-14
502928,2024-02-24,,52,Paris,France,Referral,Mobile,Loyal,6,3135.64,2024-08-30
392692,2022-11-26,,34,New York,USA,Organic Search, Desktop,Returning,5,80.35,2023-04-30
692936,2022-09-29,male,36,Berlin,Germany,Social Media,mobile,New,0,8323.57,2023-07-12
590483,2025-05-06,FEMALE,84,Berlin,Germany,Organic Search,mobile,VIP,23,8747.79,2026-09-14
114122,2021-08-28,FEMALE,60,Paris,France,Organic Search, Desktop,Returning,14,1318.75,2021-09-22
256271,2024-10-17,Female,80,Rome,Italy,Email,mobile,VIP,13,1763.81,2026-01-28
236589,2023-10-16,FEMALE,36,London,UK,Paid Search,Tablet,At Risk,6,64.71,2025-01-27
365000,2023-04-08,Non-binary,21,Istanbul,Türkiye,Paid Search,Desktop,VIP,7,624.02,2023-09-29
336889,2022-08-28,Female,54,London,UK,Direct,mobile,VIP,21,8546.38,2024-01-04
306049,2024-02-03,Female,47,Madrid,Spain,Direct,Desktop,At Risk,22,1543.59,2024-03-03
173882,2022-02-11,male,25,London,UK,Email, Desktop,Returning,16,6581.89,2022-10-26
940644,2025-07-28,Non-binary,55,Berlin,Germany,Direct,mobile,VIP,20,4147.54,2026-01-10
663669,2025-06-14,Female,54,Toronto,Canada,Email,Mobile,VIP,22,4025.12,2026-05-26
748467,2025-09-08,Male,64,Toronto,Canada,Email,Tablet,At Risk,10,3969.5,2026-09-21
308049,2025-02-07,Male,74,Berlin,Germany,Direct,Tablet,VIP,11,6323.67,2025-08-21
669389,2022-07-06,Non-binary,52,Toronto,Canada,Email,Tablet,Returning,16,6669.35,2022-11-12
550066,2022-01-16,Non-binary,27,London,UK,Direct,Tablet,Returning,4,5415.24,2022-03-23
850895,2022-02-21,Prefer not to say,29,Paris,France,Direct,Tablet,VIP,19,445.04,2022-04-16
351478,2023-01-05,Male,59,Berlin,Germany,Paid Search,mobile,New,19,231.07,2024-01-22
705670,2021-01-06,FEMALE,69,Madrid,Spain,Email,mobile,At Risk,9,3657.11,2021-02-01
245954,2025-11-02,male,52,Madrid,Spain,Email,mobile,VIP,20,8053.55,2026-06-04
680821,2022-07-10,,59,Paris,France,Direct,mobile,VIP,7,7634.09,2022-07-15
582873,2022-01-09,Non-binary,53,London,UK,Social Media,mobile,Returning,23,6926.76,2022-12-17
510326,2024-06-08,Female,69,Berlin,Germany,Direct,Mobile,New,25,7745.41,2025-02-05
846090,2022-01-12,Male,76,Paris,France,Organic Search,mobile,VIP,17,4027.5,2023-03-13
305350,2022-07-28,male,36,New York,USA,Referral,Mobile,Returning,24,9428.35,2023-08-10
186580,2024-06-20,Non-binary,52,Toronto,Canada,Referral,mobile,Returning,0,8676.17,2025-06-03
755784,2022-03-16,Non-binary,42,London,UK,Organic Search,Mobile,VIP,15,1867.74,2023-06-11
180897,2021-12-13,Non-binary,37,Berlin,Germany,Direct,mobile,VIP,11,6547.45,2022-01-14
260516,2025-03-23,Non-binary,71,Paris,France,Email,mobile,Returning,0,7884.94,2025-04-22
924379,2024-06-30,Male,45,Toronto,Canada,Organic Search,mobile,VIP,23,4107.94,2025-04-22
799711,2023-01-01,Prefer not to say,24,Madrid,Spain,Email,Tablet,Returning,2,7374.34,2023-12-20
160319,2025-10-16,,35,Paris,France,Organic Search,Mobile,Loyal,0,2009.77,2026-03-02
131730,2025-08-30,FEMALE,54,New York,USA,Direct,Desktop,At Risk,11,8268.84,2026-02-12
882601,2022-03-03,male,24,London,UK,Paid Search,Tablet,At Risk,16,6828.23,2022-07-20
525079,2021-07-26,Male,85,Berlin,Germany,Referral,Mobile,Loyal,0,719.03,2022-06-10
501215,2022-06-02,FEMALE,83,Toronto,Canada,Social Media, Desktop,At Risk,21,3398.24,2023-04-17
537522,2022-12-10,FEMALE,48,London,UK,Referral,Tablet,New,13,8744.95,2024-01-14
815560,2023-12-09,Non-binary,46,Istanbul,Türkiye,Referral, Desktop,Loyal,8,5245.28,2025-03-15
244131,2022-06-06,FEMALE,22,London,UK,Referral,Tablet,Returning,6,1656.42,2022-12-13
719714,2022-02-20,Non-binary,69,Madrid,Spain,Referral,Desktop,VIP,5,4183.19,2022-11-04
725899,2025-01-10,Female,81,New York,USA,Direct,Tablet,New,25,2947.91,2025-09-20
235450,2022-06-21,Female,35,Toronto,Canada,Email,Tablet,Loyal,10,9867.25,2022-07-28
805364,2021-12-27,Female,42,Madrid,Spain,Organic Search, Desktop,VIP,20,3405.25,2023-03-12
664660,2024-08-28,FEMALE,58,London,UK,Organic Search,Tablet,New,25,7715.64,2025-03-28
672889,2023-08-04,FEMALE,51,Rome,Italy,Referral, Desktop,New,2,114.89,2023-12-26
177770,2022-11-01,,66,Toronto,Canada,Social Media, Desktop,Returning,10,8960.04,2023-05-04
352935,2021-03-23,Female,39,Toronto,Canada,Paid Search, Desktop,VIP,23,6549.37,2022-04-18
991205,2023-01-25,male,58,New York,USA,Referral,Mobile,New,4,6497.27,2023-08-02
500208,2023-03-04,Male,85,Istanbul,Türkiye,Direct,Mobile,New,17,4343.27,2024-06-03
246199,2021-05-07,male,54,Istanbul,Türkiye,Organic Search, Desktop,New,2,7343.3,2021-11-28
399547,2022-09-20,FEMALE,33,Istanbul,Türkiye,Direct, Desktop,VIP,22,5228.68,2023-11-01
312244,2022-07-16,Non-binary,83,New York,USA,Direct,Mobile,Returning,10,9382.63,2023-05-13
793904,2023-02-11,FEMALE,41,Toronto,Canada,Referral,Mobile,Returning,3,3278.28,2023-12-03
853829,2023-03-24,male,31,Istanbul,Türkiye,Social Media, Desktop,VIP,23,1088.49,2023-06-14
516469,2022-10-07,Prefer not to say,54,Berlin,Germany,Social Media,Tablet,New,9,3158.04,2023-10-11
474196,2021-08-31,Female,87,Madrid,Spain,Email, Desktop,New,18,3986.74,2022-09-23
885444,2025-02-13,male,37,Paris,France,Paid Search,mobile,At Risk,20,2200.35,2026-04-30
979332,2021-11-06,Male,67,Istanbul,Türkiye,Paid Search,Tablet,At Risk,9,8763.29,2022-04-25
286964,2023-05-23,FEMALE,52,Madrid,Spain,Direct,Desktop,At Risk,8,7963.07,2023-09-06
336033,2021-03-12,Non-binary,71,Madrid,Spain,Paid Search,Desktop,New,17,403.44,2021-08-14
412309,2023-10-14,,25,Paris,France,Organic Search,Desktop,Returning,20,6676.04,2024-04-25
843787,2023-02-03,Non-binary,36,Paris,France,Organic Search,Tablet,Loyal,4,4826.04,2024-06-07
250787,2023-12-30,,82,Madrid,Spain,Paid Search, Desktop,Returning,14,3449.98,2025-03-06
464611,2024-05-01,FEMALE,56,Rome,Italy,Social Media, Desktop,At Risk,14,1913.86,2024-11-10
616027,2023-02-07,Prefer not to say,27,Toronto,Canada,Organic Search,mobile,VIP,18,2610.69,2024-04-08
661369,2022-07-18,Female,63,Berlin,Germany,Organic Search,mobile,VIP,1,7418.57,2022-11-24
405941,2022-02-15,Male,37,Paris,France,Paid Search,Desktop,Loyal,14,5762.68,2022-08-24
192886,2024-12-22,Non-binary,56,Berlin,Germany,Referral,mobile,At Risk,19,7364.14,2025-01-29
639266,2023-01-25,Prefer not to say,49,Toronto,Canada,Paid Search,Mobile,Returning,22,7170.07,2024-01-26
967542,2023-05-28,Female,26,London,UK,Direct, Desktop,Returning,17,8310.3,2024-01-08
413456,2022-08-07,,38,Madrid,Spain,Email,Desktop,Loyal,20,5489.3,2023-06-16
318979,2025-07-22,Non-binary,32,Paris,France,Paid Search, Desktop,VIP,9,574.43,2026-09-23
839644,2023-08-04,FEMALE,26,Toronto,Canada,Email,Mobile,Returning,12,7894.51,2023-08-04
585965,2022-12-29,male,49,Madrid,Spain,Email,Desktop,Returning,15,6832.19,2023-08-22
122965,2022-04-10,Female,39,Berlin,Germany,Referral,mobile,VIP,13,3227.47,2022-11-07
404397,2025-02-25,FEMALE,70,Paris,France,Paid Search,mobile,At Risk,16,1777.73,2025-12-11
939427,2021-06-24,FEMALE,86,New York,USA,Referral,Mobile,Returning,18,527.42,2021-09-14
949559,2025-07-05,Prefer not to say,78,Berlin,Germany,Organic Search,Mobile,New,22,5547.57,2026-08-18
752288,2021-09-15,FEMALE,46,Madrid,Spain,Social Media,mobile,Returning,4,984.04,2022-10-15
721380,2021-04-07,male,31,Berlin,Germany,Organic Search, Desktop,Loyal,17,4260.52,2021-10-03
208044,2023-04-15,Female,45,Madrid,Spain,Direct,Mobile,At Risk,24,745.3,2024-01-12
745068,2024-04-13,Prefer not to say,35,Berlin,Germany,Direct, Desktop,Returning,18,4022.47,2025-06-11
490733,2023-11-15,Female,32,Toronto,Canada,Social Media,Mobile,Returning,6,363.46,2024-08-14
891411,2024-04-27,Female,21,Paris,France,Social Media,Desktop,At Risk,23,1695.81,2025-08-03
565140,2024-09-10,male,84,Toronto,Canada,Organic Search,mobile,New,12,2976.27,2024-09-10
367278,2023-12-30,Non-binary,65,Toronto,Canada,Organic Search,Desktop,At Risk,10,4157.31,2024-03-11
748397,2023-04-29,FEMALE,18,New York,USA,Email, Desktop,New,5,2791.02,2024-01-14
161077,2023-05-24,Male,38,Istanbul,Türkiye,Social Media, Desktop,At Risk,18,610.58,2023-07-05
154593,2024-07-27,,44,Toronto,Canada,Organic Search, Desktop,At Risk,23,5299.09,2024-07-28
968803,2024-11-27,Prefer not to say,74,Madrid,Spain,Organic Search,mobile,New,16,6281.5,2026-03-01
919203,2023-03-10,Male,87,Toronto,Canada,Social Media,Desktop,VIP,3,3799.17,2023-04-01
430935,2021-02-22,Non-binary,53,Madrid,Spain,Paid Search,Tablet,At Risk,15,7692.33,2021-12-24
267669,2025-04-30,Prefer not to say,64,Toronto,Canada,Paid Search, Desktop,VIP,6,7890.97,2026-02-05
951728,2025-10-31,Non-binary,87,Paris,France,Organic Search, Desktop,New,24,3731.87,2026-01-30
238798,2021-01-18,Non-binary,67,Rome,Italy,Email,Desktop,New,19,4064.39,2022-02-06
759754,2024-02-20,Female,39,Toronto,Canada,Email, Desktop,Loyal,10,5077.84,2024-03-07
961803,2025-04-23,Male,33,New York,USA,Direct,mobile,At Risk,3,9866.05,2025-11-20
208309,2025-02-14,FEMALE,82,Istanbul,Türkiye,Paid Search,Desktop,At Risk,23,4146.34,2026-06-16
217983,2021-12-19,Non-binary,36,London,UK,Organic Search, Desktop,Loyal,21,7535.66,2022-08-15
995470,2025-07-20,,83,Rome,Italy,Email, Desktop,VIP,23,387.06,2026-10-27
556437,2024-07-25,Prefer not to say,49,Istanbul,Türkiye,Direct,Desktop,At Risk,16,4705.73,2025-05-16
764197,2022-04-09,Non-binary,20,Berlin,Germany,Paid Search,Desktop,VIP,6,1844.21,2022-07-06
714989,2023-08-15,Non-binary,61,Berlin,Germany,Referral,Desktop,At Risk,15,6079.87,2023-09-28
357844,2022-12-27,Female,70,Rome,Italy,Direct,mobile,New,21,8116.34,2023-11-28
880841,2023-10-27,Prefer not to say,35,New York,USA,Social Media,mobile,New,16,5137.0,2024-11-25
317969,2024-02-20,,82,Madrid,Spain,Referral,mobile,New,20,9229.77,2025-03-29
628728,2021-12-05,Male,49,Istanbul,Türkiye,Social Media,Mobile,New,22,7471.22,2023-01-30
632384,2023-05-13,Male,33,Madrid,Spain,Paid Search,Desktop,Loyal,21,4409.7,2024-03-28
516098,2024-05-10,Prefer not to say,18,Madrid,Spain,Referral,mobile,Returning,10,2618.61,2025-06-15
227471,2024-09-15,,28,Toronto,Canada,Direct, Desktop,Returning,0,5137.79,2025-07-09
842247,2024-03-09,Male,25,Madrid,Spain,Direct,mobile,At Risk,11,7826.09,2024-03-22
322481,2022-11-04,Male,70,Madrid,Spain,Direct,Desktop,Loyal,23,5881.87,2023-07-13
959079,2024-03-28,Prefer not to say,29,Madrid,Spain,Paid Search,Mobile,Loyal,17,1004.26,2024-09-15
502464,2022-06-30,Female,72,Rome,Italy,Social Media,mobile,At Risk,8,8106.21,2023-02-03
792954,2022-06-21,Non-binary,65,Istanbul,Türkiye,Direct,mobile,Returning,3,6408.13,2023-09-15
642580,2023-04-25,Non-binary,19,Istanbul,Türkiye,Direct,Tablet,At Risk,16,4554.64,2023-12-23
240461,2024-08-16,Male,57,Rome,Italy,Organic Search,Tablet,Returning,12,6295.37,2024-11-05
953428,2021-01-01,FEMALE,54,Istanbul,Türkiye,Direct,Mobile,VIP,10,124.05,2022-02-05
851042,2025-11-04,Male,36,London,UK,Email,Desktop,Returning,25,6815.02,2026-07-30
706442,2022-10-18,FEMALE,20,Madrid,Spain,Email,Desktop,New,12,746.4,2022-10-22
366971,2025-02-01,Female,72,London,UK,Social Media,Tablet,Returning,10,2753.95,2025-04-07
860288,2023-04-02,male,66,Rome,Italy,Organic Search,Tablet,Loyal,12,5291.65,2024-05-24
103808,2024-08-23,Non-binary,27,Rome,Italy,Social Media,mobile,At Risk,6,2071.78,2025-11-14
852574,2024-02-25,,44,Paris,France,Direct,mobile,Loyal,11,8441.09,2024-08-11
226763,2025-01-22,Female,49,Paris,France,Direct,Mobile,At Risk,16,6963.05,2025-10-01
947897,2023-04-23,,65,London,UK,Direct,Mobile,Loyal,12,9272.79,2024-07-15
311334,2022-02-15,Non-binary,29,Berlin,Germany,Direct,Tablet,New,3,8825.01,2022-03-17
900425,2025-03-04,FEMALE,18,Madrid,Spain,Referral,mobile,VIP,24,1847.72,2025-04-02
690047,2023-12-30,Male,73,Rome,Italy,Paid Search,Tablet,VIP,10,7184.96,2025-05-10
496414,2022-06-26,Male,85,Rome,Italy,Email,mobile,At Risk,21,934.34,2023-01-08
795259,2024-02-18,male,63,Madrid,Spain,Paid Search,Tablet,VIP,3,4063.01,2024-12-24
605445,2023-03-18,Prefer not to say,64,Madrid,Spain,Referral, Desktop,VIP,3,3900.81,2024-07-11
671470,2022-04-30,Prefer not to say,83,Madrid,Spain,Email,Desktop,Loyal,15,8986.84,2023-06-14
743387,2023-11-29,male,35,New York,USA,Paid Search,Tablet,New,16,824.2,2024-09-02
341873,2025-10-11,FEMALE,68,Berlin,Germany,Referral,Desktop,VIP,6,7236.6,2026-04-10
380662,2022-09-13,Prefer not to say,60,Paris,France,Organic Search,Mobile,New,23,8673.74,2023-04-09
139539,2023-10-27,Prefer not to say,55,New York,USA,Paid Search,Tablet,Loyal,15,5519.14,2024-08-01
769446,2025-11-18,Male,75,Paris,France,Organic Search,mobile,Returning,21,4613.77,2027-03-27
275924,2023-06-01,male,32,Istanbul,Türkiye,Direct,Mobile,New,22,5366.73,2024-09-02
804194,2023-02-12,,22,London,UK,Organic Search,Tablet,Returning,1,1638.94,2023-04-17
803172,2023-05-20,Prefer not to say,81,Toronto,Canada,Social Media,Tablet,VIP,24,5431.83,2024-03-19
681297,2024-03-10,FEMALE,40,Toronto,Canada,Referral,Tablet,At Risk,11,4783.59,2025-01-09
627294,2023-10-04,Non-binary,45,Istanbul,Türkiye,Referral,mobile,Loyal,5,4126.17,2024-05-06
344441,2024-04-04,,31,Istanbul,Türkiye,Organic Search,Desktop,Loyal,17,7147.42,2025-01-31
996832,2023-01-02,male,40,Berlin,Germany,Paid Search,Mobile,VIP,1,4382.42,2023-04-16
530380,2024-10-06,Prefer not to say,78,New York,USA,Referral, Desktop,Loyal,16,4373.92,2025-02-15
386984,2022-09-04,FEMALE,56,Toronto,Canada,Email,Mobile,VIP,0,9897.46,2024-01-15
906245,2023-07-27,Prefer not to say,71,Madrid,Spain,Referral,mobile,At Risk,2,1701.18,2024-05-22
793771,2022-08-25,male,48,Berlin,Germany,Social Media,Mobile,VIP,19,9368.44,2023-03-31
541651,2023-07-17,FEMALE,76,London,UK,Email,Desktop,VIP,2,2404.11,2024-01-22
517905,2022-03-13,Prefer not to say,31,New York,USA,Organic Search,mobile,Loyal,0,1420.47,2022-05-17
385191,2024-05-11,Prefer not to say,27,Berlin,Germany,Organic Search, Desktop,Loyal,21,9559.96,2025-07-12
617971,2021-03-20,Non-binary,54,London,UK,Organic Search, Desktop,VIP,2,4508.39,2022-03-23
202479,2024-11-06,Non-binary,28,Rome,Italy,Referral,mobile,New,9,6280.36,2024-11-18
801796,2021-12-29,male,60,Istanbul,Türkiye,Organic Search,Tablet,Returning,5,7106.58,2022-10-17
971394,2022-08-12,Non-binary,79,London,UK,Organic Search,Mobile,New,10,8990.06,2023-10-16
974292,2021-10-05,male,47,Berlin,Germany,Paid Search,Desktop,VIP,2,5028.66,2022-12-24
235895,2024-07-27,Female,28,Istanbul,Türkiye,Direct,Tablet,Returning,10,6268.89,2025-01-20
295719,2021-07-22,Male,45,New York,USA,Organic Search,mobile,Returning,8,4248.18,2021-11-28
686691,2023-11-12,male,58,Berlin,Germany,Referral,mobile,New,10,9470.19,2023-11-16
116642,2021-09-01,FEMALE,86,London,UK,Direct,Mobile,New,3,6084.33,2022-08-26
575980,2025-03-21,male,49,London,UK,Organic Search,Mobile,Returning,7,6297.82,2025-07-10
890404,2025-03-13,Non-binary,34,Madrid,Spain,Referral, Desktop,VIP,21,3043.53,2025-04-20
147024,2022-11-14,male,59,Toronto,Canada,Social Media,Desktop,At Risk,8,6136.05,2023-06-24
612182,2021-09-25,Prefer not to say,57,London,UK,Social Media,Tablet,Loyal,13,3913.29,2022-06-07
324749,2022-04-19,male,55,Paris,France,Organic Search,Tablet,Returning,12,9228.29,2023-01-09
513076,2022-12-21,Prefer not to say,35,Istanbul,Türkiye,Email,mobile,VIP,25,6084.04,2023-12-27
962869,2022-04-25,Male,86,Toronto,Canada,Organic Search, Desktop,Loyal,6,37.69,2023-08-12
865589,2023-03-03,Female,35,London,UK,Social Media,Desktop,VIP,10,1518.7,2024-03-12
664825,2021-04-06,,86,Rome,Italy,Referral, Desktop,Loyal,21,4458.23,2022-03-16
962292,2021-08-27,Prefer not to say,40,Rome,Italy,Social Media, Desktop,Loyal,3,2486.96,2021-10-01
452583,2021-11-15,Female,28,Istanbul,Türkiye,Direct,Desktop,Loyal,22,3917.14,2022-03-07
355309,2025-11-29,FEMALE,65,New York,USA,Paid Search,mobile,New,5,3900.75,2026-09-24
198595,2025-03-16,Non-binary,19,Rome,Italy,Paid Search,mobile,New,20,239.24,2025-05-03
180859,2025-10-06,Male,69,London,UK,Referral, Desktop,At Risk,9,627.39,2026-12-26
811057,2024-08-20,Male,23,Madrid,Spain,Paid Search,Tablet,New,4,7874.63,2025-06-05
882337,2025-11-15,Non-binary,41,Rome,Italy,Direct, Desktop,At Risk,24,3602.8,2027-01-19
144730,2021-02-17,,72,Paris,France,Referral,Mobile,Loyal,9,2957.35,2021-12-29
987518,2021-05-05,FEMALE,37,Rome,Italy,Direct,Tablet,New,5,4476.87,2021-10-18
543198,2023-01-03,FEMALE,54,Paris,France,Email,Mobile,VIP,4,7554.77,2024-03-30
974264,2023-09-04,Male,37,New York,USA,Email, Desktop,Loyal,7,2492.16,2024-10-20
563234,2024-12-01,male,55,Toronto,Canada,Paid Search, Desktop,Returning,14,478.32,2025-08-11
297961,2021-04-30,Prefer not to say,41,Istanbul,Türkiye,Email,mobile,Returning,0,3722.46,2022-05-24
281635,2022-02-15,Male,70,London,UK,Paid Search,mobile,Returning,11,9042.72,2022-03-15
724235,2024-02-11,Female,74,Berlin,Germany,Direct,Desktop,VIP,17,7431.85,2024-08-21
626385,2024-06-08,Female,68,Rome,Italy,Email,Mobile,Loyal,24,3722.19,2025-03-30
299230,2021-12-16,Male,85,Madrid,Spain,Direct,Tablet,New,4,5724.79,2022-06-23
988508,2022-08-08,FEMALE,62,Madrid,Spain,Direct,Desktop,Loyal,17,4282.66,2022-12-22
634508,2024-07-24,Male,75,New York,USA,Referral,Tablet,VIP,17,5373.49,2025-05-28
503495,2025-01-25,,69,Madrid,Spain,Social Media,Tablet,Loyal,8,9842.86,2025-03-12
647177,2025-01-09,FEMALE,18,London,UK,Direct,mobile,Loyal,18,1687.24,2025-02-23
478060,2025-09-30,FEMALE,78,Paris,France,Direct,mobile,Returning,2,3379.86,2026-07-21
306647,2025-03-26,Non-binary,62,London,UK,Organic Search,mobile,VIP,10,2468.13,2025-06-17
344023,2024-12-22,Male,51,Toronto,Canada,Referral, Desktop,New,7,523.09,2025-07-09
477205,2021-02-02,Male,82,Rome,Italy,Direct,Desktop,New,17,3745.24,2021-08-07
790628,2024-01-24,FEMALE,27,Istanbul,Türkiye,Referral,mobile,Returning,2,2921.88,2024-05-30
714524,2022-02-13,Female,45,Toronto,Canada,Email, Desktop,VIP,2,7105.18,2023-04-09
893923,2022-10-22,FEMALE,77,Istanbul,Türkiye,Organic Search, Desktop,New,14,680.04,2023-10-19
914603,2021-06-27,Prefer not to say,72,Rome,Italy,Organic Search,Mobile,Returning,19,3042.39,2022-10-30
167634,2022-01-23,FEMALE,87,Paris,France,Organic Search,Tablet,Loyal,10,5942.08,2022-06-20
457603,2021-04-15,Male,19,London,UK,Direct, Desktop,Loyal,16,3743.36,2022-08-19
154314,2023-04-11,FEMALE,72,Toronto,Canada,Direct,mobile,Loyal,6,196.3,2024-02-18
580729,2021-07-06,FEMALE,70,Madrid,Spain,Direct,Mobile,New,17,5704.5,2022-06-08
146346,2024-08-05,,49,Istanbul,Türkiye,Social Media,Tablet,Returning,18,3339.53,2024-08-08
974571,2021-10-19,Female,60,Rome,Italy,Social Media, Desktop,New,10,4377.69,2023-01-05
740270,2022-11-01,Non-binary,29,Berlin,Germany,Organic Search,mobile,Returning,1,6201.23,2023-10-20
285367,2025-03-18,Male,43,Berlin,Germany,Paid Search,Tablet,At Risk,9,3402.98,2025-05-02
254858,2021-11-07,Non-binary,58,London,UK,Email,Desktop,New,12,5359.56,2022-10-18
995270,2021-03-05,,53,Toronto,Canada,Organic Search,Desktop,VIP,19,2785.81,2022-01-10
399393,2024-09-29,Male,24,Rome,Italy,Organic Search, Desktop,VIP,23,9135.02,2025-02-08
591945,2024-08-03,,35,Rome,Italy,Email,mobile,At Risk,19,7861.72,2025-03-07
145146,2025-06-02,Male,78,Berlin,Germany,Social Media,Tablet,Returning,6,6647.08,2025-10-15
711658,2021-11-01,Male,36,Toronto,Canada,Paid Search, Desktop,Loyal,11,1714.39,2022-12-11
625387,2023-10-08,Male,20,New York,USA,Referral,Mobile,Returning,8,7422.42,2024-07-15
168026,2025-01-25,Male,27,Rome,Italy,Organic Search,Tablet,VIP,4,3769.98,2026-05-27
976083,2025-09-03,Prefer not to say,56,Toronto,Canada,Paid Search, Desktop,Returning,21,6064.79,2026-06-14
692901,2022-10-26,Non-binary,71,Istanbul,Türkiye,Email,Desktop,Returning,23,5150.09,2023-02-08
515550,2023-01-26,FEMALE,75,Paris,France,Organic Search,Tablet,At Risk,17,5036.74,2024-05-08
196453,2025-05-23,Male,53,Rome,Italy,Email, Desktop,At Risk,11,6270.13,2026-06-06
519371,2023-12-10,Female,54,Toronto,Canada,Paid Search,Tablet,Returning,25,335.52,2024-02-26
935369,2024-04-15,male,35,Istanbul,Türkiye,Paid Search,Mobile,New,20,6905.12,2025-01-08
636576,2024-05-10,,84,Rome,Italy,Social Media, Desktop,VIP,19,350.33,2024-10-12
982970,2022-10-18,male,32,Paris,France,Paid Search,Tablet,VIP,8,1936.0,2023-07-09
700247,2022-11-18,Prefer not to say,68,Istanbul,Türkiye,Paid Search,Tablet,Returning,11,6852.66,2023-11-13
777492,2024-09-13,Male,61,Berlin,Germany,Email,Mobile,VIP,7,9804.35,2025-10-18
415934,2024-08-03,FEMALE,69,Istanbul,Türkiye,Email,Tablet,New,0,8089.37,2025-08-09
513538,2023-10-14,Male,21,New York,USA,Organic Search, Desktop,Loyal,25,7048.58,2024-02-07
380931,2025-10-22,Prefer not to say,66,Rome,Italy,Social Media,mobile,At Risk,7,7080.0,2026-08-20
469299,2021-02-15,male,57,Istanbul,Türkiye,Referral,Tablet,VIP,5,9679.83,2021-11-27
593490,2021-04-15,FEMALE,31,London,UK,Direct,Desktop,VIP,3,4715.26,2022-06-07
151468,2025-03-14,Non-binary,34,Toronto,Canada,Paid Search,mobile,VIP,13,4729.55,2025-07-05
679014,2023-02-22,Male,77,New York,USA,Organic Search,mobile,At Risk,13,9866.34,2024-04-04
600334,2021-04-02,Non-binary,76,Toronto,Canada,Email,mobile,Loyal,23,5718.17,2022-04-09
118272,2023-11-22,FEMALE,23,Berlin,Germany,Paid Search,Mobile,New,22,1409.5,2024-06-29
547554,2022-08-23,Non-binary,88,New York,USA,Organic Search,Mobile,Returning,4,9496.35,2023-10-28
419402,2024-04-25,Prefer not to say,47,Berlin,Germany,Organic Search,Desktop,VIP,15,3687.83,2025-06-12
717278,2025-03-25,FEMALE,84,Rome,Italy,Direct,Mobile,Loyal,13,9729.48,2026-01-07
885327,2023-06-10,Female,72,Paris,France,Organic Search,Tablet,New,17,3969.13,2024-10-14
432724,2023-12-30,male,83,New York,USA,Email,Mobile,At Risk,21,3452.14,2024-06-11
933848,2021-01-03,Prefer not to say,55,New York,USA,Referral,Desktop,New,9,832.25,2021-01-11
256654,2024-09-28,Female,37,Berlin,Germany,Direct,Tablet,Loyal,20,1865.0,2025-12-07
725085,2024-07-17,Male,86,Rome,Italy,Social Media,Mobile,Returning,5,9788.34,2024-10-08
717959,2022-06-22,Male,77,Istanbul,Türkiye,Social Media,Desktop,Returning,0,8533.05,2023-08-16
682742,2021-02-21,FEMALE,65,Madrid,Spain,Referral, Desktop,Returning,21,7561.52,2021-07-25
992299,2021-05-16,Non-binary,56,New York,USA,Referral, Desktop,New,22,2136.3,2021-06-01
391269,2023-04-23,FEMALE,56,Berlin,Germany,Paid Search,Mobile,New,17,1530.87,2023-08-11
169066,2023-09-24,FEMALE,36,Istanbul,Türkiye,Organic Search,mobile,New,20,5875.51,2024-05-13
736644,2022-03-27,FEMALE,68,Madrid,Spain,Email,Tablet,Returning,15,4014.03,2022-07-09
925364,2024-01-06,FEMALE,73,Rome,Italy,Email,mobile,VIP,16,1269.03,2024-08-07
929289,2025-02-15,Male,68,Rome,Italy,Paid Search,Desktop,New,23,53.3,2025-10-23
913355,2025-08-04,,39,Istanbul,Türkiye,Referral,Tablet,Loyal,1,4551.05,2026-03-24
478516,2021-06-13,Male,88,Toronto,Canada,Direct, Desktop,New,16,8265.27,2021-09-20
535295,2024-10-09,FEMALE,44,London,UK,Paid Search,Mobile,Returning,23,2862.85,2025-09-08
510009,2024-01-02,Non-binary,39,London,UK,Email,mobile,Loyal,3,7549.88,2025-01-09
645086,2023-12-10,Prefer not to say,73,Istanbul,Türkiye,Organic Search,mobile,Returning,9,276.49,2025-01-01
929295,2022-05-27,Prefer not to say,83,Paris,France,Direct,Mobile,Returning,20,7669.56,2022-11-25
124778,2024-05-12,Male,73,Istanbul,Türkiye,Organic Search, Desktop,Returning,17,9533.38,2025-05-06
703611,2022-05-30,Non-binary,57,New York,USA,Paid Search, Desktop,At Risk,12,1365.97,2022-09-04
709991,2024-01-22,Non-binary,78,Toronto,Canada,Email,Tablet,VIP,9,1080.0,2024-11-14
219023,2025-03-05,,55,Berlin,Germany,Social Media,Tablet,VIP,23,2899.15,2025-05-06
138731,2021-01-28,,52,London,UK,Direct,Mobile,New,3,5193.76,2022-05-16
701689,2021-02-14,,54,Berlin,Germany,Organic Search,Mobile,VIP,2,2252.73,2021-11-24
655272,2025-02-14,,67,Istanbul,Türkiye,Direct,Tablet,New,20,5964.67,2026-03-17
115079,2021-07-22,,42,Berlin,Germany,Social Media,Mobile,New,15,5403.79,2022-04-26
205824,2023-10-02,Male,21,New York,USA,Social Media,Desktop,At Risk,22,1618.24,2024-01-03
448174,2025-09-01,Female,50,Madrid,Spain,Organic Search, Desktop,At Risk,25,1298.45,2026-07-22
453052,2025-03-20,Prefer not to say,63,Istanbul,Türkiye,Organic Search, Desktop,Returning,11,4805.4,2025-06-05
486237,2023-10-29,Prefer not to say,87,Toronto,Canada,Direct,Tablet,At Risk,22,1794.33,2023-11-27
886732,2024-01-14,male,71,Toronto,Canada,Direct,Mobile,VIP,21,5226.41,2024-03-31
677642,2025-06-08,Prefer not to say,28,Berlin,Germany,Organic Search,mobile,At Risk,22,3294.12,2026-09-17
136135,2024-04-08,,72,Toronto,Canada,Direct,mobile,Loyal,5,9860.51,2024-05-03
768429,2022-12-26,,67,Toronto,Canada,Email, Desktop,Loyal,18,1924.57,2023-06-02
488138,2023-11-16,Non-binary,55,Toronto,Canada,Social Media,Desktop,Loyal,6,6943.38,2025-02-01
711033,2022-11-05,FEMALE,56,Berlin,Germany,Email,Tablet,VIP,11,2192.81,2023-11-12
177765,2025-09-26,male,77,Madrid,Spain,Direct,Desktop,Loyal,14,8772.3,2027-01-10
765169,2021-10-22,,59,Istanbul,Türkiye,Social Media, Desktop,VIP,17,1117.61,2021-12-11
187830,2022-10-23,,86,Rome,Italy,Direct,Desktop,Returning,10,8300.95,2022-12-31
988293,2021-05-07,Non-binary,82,London,UK,Referral,Tablet,At Risk,20,6185.41,2021-10-06
665799,2022-05-18,Female,78,Madrid,Spain,Referral, Desktop,New,7,2013.71,2023-03-24
567884,2024-10-08,Female,43,New York,USA,Social Media,Mobile,Returning,20,843.19,2025-08-13
450730,2021-04-26,Prefer not to say,85,Paris,France,Social Media,mobile,At Risk,9,3476.51,2022-04-21
624371,2024-12-26,male,22,Berlin,Germany,Referral,mobile,New,16,4559.2,2025-04-15
949710,2021-09-01,,38,London,UK,Email,mobile,Returning,25,9755.98,2021-11-11
670514,2024-04-15,male,61,Paris,France,Social Media,Mobile,VIP,3,4267.24,2024-06-05
103571,2025-11-23,Male,54,Toronto,Canada,Email,Mobile,VIP,23,7403.38,2026-02-07
268517,2021-04-22,Male,54,New York,USA,Paid Search,Mobile,Returning,2,1702.78,2021-06-25
440818,2022-01-07,Non-binary,80,Rome,Italy,Social Media,mobile,Returning,19,3157.06,2022-03-26
478379,2024-01-18,Prefer not to say,51,Berlin,Germany,Referral,Tablet,At Risk,11,6207.35,2024-10-17
324329,2022-05-29,Non-binary,73,Berlin,Germany,Direct,mobile,New,14,5791.64,2023-02-21
253242,2025-12-06,male,41,Berlin,Germany,Referral,Desktop,At Risk,12,6030.37,2026-02-11
708387,2022-04-27,FEMALE,87,Paris,France,Referral,Desktop,At Risk,17,4093.58,2022-09-24
255415,2021-03-12,Prefer not to say,18,Paris,France,Direct,Mobile,VIP,19,5873.65,2022-04-29
718224,2024-08-21,Non-binary,38,Berlin,Germany,Social Media, Desktop,Loyal,9,9203.04,2025-10-08
213127,2022-03-01,Non-binary,85,Toronto,Canada,Social Media,Tablet,Returning,5,4675.55,2023-07-03
523600,2025-08-12,Female,38,Berlin,Germany,Organic Search,Desktop,Loyal,14,8309.13,2026-11-26
432609,2021-06-15,male,23,London,UK,Social Media,mobile,New,25,6630.66,2022-01-08
633348,2025-02-18,male,75,Rome,Italy,Organic Search,Mobile,New,8,5990.57,2025-09-23
541302,2025-06-12,Male,55,Madrid,Spain,Direct,Desktop,Loyal,6,8172.01,2025-12-20
961385,2021-07-22,FEMALE,74,Berlin,Germany,Paid Search,Mobile,Loyal,21,8318.51,2021-08-15
477521,2021-01-21,Prefer not to say,84,Paris,France,Direct,Tablet,Loyal,16,9418.7,2021-02-13
458000,2021-02-15,male,76,Madrid,Spain,Paid Search,Tablet,Returning,12,8970.82,2021-07-29
993250,2021-11-23,Female,19,Istanbul,Türkiye,Direct,mobile,Returning,13,4368.29,2023-01-11
372392,2021-12-16,male,72,New York,USA,Social Media, Desktop,VIP,2,9234.46,2022-09-05
738412,2023-03-07,Prefer not to say,44,Istanbul,Türkiye,Referral,Desktop,VIP,21,342.05,2024-01-13
486384,2024-10-15,Non-binary,28,London,UK,Social Media,Tablet,VIP,17,8558.35,2026-01-07
139428,2021-04-04,Male,62,New York,USA,Paid Search,Tablet,At Risk,13,8976.76,2022-01-23
845478,2024-11-15,Female,54,New York,USA,Referral, Desktop,At Risk,10,6321.66,2025-12-23
166547,2025-06-26,Non-binary,61,Berlin,Germany,Direct,mobile,Returning,16,8840.76,2026-07-14
904833,2025-07-27,Male,31,London,UK,Email,Tablet,VIP,4,2509.23,2025-08-31
761374,2021-06-16,FEMALE,80,Berlin,Germany,Organic Search,Mobile,New,10,2525.52,2022-10-29
358629,2024-03-31,male,73,Istanbul,Türkiye,Direct, Desktop,Returning,18,4568.88,2024-11-28
959708,2023-02-04,male,77,London,UK,Referral,Tablet,VIP,15,9879.02,2024-03-31
928823,2022-06-28,Non-binary,78,London,UK,Organic Search,Desktop,Loyal,15,442.86,2022-09-18
378409,2022-01-23,Prefer not to say,52,Paris,France,Email,Desktop,New,2,5246.49,2022-06-14
891253,2024-02-27,Prefer not to say,70,Madrid,Spain,Organic Search,mobile,VIP,23,152.94,2025-02-14
516335,2022-04-19,male,58,Rome,Italy,Referral,Mobile,Returning,9,8100.61,2023-07-28
677122,2021-08-31,Male,38,Toronto,Canada,Referral,Tablet,Loyal,17,5325.91,2022-10-30
397644,2021-11-27,Prefer not to say,78,Toronto,Canada,Email,Tablet,Returning,13,1855.26,2022-05-17
701642,2022-10-03,Female,61,Berlin,Germany,Organic Search,mobile,VIP,22,9156.67,2023-03-30
924003,2023-11-12,male,80,Toronto,Canada,Paid Search,Desktop,New,6,7255.13,2025-03-05
748672,2022-10-30,male,78,Paris,France,Direct,Tablet,Loyal,0,1316.88,2024-02-24
187535,2025-05-09,FEMALE,80,New York,USA,Social Media, Desktop,Loyal,20,65.58,2025-11-07
178553,2025-07-02,Non-binary,62,Toronto,Canada,Organic Search,Desktop,At Risk,10,1533.97,2026-09-23
843024,2021-12-09,FEMALE,61,Paris,France,Social Media,Tablet,VIP,12,6887.66,2023-04-07
278664,2022-09-13,Male,76,Rome,Italy,Referral,Tablet,Returning,13,6632.35,2023-01-22
380279,2022-10-19,Non-binary,68,Berlin,Germany,Direct,Tablet,VIP,11,2874.46,2023-11-25
533898,2021-10-05,Prefer not to say,86,Rome,Italy,Organic Search,Mobile,VIP,20,6281.33,2022-09-20
187339,2023-07-21,male,42,New York,USA,Email,mobile,Loyal,0,5239.23,2024-10-23
232409,2024-11-02,Male,73,Toronto,Canada,Email,Tablet,Loyal,10,6765.55,2025-11-22
396148,2023-08-05,FEMALE,42,Toronto,Canada,Organic Search,Mobile,Returning,25,6289.43,2024-09-18
677592,2021-03-06,Female,46,Istanbul,Türkiye,Paid Search,Tablet,At Risk,11,7123.04,2022-02-17
861419,2022-12-26,Female,79,Rome,Italy,Paid Search,Desktop,VIP,7,9376.48,2023-09-11
772252,2025-11-04,Female,22,Rome,Italy,Referral,Mobile,Returning,2,7091.12,2027-01-20
375574,2025-05-13,Female,85,Madrid,Spain,Organic Search,Mobile,At Risk,6,663.56,2026-05-26
346259,2025-10-27,male,74,Istanbul,Türkiye,Email,Desktop,At Risk,7,2839.71,2027-01-03
320810,2021-11-24,Male,82,Rome,Italy,Organic Search,mobile,VIP,25,4932.42,2023-03-10
203626,2022-12-09,Prefer not to say,36,Madrid,Spain,Email, Desktop,At Risk,21,9292.87,2023-06-13
390591,2022-01-19,Male,79,New York,USA,Social Media,Tablet,Returning,11,3107.84,2023-01-06
856762,2024-05-26,Non-binary,79,Berlin,Germany,Organic Search,mobile,VIP,12,5914.31,2025-07-09
603758,2023-08-15,,36,Madrid,Spain,Organic Search,mobile,Loyal,4,6794.17,2024-04-23
149405,2024-02-07,Non-binary,55,Rome,Italy,Organic Search,Mobile,VIP,10,461.1,2025-03-29
873376,2023-03-29,Non-binary,73,Berlin,Germany,Organic Search,Tablet,At Risk,22,7430.27,2024-01-07
637026,2024-06-13,Prefer not to say,28,Rome,Italy,Social Media,Tablet,Loyal,7,9517.5,2025-07-26
415960,2025-04-20,male,41,New York,USA,Social Media, Desktop,New,8,4730.31,2025-08-01
925648,2021-05-19,Prefer not to say,69,Toronto,Canada,Social Media,Tablet,VIP,24,4039.22,2021-09-02
950179,2024-07-22,Prefer not to say,18,Madrid,Spain,Direct,Desktop,Returning,12,1839.63,2025-04-12
313813,2023-11-07,Non-binary,27,New York,USA,Social Media,Tablet,Returning,6,4018.2,2025-03-08
961946,2023-06-05,Male,57,Berlin,Germany,Organic Search,Mobile,VIP,2,617.06,2024-01-01
670075,2022-03-11,Non-binary,26,Rome,Italy,Paid Search, Desktop,At Risk,6,5527.8,2022-03-26
178774,2021-02-28,,48,New York,USA,Social Media, Desktop,At Risk,17,8623.5,2021-06-08
677464,2022-11-10,Male,57,Toronto,Canada,Organic Search,Tablet,At Risk,8,4279.2,2023-05-30
430782,2023-05-16,Non-binary,73,Toronto,Canada,Email,mobile,At Risk,14,3869.89,2024-09-09
456164,2023-10-19,Female,59,New York,USA,Paid Search,mobile,At Risk,9,4309.14,2023-12-15
410426,2021-07-24,Male,20,London,UK,Email,Desktop,Loyal,12,3151.36,2022-09-21
641247,2021-06-17,Non-binary,24,Toronto,Canada,Organic Search, Desktop,New,3,2139.33,2021-08-03
239726,2023-06-09,Prefer not to say,58,Istanbul,Türkiye,Referral,Mobile,At Risk,14,6367.41,2023-09-14
136964,2023-06-23,male,31,Madrid,Spain,Direct,Mobile,New,9,7816.11,2024-09-20
563705,2022-03-02,male,37,Paris,France,Referral,Desktop,Returning,13,3124.96,2022-06-22
953678,2023-01-17,male,84,London,UK,Organic Search,mobile,At Risk,12,2314.21,2023-09-06
481621,2023-02-15,FEMALE,55,Berlin,Germany,Organic Search,mobile,New,25,9353.51,2024-01-30
937871,2022-11-22,,64,New York,USA,Paid Search,mobile,Returning,2,1648.59,2023-06-18
883778,2024-10-02,male,20,London,UK,Referral,Mobile,VIP,18,9271.28,2025-04-05
139099,2023-10-28,Prefer not to say,70,New York,USA,Email,Desktop,New,4,7768.34,2023-11-16
130104,2021-03-02,FEMALE,61,New York,USA,Referral,Desktop,Loyal,6,4288.45,2022-02-11
430801,2022-02-17,Prefer not to say,87,London,UK,Paid Search,Desktop,Loyal,1,8296.17,2022-05-12
537776,2022-10-21,,38,New York,USA,Email,Mobile,VIP,23,9170.98,2023-01-16
886200,2022-02-25,,79,New York,USA,Referral,Tablet,Returning,9,7267.61,2023-05-09
271769,2022-07-11,Male,71,London,UK,Email,Desktop,Loyal,5,4468.73,2022-10-13
684057,2024-02-10,Non-binary,27,New York,USA,Social Media,Desktop,Returning,23,4395.73,2024-06-17
142599,2024-07-22,Prefer not to say,62,New York,USA,Paid Search,Desktop,At Risk,4,9783.89,2024-08-06
841215,2021-09-08,FEMALE,19,London,UK,Direct,mobile,Returning,19,4335.24,2022-10-17
716933,2022-09-06,Non-binary,82,Istanbul,Türkiye,Direct,Desktop,At Risk,20,2392.67,2022-11-15
836165,2024-12-17,Non-binary,52,Madrid,Spain,Organic Search,Desktop,VIP,9,3240.24,2025-10-18
795843,2023-02-17,Female,88,London,UK,Referral,mobile,At Risk,14,1379.59,2023-06-17
760005,2023-07-01,Female,31,Rome,Italy,Social Media,Desktop,At Risk,18,6586.0,2024-07-09
651408,2021-03-25,Female,44,Istanbul,Türkiye,Organic Search,Tablet,VIP,11,4582.36,2021-05-07
545203,2023-10-14,Non-binary,50,Rome,Italy,Organic Search,Tablet,Loyal,0,7573.84,2024-12-11
293326,2021-01-13,FEMALE,84,Istanbul,Türkiye,Direct, Desktop,VIP,5,8844.23,2021-04-22
307015,2024-02-05,Prefer not to say,63,Paris,France,Direct,Desktop,At Risk,2,4506.68,2025-06-13
344149,2022-12-06,Prefer not to say,47,London,UK,Organic Search,Tablet,VIP,20,1795.16,2023-03-22
220337,2021-04-13,Non-binary,73,Madrid,Spain,Referral,mobile,Returning,3,7875.09,2021-11-02
715977,2022-02-20,Female,19,Madrid,Spain,Email,mobile,New,19,8626.06,2022-07-09
236362,2022-06-25,Male,40,Istanbul,Türkiye,Paid Search,Mobile,VIP,6,178.05,2023-04-13
715224,2022-09-26,male,65,London,UK,Direct,Desktop,Loyal,8,9803.77,2023-03-21
630831,2024-05-25,Non-binary,29,London,UK,Referral, Desktop,Loyal,20,7192.68,2025-09-10
228388,2025-01-13,male,36,New York,USA,Direct,Mobile,At Risk,8,5235.1,2025-10-02
856594,2023-04-16,FEMALE,59,Toronto,Canada,Direct,Mobile,Returning,20,2450.36,2024-07-24
379547,2024-11-15,,83,Paris,France,Organic Search,mobile,At Risk,16,1905.42,2024-11-24
580597,2024-10-06,Male,52,Istanbul,Türkiye,Paid Search,Mobile,Returning,6,6254.36,2025-05-10
305837,2024-02-29,,66,Berlin,Germany,Email,Tablet,At Risk,5,7011.81,2024-10-22
919366,2023-09-24,male,84,Rome,Italy,Referral,mobile,VIP,6,1379.46,2023-11-17
157979,2025-12-02,Male,56,Rome,Italy,Organic Search,Tablet,At Risk,23,7281.11,2026-04-10
478857,2021-12-24,Female,88,London,UK,Social Media,mobile,New,19,7318.91,2023-03-31
578279,2023-08-18,Prefer not to say,52,Berlin,Germany,Organic Search,Desktop,New,15,8810.62,2023-12-05
451194,2025-03-24,,40,New York,USA,Organic Search,Mobile,New,9,207.44,2026-08-03
744345,2025-04-23,FEMALE,48,London,UK,Social Media,Mobile,At Risk,16,195.0,2025-12-16
858365,2021-10-20,Prefer not to say,24,New York,USA,Social Media,Desktop,At Risk,20,3101.85,2022-07-12
471909,2024-04-23,,61,Berlin,Germany,Social Media,Desktop,Returning,5,4615.71,2025-08-26
330444,2023-07-28,,18,Madrid,Spain,Organic Search,Tablet,VIP,16,5821.57,2024-06-27
766265,2021-11-27,Non-binary,77,Paris,France,Paid Search,Desktop,VIP,6,2960.22,2022-12-22
109806,2023-05-13,Male,33,Istanbul,Türkiye,Organic Search,mobile,At Risk,16,4676.33,2023-05-18
114627,2022-11-13,,87,Paris,France,Direct,mobile,Loyal,24,583.13,2024-01-04
612482,2025-05-18,male,27,Berlin,Germany,Paid Search,mobile,New,25,8407.75,2026-03-09
133831,2021-08-29,Male,39,Berlin,Germany,Paid Search,mobile,New,0,519.21,2022-06-08
272374,2025-09-01,Female,72,London,UK,Direct, Desktop,Returning,25,5619.56,2026-08-21
365618,2025-11-10,Prefer not to say,88,Istanbul,Türkiye,Email,Tablet,VIP,14,7927.62,2027-01-13
678769,2021-05-15,Non-binary,60,Berlin,Germany,Referral, Desktop,Loyal,12,317.65,2022-09-19
141804,2024-09-10,Male,30,New York,USA,Email,mobile,Returning,15,2868.23,2024-10-03
109623,2021-10-14,Non-binary,73,New York,USA,Paid Search,mobile,New,6,2529.94,2022-02-17
341266,2023-03-09,Non-binary,77,Toronto,Canada,Organic Search,Tablet,Returning,13,767.92,2023-06-12
901858,2021-09-23,Non-binary,31,New York,USA,Organic Search,Mobile,New,7,2616.16,2022-12-27
188766,2023-10-30,Non-binary,34,Toronto,Canada,Social Media,Mobile,Loyal,16,8468.93,2024-12-05
649772,2022-05-21,male,77,London,UK,Social Media,Mobile,New,0,7628.96,2023-03-11
956777,2024-11-16,Female,34,Toronto,Canada,Paid Search,Desktop,New,15,1844.61,2024-12-26
281734,2022-04-08,Non-binary,60,Paris,France,Direct,Tablet,Loyal,0,2682.68,2022-10-22
136809,2021-08-12,Prefer not to say,73,New York,USA,Paid Search, Desktop,VIP,23,4883.39,2021-12-23
653813,2024-10-19,Non-binary,44,Rome,Italy,Organic Search,mobile,Returning,17,2077.08,2025-03-28
309979,2023-09-28,FEMALE,62,New York,USA,Referral, Desktop,At Risk,2,3145.33,2025-02-04
319610,2025-08-11,FEMALE,68,London,UK,Social Media,mobile,Returning,18,3702.22,2026-02-18
564508,2021-12-03,Female,86,Toronto,Canada,Organic Search, Desktop,Loyal,19,270.36,2023-02-20
402791,2024-04-10,Female,65,Paris,France,Direct,mobile,Returning,8,374.77,2025-04-05
354825,2021-08-08,Male,60,New York,USA,Referral,Mobile,At Risk,12,8450.24,2022-07-17
614310,2025-08-01,Female,27,Berlin,Germany,Paid Search,Tablet,VIP,24,3184.21,2025-10-08
630467,2022-03-10,Male,60,Toronto,Canada,Social Media,Desktop,Returning,9,639.98,2022-06-05
489418,2023-05-14,,31,Istanbul,Türkiye,Paid Search,Tablet,New,14,7271.8,2024-06-06
440681,2024-05-29,Male,30,Madrid,Spain,Social Media,Mobile,Loyal,3,6526.78,2025-03-23
511020,2021-11-27,FEMALE,62,London,UK,Direct,Tablet,VIP,12,1201.72,2022-06-13
785171,2021-07-28,Female,50,London,UK,Direct,Mobile,Returning,15,2122.17,2022-03-21
177047,2023-01-29,male,42,Madrid,Spain,Referral,Mobile,New,16,2186.51,2023-01-30
304725,2023-03-18,Prefer not to say,80,Berlin,Germany,Referral, Desktop,Loyal,23,2914.16,2024-03-20
723189,2022-07-23,Non-binary,39,Berlin,Germany,Email,Desktop,New,18,1017.23,2022-12-09
290317,2024-10-09,male,18,Madrid,Spain,Referral,Desktop,New,3,9579.42,2025-08-04
296635,2021-11-11,Non-binary,76,Rome,Italy,Organic Search,Desktop,VIP,2,3701.88,2022-02-23
817639,2025-10-14,male,29,Paris,France,Organic Search,Tablet,New,13,8195.04,2026-09-17
753323,2021-04-06,,37,New York,USA,Referral,Desktop,Loyal,18,6405.34,2022-07-06
411388,2021-09-03,Male,24,Istanbul,Türkiye,Social Media, Desktop,New,11,2214.57,2021-11-10
709496,2025-01-02,Male,81,Istanbul,Türkiye,Paid Search, Desktop,VIP,1,838.65,2025-02-05
546945,2024-06-24,Non-binary,30,Paris,France,Referral, Desktop,At Risk,11,8792.69,2025-05-15
743472,2025-05-17,Prefer not to say,41,London,UK,Referral,Tablet,At Risk,16,2527.07,2025-11-11
597047,2021-11-01,Non-binary,28,New York,USA,Direct, Desktop,Loyal,18,8725.92,2022-09-08
481133,2025-03-02,Non-binary,72,Madrid,Spain,Organic Search,mobile,Returning,1,2232.04,2026-06-29
124295,2021-02-10,FEMALE,81,London,UK,Email,Desktop,Loyal,2,3044.08,2022-01-18
611013,2021-01-05,Male,73,Rome,Italy,Referral,Tablet,New,23,4061.6,2021-07-09
121658,2022-12-27,Non-binary,86,Paris,France,Email,Desktop,Returning,25,645.86,2023-07-14
209857,2023-05-20,Prefer not to say,49,Berlin,Germany,Organic Search, Desktop,VIP,5,9486.22,2024-03-30
791177,2024-03-25,Male,21,Paris,France,Organic Search,Tablet,VIP,5,184.34,2025-01-17
756018,2023-12-15,Male,36,London,UK,Referral, Desktop,At Risk,8,9738.84,2024-11-30
706039,2023-04-29,,86,Berlin,Germany,Social Media,Desktop,Loyal,6,8737.26,2023-10-02
796824,2024-09-07,Non-binary,56,Paris,France,Organic Search, Desktop,New,11,7086.07,2025-04-17
749872,2021-12-02,Male,46,Paris,France,Paid Search,mobile,At Risk,0,1015.19,2023-01-30
987013,2025-08-06,Male,59,Paris,France,Social Media,Desktop,Returning,14,2448.05,2026-02-18
553477,2021-11-02,FEMALE,80,Berlin,Germany,Social Media, Desktop,VIP,14,6802.11,2022-03-28
967502,2025-09-20,male,85,London,UK,Referral,Tablet,At Risk,24,8268.92,2026-02-14
842046,2022-01-22,Non-binary,62,Paris,France,Paid Search,Desktop,Returning,1,5194.49,2022-06-30
710477,2022-08-31,FEMALE,65,Istanbul,Türkiye,Paid Search,Desktop,At Risk,4,8506.55,2022-10-06
460292,2021-06-23,FEMALE,51,Rome,Italy,Social Media, Desktop,Loyal,10,1978.72,2022-04-20
455352,2024-06-07,FEMALE,20,Toronto,Canada,Social Media,Mobile,VIP,24,487.35,2024-07-07
177659,2023-09-03,,38,Rome,Italy,Referral,Tablet,Returning,17,9061.81,2025-01-11
778352,2024-02-24,Prefer not to say,58,Madrid,Spain,Social Media,Mobile,New,19,2765.49,2025-04-22
540596,2024-03-17,Male,33,Madrid,Spain,Social Media,Desktop,Returning,17,4142.35,2024-11-18
304780,2025-06-09,FEMALE,86,Madrid,Spain,Paid Search,Mobile,VIP,20,1557.39,2025-07-28
835706,2023-02-09,Prefer not to say,46,London,UK,Organic Search,Mobile,New,0,4545.94,2023-05-20
639200,2023-01-29,Non-binary,87,Berlin,Germany,Social Media,Tablet,New,4,9648.82,2023-05-16
943289,2024-12-07,Female,52,New York,USA,Social Media,Desktop,VIP,4,6809.47,2025-07-06
618349,2023-09-30,Male,76,Berlin,Germany,Direct,Tablet,Returning,4,5020.36,2024-06-06
982881,2022-09-13,,51,New York,USA,Organic Search, Desktop,New,25,4461.07,2022-09-20
972596,2021-06-16,Prefer not to say,51,London,UK,Referral,mobile,Returning,12,9480.47,2022-05-13
737477,2025-11-18,Female,87,Paris,France,Social Media,Mobile,Returning,23,3925.86,2027-03-08
690992,2023-09-13,,38,Madrid,Spain,Direct,Desktop,At Risk,2,1872.66,2024-07-25
792514,2024-01-11,Prefer not to say,71,Istanbul,Türkiye,Paid Search,Mobile,Loyal,9,3014.16,2024-07-04
677100,2025-11-02,Non-binary,25,Istanbul,Türkiye,Referral, Desktop,VIP,9,6535.22,2026-04-29
625436,2024-10-21,FEMALE,61,Berlin,Germany,Referral,Mobile,Returning,10,7184.71,2026-01-12
996661,2024-07-29,,38,London,UK,Social Media, Desktop,New,24,3907.83,2025-04-29
600806,2025-10-21,Male,75,Berlin,Germany,Referral,Tablet,Loyal,0,1235.15,2026-04-28
729111,2022-10-28,FEMALE,54,Rome,Italy,Email,Desktop,At Risk,7,1989.97,2023-07-02
813547,2021-11-25,,20,New York,USA,Direct,Desktop,VIP,14,7022.12,2022-07-21
874250,2023-06-05,Female,81,Paris,France,Email,Tablet,VIP,12,953.93,2023-10-17
703671,2022-08-02,Non-binary,44,Istanbul,Türkiye,Referral,Mobile,Loyal,5,3321.73,2022-09-14
998799,2025-03-14,male,81,Rome,Italy,Social Media,Tablet,Loyal,19,1875.26,2026-05-31
905313,2025-02-06,Female,41,London,UK,Referral,Mobile,At Risk,6,3397.28,2025-08-01
571936,2022-05-11,Non-binary,52,New York,USA,Social Media,mobile,Loyal,18,8108.59,2023-03-04
733049,2021-10-17,Female,57,Berlin,Germany,Referral,Desktop,New,5,8912.3,2023-02-26
594062,2022-12-15,male,88,Paris,France,Referral,mobile,VIP,17,9957.65,2023-04-13
273409,2024-04-12,FEMALE,85,Madrid,Spain,Organic Search,Tablet,At Risk,4,3431.86,2024-12-04
972498,2024-03-25,male,63,Toronto,Canada,Social Media,Mobile,Loyal,19,4189.14,2024-04-18
381298,2025-07-31,,67,Rome,Italy,Email, Desktop,New,16,7748.6,2026-04-17
808455,2025-10-05,Non-binary,77,London,UK,Referral,Tablet,VIP,16,2085.15,2027-02-11
959204,2023-01-30,Male,55,Toronto,Canada,Referral,Mobile,Returning,9,5999.87,2023-07-01
649926,2025-07-12,Prefer not to say,64,Berlin,Germany,Direct,Desktop,New,20,759.43,2026-03-05
416168,2025-11-14,Non-binary,52,Toronto,Canada,Direct,mobile,Loyal,2,8152.45,2026-04-15
690816,2024-02-23,male,60,Madrid,Spain,Direct,Mobile,VIP,14,3382.41,2025-04-25
902101,2025-01-28,Female,74,Rome,Italy,Social Media,mobile,At Risk,15,7319.87,2026-01-29
944841,2025-08-02,Male,28,New York,USA,Email, Desktop,Loyal,13,3988.52,2026-05-24
515681,2023-01-10,Male,39,Toronto,Canada,Referral, Desktop,VIP,4,4256.91,2024-01-24
736886,2021-03-02,,66,Paris,France,Email,mobile,VIP,19,6661.13,2021-03-29
665927,2022-01-25,Non-binary,71,Paris,France,Organic Search,mobile,At Risk,1,1508.27,2022-06-20
371738,2023-03-28,,23,Paris,France,Direct,Desktop,At Risk,5,6904.61,2023-09-27
367790,2021-01-16,male,47,Istanbul,Türkiye,Social Media, Desktop,New,6,8497.02,2021-12-27
425313,2022-08-05,Non-binary,68,Paris,France,Social Media, Desktop,At Risk,25,896.97,2023-08-17
115380,2024-11-20,Male,19,Istanbul,Türkiye,Direct, Desktop,At Risk,10,382.44,2025-08-19
733974,2022-01-20,FEMALE,21,Paris,France,Organic Search,Tablet,Returning,21,8941.99,2022-05-23
894163,2021-04-21,,86,Paris,France,Email,Mobile,At Risk,19,3634.56,2022-06-18
148075,2021-09-30,Non-binary,79,Istanbul,Türkiye,Social Media,Mobile,Loyal,9,4902.78,2021-12-15
919897,2025-06-08,Male,56,London,UK,Direct, Desktop,At Risk,0,5406.82,2025-08-06
579803,2022-08-02,male,32,Paris,France,Social Media,Tablet,At Risk,6,9833.55,2022-11-04
579762,2025-11-30,FEMALE,68,New York,USA,Organic Search,Tablet,Loyal,17,3346.21,2026-12-21
472807,2023-01-31,Prefer not to say,78,Rome,Italy,Referral,Mobile,Returning,12,8812.29,2023-03-26
343420,2022-10-16,FEMALE,36,New York,USA,Paid Search, Desktop,New,10,90.16,2023-02-09
632660,2022-03-20,Female,28,London,UK,Email,Desktop,At Risk,14,3676.23,2023-08-02
565731,2025-11-07,Female,72,Paris,France,Referral,mobile,New,18,9689.72,2026-09-27
319307,2024-06-26,Female,66,New York,USA,Paid Search,Desktop,At Risk,18,1428.53,2024-09-14
833483,2021-02-24,male,88,Toronto,Canada,Direct,Mobile,VIP,2,820.5,2021-04-09
599121,2022-03-02,Female,79,Toronto,Canada,Organic Search, Desktop,Returning,7,7497.76,2022-06-16
451893,2021-04-28,Male,40,Madrid,Spain,Referral,Desktop,At Risk,25,7652.13,2021-07-01
830095,2024-12-22,male,18,Rome,Italy,Referral,Tablet,VIP,18,672.65,2025-03-09
756230,2021-02-20,Prefer not to say,68,New York,USA,Referral,Mobile,Returning,6,8333.23,2021-12-02
251870,2021-02-17,Non-binary,40,Istanbul,Türkiye,Paid Search,Desktop,Loyal,16,2767.33,2021-09-24
502543,2022-01-19,FEMALE,26,Rome,Italy,Direct,Tablet,Loyal,20,712.7,2023-05-28
558604,2024-08-22,Prefer not to say,36,Istanbul,Türkiye,Organic Search,Mobile,New,1,7228.16,2025-05-08
156885,2023-04-09,Prefer not to say,30,London,UK,Referral,Desktop,New,23,7873.41,2023-08-14
773130,2021-08-27,Non-binary,53,Berlin,Germany,Email,mobile,VIP,0,6128.4,2022-07-14
216624,2022-10-31,Female,60,Toronto,Canada,Organic Search,mobile,At Risk,19,3933.16,2024-02-18
473628,2021-01-16,Non-binary,66,London,UK,Paid Search,Desktop,New,12,2204.27,2021-01-21
922997,2023-07-07,Prefer not to say,27,Rome,Italy,Paid Search,Mobile,New,22,3204.74,2024-02-21
108588,2023-12-21,Male,32,Madrid,Spain,Social Media,mobile,Returning,10,3237.18,2024-03-08
368230,2022-07-01,FEMALE,34,New York,USA,Social Media,Tablet,Returning,25,7934.26,2022-11-15
887918,2022-07-07,Female,78,Berlin,Germany,Organic Search, Desktop,Returning,24,5645.64,2023-03-08
667391,2023-01-10,Non-binary,86,Paris,France,Direct,Tablet,At Risk,6,8636.01,2023-07-08
878092,2023-09-15,Male,58,Rome,Italy,Organic Search, Desktop,VIP,16,2301.73,2024-09-05
156654,2023-12-28,FEMALE,23,Madrid,Spain,Direct,mobile,VIP,11,5251.82,2024-12-26
421325,2022-03-26,Non-binary,35,Berlin,Germany,Social Media,Mobile,Returning,6,5320.31,2023-01-24
497135,2025-07-21,FEMALE,20,Toronto,Canada,Referral,Tablet,Returning,15,6967.33,2025-09-10
115687,2022-08-31,FEMALE,32,Madrid,Spain,Direct,Desktop,At Risk,8,1752.25,2023-04-26
440239,2024-08-10,Male,29,Paris,France,Direct,Desktop,New,7,6609.69,2024-10-30
454585,2021-06-17,male,65,Berlin,Germany,Paid Search,Desktop,Loyal,3,695.37,2021-10-24
423824,2021-08-26,male,48,Paris,France,Direct,Mobile,Returning,25,650.98,2022-06-23
717806,2023-03-24,FEMALE,58,London,UK,Referral,Desktop,Loyal,18,9266.62,2023-06-25
925173,2022-09-11,Male,34,Madrid,Spain,Paid Search, Desktop,At Risk,6,1205.3,2023-04-10
964059,2025-06-19,male,47,Paris,France,Referral,Mobile,Loyal,19,3525.88,2026-05-17
152157,2022-05-28,Non-binary,34,Madrid,Spain,Social Media,Mobile,VIP,22,5389.13,2022-06-04
318694,2025-11-10,FEMALE,34,Paris,France,Referral,Desktop,New,8,3141.59,2026-03-14
851395,2022-07-10,Non-binary,69,Paris,France,Paid Search,Mobile,Returning,22,5063.98,2023-10-17
185707,2025-11-25,Prefer not to say,65,Berlin,Germany,Social Media,mobile,At Risk,21,9730.92,2025-12-25
444605,2025-05-05,Prefer not to say,56,London,UK,Direct,Tablet,VIP,5,3750.65,2025-07-19
225709,2024-07-09,FEMALE,25,Istanbul,Türkiye,Email,Tablet,Returning,22,9615.19,2025-03-18
804099,2023-05-31,,31,Madrid,Spain,Social Media,mobile,Returning,4,2362.95,2024-04-14
960877,2021-03-27,FEMALE,53,Toronto,Canada,Direct,Tablet,VIP,8,807.81,2021-04-20
776789,2021-08-13,Prefer not to say,81,Madrid,Spain,Paid Search,Desktop,At Risk,24,7863.75,2022-05-07
169489,2022-07-21,Prefer not to say,56,Paris,France,Email,Tablet,Returning,1,7038.28,2023-04-02
234600,2023-02-19,male,60,Toronto,Canada,Paid Search,Tablet,New,20,560.05,2024-02-15
918992,2025-05-16,Male,40,Istanbul,Türkiye,Direct, Desktop,New,25,8045.71,2025-10-10
824319,2022-12-26,Non-binary,59,Madrid,Spain,Referral, Desktop,At Risk,0,356.06,2023-03-12
408584,2024-07-14,male,21,Berlin,Germany,Direct,Mobile,VIP,4,7978.63,2025-07-04
529560,2024-09-30,male,62,New York,USA,Organic Search,Tablet,At Risk,3,9525.23,2025-03-29
736943,2021-06-08,male,67,Rome,Italy,Direct,mobile,At Risk,9,479.83,2022-02-03
457333,2025-08-02,Female,40,Berlin,Germany,Organic Search,mobile,New,18,6730.89,2025-08-18
343869,2022-10-20,Non-binary,47,Rome,Italy,Paid Search,mobile,Loyal,11,8910.13,2024-01-05
128528,2025-06-25,Prefer not to say,37,Madrid,Spain,Email,Mobile,Loyal,23,6259.48,2025-08-16
775336,2021-06-29,,21,Berlin,Germany,Social Media,Desktop,New,19,2858.88,2022-02-23
834583,2022-12-25,,22,Paris,France,Organic Search,Mobile,New,0,5104.62,2024-04-20
823138,2021-05-03,Female,87,Berlin,Germany,Social Media, Desktop,New,1,2572.47,2021-11-12
291872,2022-09-22,Prefer not to say,27,Paris,France,Referral,Desktop,Loyal,0,9002.33,2022-10-03
892228,2024-05-11,,79,Rome,Italy,Referral,Tablet,Loyal,12,7396.51,2025-08-08
903437,2021-07-19,,35,Rome,Italy,Email, Desktop,At Risk,16,8218.06,2022-05-14
893526,2025-09-12,Male,80,Madrid,Spain,Paid Search,mobile,At Risk,2,9228.05,2025-11-02
628665,2023-07-13,FEMALE,24,Istanbul,Türkiye,Social Media,Mobile,Returning,6,8012.48,2024-07-25
886264,2023-09-27,Non-binary,40,Rome,Italy,Email,Desktop,Returning,5,9002.06,2024-05-24
701927,2022-06-16,male,42,Paris,France,Organic Search,Mobile,New,15,9581.16,2022-08-14
771894,2023-02-16,Prefer not to say,35,New York,USA,Organic Search,Desktop,At Risk,24,5674.03,2024-02-27
483555,2023-03-26,FEMALE,58,Madrid,Spain,Paid Search,Tablet,Loyal,25,4338.78,2024-04-10
417210,2023-01-25,male,38,London,UK,Paid Search,mobile,New,16,9885.26,2023-05-03
408020,2024-09-27,,58,Paris,France,Organic Search,mobile,Returning,5,2924.5,2025-01-05
496378,2024-01-19,male,43,Istanbul,Türkiye,Referral,Tablet,At Risk,16,4394.75,2024-10-30
540859,2025-01-29,Female,85,New York,USA,Social Media, Desktop,Returning,17,5857.97,2025-11-04
651972,2021-01-11,Female,52,New York,USA,Email,mobile,Returning,16,5200.97,2021-02-07
583858,2023-06-16,Female,34,Paris,France,Social Media,Desktop,New,8,6843.3,2024-10-03
950062,2021-01-27,Male,74,Madrid,Spain,Email,Mobile,Loyal,7,3276.34,2022-02-22
999598,2024-08-04,FEMALE,70,Madrid,Spain,Email,Mobile,Loyal,22,4711.34,2024-09-10
177810,2025-02-02,,77,New York,USA,Referral,Mobile,At Risk,14,5096.7,2026-03-19
308655,2021-01-07,male,84,Madrid,Spain,Paid Search,Mobile,VIP,12,6381.94,2022-04-18
527514,2021-03-09,Male,37,Toronto,Canada,Social Media,Desktop,VIP,3,6372.78,2021-04-27
342857,2021-11-10,Non-binary,39,New York,USA,Email,Mobile,At Risk,22,5239.25,2021-11-24
737385,2023-10-27,Female,63,Madrid,Spain,Referral,Tablet,VIP,19,7093.13,2024-12-11
144274,2024-10-03,FEMALE,52,Istanbul,Türkiye,Organic Search,mobile,Loyal,5,5044.75,2024-10-05
747526,2024-10-03,Male,19,Berlin,Germany,Direct,Tablet,Returning,22,8250.02,2025-10-08
352453,2023-09-19,male,78,Rome,Italy,Direct, Desktop,New,17,649.84,2024-06-11
760340,2025-08-13,Female,86,Istanbul,Türkiye,Email,Tablet,At Risk,11,9203.04,2026-06-19
335462,2021-11-13,Non-binary,33,Istanbul,Türkiye,Social Media,Tablet,New,24,6953.77,2022-08-30
355323,2024-08-30,Prefer not to say,56,Paris,France,Paid Search,Mobile,At Risk,9,4374.52,2025-05-08
847792,2023-07-10,male,88,New York,USA,Direct,Tablet,At Risk,4,2378.04,2024-10-30
513851,2022-06-01,FEMALE,26,Istanbul,Türkiye,Referral,Mobile,VIP,1,9818.65,2023-02-26
497788,2021-06-25,Non-binary,36,Toronto,Canada,Direct,Tablet,New,12,4902.43,2021-07-14
320356,2025-02-15,Non-binary,46,Paris,France,Referral,Mobile,New,14,7043.92,2026-01-21
752082,2025-08-06,Female,21,New York,USA,Paid Search, Desktop,Loyal,16,3133.61,2026-12-12
259365,2021-06-16,Male,36,New York,USA,Organic Search, Desktop,At Risk,12,6822.87,2021-09-04
855065,2025-06-27,male,80,Madrid,Spain,Social Media,Mobile,Loyal,10,1237.19,2026-01-28
413791,2023-03-04,FEMALE,78,Rome,Italy,Direct, Desktop,New,22,3059.83,2023-08-18
879945,2023-08-01,Non-binary,71,Paris,France,Social Media,Tablet,VIP,6,6436.42,2024-09-24
853695,2023-03-16,Prefer not to say,19,Istanbul,Türkiye,Social Media, Desktop,VIP,21,2885.88,2023-07-25
477590,2025-02-06,FEMALE,30,Paris,France,Organic Search,Tablet,VIP,17,6418.22,2026-05-26
101534,2025-02-21,Prefer not to say,73,Rome,Italy,Referral,Tablet,New,15,3508.11,2025-10-14
847285,2021-05-06,Non-binary,53,Madrid,Spain,Email,Tablet,Loyal,23,9349.35,2022-05-07
838691,2022-09-14,Non-binary,50,Berlin,Germany,Referral,Desktop,Loyal,1,8104.78,2023-03-23
820823,2024-03-18,Female,78,New York,USA,Referral, Desktop,VIP,7,7546.34,2024-11-22
422187,2022-01-08,Male,25,Berlin,Germany,Social Media,mobile,New,20,7286.83,2022-05-22
565852,2024-01-03,FEMALE,84,New York,USA,Direct,Mobile,Loyal,25,7331.3,2024-01-20
622097,2024-06-11,Male,82,New York,USA,Social Media, Desktop,VIP,1,169.0,2025-10-17
279176,2022-07-18,FEMALE,31,Paris,France,Social Media,mobile,VIP,6,8241.02,2023-06-18
808052,2021-07-27,,34,London,UK,Paid Search,mobile,At Risk,6,8000.76,2022-05-02
253497,2021-04-11,Prefer not to say,61,New York,USA,Email,Mobile,Returning,8,7231.12,2022-03-25
132701,2021-03-11,FEMALE,81,Madrid,Spain,Email, Desktop,New,23,3944.6,2021-04-26
488769,2025-08-26,Non-binary,86,Paris,France,Organic Search,Tablet,At Risk,5,6625.45,2025-12-01
558219,2021-02-04,Prefer not to say,27,Berlin,Germany,Social Media, Desktop,At Risk,10,8446.95,2021-12-06
680801,2021-08-08,FEMALE,74,Berlin,Germany,Referral, Desktop,Loyal,20,2703.51,2022-11-23
458501,2024-03-06,Female,60,Toronto,Canada,Paid Search,Mobile,Returning,25,4764.42,2024-07-13
940111,2023-11-18,Non-binary,48,Rome,Italy,Organic Search,Desktop,New,14,1131.0,2025-01-10
638136,2022-07-09,,50,New York,USA,Referral,Desktop,New,5,2399.01,2023-01-19
613482,2021-08-21,,80,Paris,France,Paid Search, Desktop,New,10,3181.04,2022-09-20
433010,2025-11-08,FEMALE,68,London,UK,Organic Search,Desktop,At Risk,12,5444.88,2026-12-16
733089,2025-05-12,male,35,Rome,Italy,Organic Search,Mobile,Loyal,3,3989.32,2026-02-20
216934,2023-05-10,Non-binary,64,Istanbul,Türkiye,Direct, Desktop,At Risk,4,7781.58,2023-12-14
711961,2022-07-07,FEMALE,43,Istanbul,Türkiye,Referral,Mobile,New,0,6434.29,2023-07-25
777192,2022-03-06,FEMALE,67,New York,USA,Paid Search,mobile,Returning,25,6768.75,2022-08-22
406486,2025-09-14,,26,New York,USA,Paid Search,Tablet,Returning,16,3986.71,2026-07-02
949766,2023-07-30,Prefer not to say,19,London,UK,Email,Desktop,Loyal,24,8850.07,2024-11-17
674673,2024-08-29,FEMALE,75,Rome,Italy,Direct,mobile,At Risk,5,8214.52,2024-11-12
794860,2025-02-25,Male,30,Paris,France,Paid Search,mobile,Loyal,9,6065.04,2025-04-04
389535,2022-08-14,Female,18,Paris,France,Paid Search,Tablet,VIP,9,7322.2,2022-08-15
550398,2025-06-14,Non-binary,78,Berlin,Germany,Social Media,mobile,At Risk,11,7806.46,2026-06-19
111841,2022-09-18,Female,51,Istanbul,Türkiye,Direct, Desktop,At Risk,16,1818.1,2022-09-29
982888,2021-08-30,Prefer not to say,79,New York,USA,Referral, Desktop,Loyal,6,3109.15,2022-08-01
425819,2023-01-02,FEMALE,74,Madrid,Spain,Email,mobile,At Risk,6,1342.29,2023-06-01
888795,2022-10-07,Female,68,London,UK,Social Media,Desktop,Returning,11,5262.42,2023-12-09
190629,2021-11-17,Female,71,Toronto,Canada,Direct,mobile,Loyal,23,5853.46,2022-11-10
769729,2024-06-16,Male,44,Toronto,Canada,Organic Search, Desktop,At Risk,7,26.06,2025-07-15
615785,2023-05-25,Non-binary,57,Istanbul,Türkiye,Organic Search, Desktop,VIP,8,6569.45,2024-02-12
220550,2021-01-24,,31,Berlin,Germany,Social Media,Tablet,VIP,13,8240.36,2021-03-01
625492,2022-08-07,Male,44,Madrid,Spain,Social Media,Desktop,Loyal,17,7669.15,2023-08-12
331282,2021-11-13,Male,63,Istanbul,Türkiye,Paid Search,mobile,At Risk,23,7999.58,2022-05-02
735047,2025-06-07,Female,48,New York,USA,Referral,mobile,VIP,4,5539.81,2025-10-29
884236,2022-02-16,Male,78,Madrid,Spain,Referral,Tablet,Returning,12,2366.51,2023-04-08
774587,2022-05-01,FEMALE,56,Berlin,Germany,Social Media,Desktop,Returning,5,1901.78,2022-07-13
885779,2024-10-04,Prefer not to say,22,Toronto,Canada,Organic Search,Tablet,VIP,13,8894.16,2024-12-25
377534,2023-06-18,FEMALE,84,Madrid,Spain,Social Media, Desktop,At Risk,1,5697.36,2023-08-25
557990,2023-12-26,Prefer not to say,81,New York,USA,Direct,Tablet,At Risk,10,1945.58,2025-04-30
490841,2023-08-07,male,44,London,UK,Email,Mobile,Loyal,15,3141.32,2023-11-02
922523,2023-06-11,,33,Berlin,Germany,Paid Search,Mobile,At Risk,8,5184.75,2024-05-05
341756,2023-11-17,Non-binary,85,Madrid,Spain,Referral,mobile,Returning,3,5192.97,2024-09-27
156843,2023-09-22,Prefer not to say,77,New York,USA,Direct,Tablet,VIP,2,2887.61,2024-12-01
207465,2021-03-18,Male,26,Paris,France,Paid Search, Desktop,Returning,19,1161.4,2021-11-18
725915,2025-10-22,Prefer not to say,54,London,UK,Referral,Tablet,At Risk,11,67.54,2026-05-01
640256,2021-07-06,Non-binary,19,New York,USA,Email,Desktop,Returning,20,8636.05,2022-04-25
639152,2024-07-07,Non-binary,20,Berlin,Germany,Email,mobile,Returning,25,9039.96,2025-02-02
636166,2022-10-02,Male,69,Paris,France,Social Media,mobile,Loyal,8,361.27,2023-04-08
270984,2024-11-19,male,84,New York,USA,Referral,Tablet,VIP,4,6644.4,2025-03-17
236026,2021-10-26,Male,30,Paris,France,Paid Search,Mobile,Loyal,22,1719.9,2023-01-09
406244,2021-04-18,,59,Istanbul,Türkiye,Direct,Mobile,VIP,22,7895.81,2021-05-13
150672,2023-01-08,FEMALE,21,Paris,France,Direct,Tablet,New,12,964.91,2023-01-14
171623,2023-11-30,FEMALE,62,Istanbul,Türkiye,Organic Search,Desktop,Loyal,20,7180.75,2025-01-16
328847,2023-09-06,FEMALE,71,Berlin,Germany,Social Media,mobile,At Risk,9,2344.69,2024-09-26
103325,2022-05-09,Prefer not to say,45,Rome,Italy,Referral,mobile,Loyal,12,3307.36,2022-08-18
805100,2024-05-01,,31,Paris,France,Organic Search,mobile,VIP,4,4852.17,2024-07-15
164799,2025-07-22,Male,22,Paris,France,Social Media, Desktop,At Risk,4,217.55,2025-11-25
543486,2022-04-06,FEMALE,36,Madrid,Spain,Organic Search, Desktop,VIP,9,5308.29,2023-07-09
867274,2023-02-09,Non-binary,81,Toronto,Canada,Email,Tablet,At Risk,11,56.03,2023-12-15
850586,2023-03-27,Female,36,Toronto,Canada,Paid Search,Tablet,At Risk,2,3121.5,2024-01-17
993933,2024-06-29,FEMALE,83,Toronto,Canada,Direct, Desktop,At Risk,8,493.95,2025-02-23
122061,2021-06-07,Prefer not to say,36,Toronto,Canada,Direct,Mobile,New,19,7840.91,2021-11-07
169380,2022-10-01,,75,Berlin,Germany,Paid Search,mobile,Loyal,1,5836.46,2023-12-15
157685,2021-11-29,,55,Istanbul,Türkiye,Organic Search, Desktop,Returning,18,3672.7,2022-02-25
109397,2023-09-11,FEMALE,44,Rome,Italy,Paid Search,Desktop,VIP,7,951.07,2024-07-14
136569,2021-11-18,Female,53,Toronto,Canada,Referral, Desktop,VIP,25,8658.91,2022-09-21
664077,2025-04-21,Non-binary,67,London,UK,Social Media,mobile,VIP,14,8680.3,2026-01-10
455603,2024-03-11,Male,30,London,UK,Email,mobile,Returning,17,9806.24,2024-07-22
448873,2021-01-03,Male,37,Istanbul,Türkiye,Organic Search,Tablet,At Risk,10,6944.05,2021-12-22
923288,2023-10-18,FEMALE,63,Toronto,Canada,Direct,Desktop,Loyal,1,9005.22,2024-09-08
119648,2021-09-29,,52,Berlin,Germany,Social Media,Desktop,Loyal,25,8213.56,2022-12-25
741223,2024-02-25,FEMALE,35,Rome,Italy,Email,Tablet,VIP,11,2388.03,2025-05-08
109226,2022-06-29,Prefer not to say,82,Rome,Italy,Direct,Mobile,New,0,5024.97,2023-10-03
686184,2021-01-23,FEMALE,29,Paris,France,Referral,Desktop,At Risk,22,9826.95,2022-05-15
321626,2023-08-10,FEMALE,31,Istanbul,Türkiye,Referral, Desktop,VIP,9,1565.66,2024-02-07
591738,2021-12-05,FEMALE,86,Paris,France,Social Media,mobile,Returning,23,5251.53,2022-11-17
309830,2023-07-14,Male,45,Paris,France,Paid Search, Desktop,Loyal,13,2931.39,2023-10-07
379196,2024-06-06,FEMALE,34,New York,USA,Social Media,mobile,Returning,18,6680.69,2024-10-30
409710,2024-05-29,Female,38,London,UK,Referral,Desktop,Returning,25,8727.85,2025-03-09
709967,2021-03-04,Non-binary,70,Rome,Italy,Paid Search,Mobile,Returning,13,8762.73,2022-06-17
677414,2024-12-25,Female,69,London,UK,Email,Tablet,Returning,23,2517.76,2026-05-03
646849,2025-05-28,FEMALE,43,Toronto,Canada,Paid Search,Tablet,Returning,7,5091.05,2025-11-12
363590,2022-03-04,male,78,Paris,France,Email, Desktop,Returning,2,4604.4,2023-07-11
344859,2023-06-07,Prefer not to say,44,Rome,Italy,Social Media,Desktop,VIP,20,6414.03,2024-09-21
291548,2025-01-04,Prefer not to say,58,Madrid,Spain,Referral,Desktop,At Risk,12,3985.36,2026-03-29
320986,2025-02-11,Male,88,Istanbul,Türkiye,Paid Search, Desktop,VIP,8,2624.16,2025-06-02
510467,2025-04-08,Non-binary,35,Madrid,Spain,Organic Search,Desktop,At Risk,2,2807.21,2025-10-14
162674,2021-07-22,FEMALE,32,New York,USA,Social Media, Desktop,New,16,3886.75,2022-09-15
350181,2024-12-09,Non-binary,73,Istanbul,Türkiye,Paid Search,mobile,VIP,2,5683.88,2025-09-12
682305,2025-04-08,male,66,Berlin,Germany,Email,mobile,At Risk,15,1045.97,2025-09-25
834580,2022-11-03,FEMALE,60,Paris,France,Direct,Desktop,Loyal,2,4645.23,2023-04-18
574620,2023-05-23,FEMALE,58,Toronto,Canada,Social Media,Tablet,New,17,940.23,2023-11-23
137063,2024-07-18,male,61,London,UK,Referral,Tablet,Returning,3,2205.71,2025-01-06
447503,2023-04-11,Prefer not to say,26,Berlin,Germany,Referral,Desktop,New,8,6237.46,2024-02-13
442555,2021-06-28,Male,30,Rome,Italy,Email,Tablet,Loyal,5,249.82,2022-06-09
526518,2022-03-02,Non-binary,88,New York,USA,Social Media,Desktop,Returning,15,840.08,2022-10-01
225564,2023-10-01,Non-binary,75,Rome,Italy,Organic Search,mobile,Loyal,16,3860.96,2023-11-13
116768,2023-11-28,,18,Madrid,Spain,Organic Search,Mobile,New,15,5740.04,2024-06-05
689872,2024-03-30,Female,53,Berlin,Germany,Referral,Desktop,New,15,1953.02,2025-01-14
294036,2023-12-02,Non-binary,85,Madrid,Spain,Email,Tablet,Loyal,25,5195.2,2024-08-30
630174,2023-08-06,Prefer not to say,32,Istanbul,Türkiye,Organic Search,Desktop,Loyal,1,4046.78,2024-05-09
771234,2024-10-30,Female,81,Rome,Italy,Email,Desktop,At Risk,19,3035.37,2024-12-15
198227,2023-03-30,Non-binary,59,Rome,Italy,Organic Search,Mobile,New,15,3690.65,2024-07-19
898477,2021-02-25,Male,78,Istanbul,Türkiye,Social Media,Tablet,Loyal,17,2630.44,2021-10-15
293830,2024-02-16,,18,Madrid,Spain,Paid Search,mobile,VIP,13,3439.36,2025-05-20
328977,2023-02-22,Prefer not to say,42,Toronto,Canada,Paid Search,Mobile,Loyal,10,5808.25,2024-06-01
335817,2023-02-08,FEMALE,38,Istanbul,Türkiye,Email,Tablet,New,7,2701.77,2023-08-14
285104,2023-12-05,,88,Rome,Italy,Email,Desktop,Loyal,11,5289.6,2024-07-08
418961,2024-01-27,FEMALE,24,Rome,Italy,Paid Search,mobile,Returning,2,2109.42,2025-04-19
945191,2023-06-14,Female,87,London,UK,Social Media,Tablet,New,12,6260.42,2024-07-20
202529,2023-09-21,Prefer not to say,57,Toronto,Canada,Email,Mobile,At Risk,11,8507.84,2023-10-09
161652,2022-01-30,FEMALE,63,Toronto,Canada,Paid Search,Desktop,VIP,23,8070.97,2022-09-17
933471,2024-10-28,Female,80,London,UK,Referral,Tablet,At Risk,12,4437.3,2025-09-26
429105,2022-07-07,FEMALE,71,London,UK,Referral,mobile,Loyal,1,6617.01,2022-08-18
861765,2024-06-17,Male,68,Paris,France,Email,mobile,At Risk,0,7112.16,2025-03-14
253405,2025-07-22,Non-binary,18,Madrid,Spain,Paid Search,Mobile,VIP,2,8952.69,2026-08-18
165870,2022-04-21,Male,51,Paris,France,Email,mobile,Returning,8,9334.19,2022-06-10
973436,2024-06-18,Female,80,Paris,France,Referral,Tablet,At Risk,15,9378.81,2024-12-31
564702,2023-02-14,Male,44,Paris,France,Referral,Mobile,VIP,3,5679.01,2023-11-16
257345,2023-11-18,Prefer not to say,27,Berlin,Germany,Social Media,Desktop,Returning,25,2387.39,2024-06-19
342156,2023-05-20,Male,70,Paris,France,Organic Search,mobile,At Risk,16,3817.48,2023-07-22
145200,2022-02-05,Prefer not to say,64,Istanbul,Türkiye,Email,mobile,VIP,9,1361.97,2023-02-10
883927,2023-10-03,Prefer not to say,49,Madrid,Spain,Direct, Desktop,VIP,19,6300.44,2024-04-17
400137,2025-05-16,FEMALE,51,Rome,Italy,Paid Search,Tablet,At Risk,22,7232.45,2025-05-16
461049,2023-10-17,male,73,Rome,Italy,Paid Search, Desktop,Returning,5,1101.41,2023-11-27
161143,2022-06-28,Male,29,Paris,France,Paid Search, Desktop,Returning,9,9783.81,2023-01-19
718177,2025-08-23,Non-binary,39,Istanbul,Türkiye,Email,mobile,New,24,9333.75,2025-11-23
193602,2024-05-04,Male,60,Berlin,Germany,Email,Desktop,Returning,9,1487.18,2024-09-03
564017,2024-10-06,Non-binary,20,Toronto,Canada,Paid Search,Tablet,New,24,5250.15,2025-09-28
309955,2023-06-24,Prefer not to say,72,Rome,Italy,Email,Desktop,New,8,9098.27,2023-11-08
932000,2025-10-19,male,84,New York,USA,Email,Tablet,New,6,9929.1,2025-12-26
338873,2022-10-20,,87,Rome,Italy,Referral,Mobile,VIP,21,2145.09,2023-11-26
797058,2024-10-11,male,74,Madrid,Spain,Social Media,Desktop,Returning,22,5853.85,2025-03-11
294104,2022-12-21,Prefer not to say,80,Rome,Italy,Paid Search,Desktop,Loyal,11,8359.35,2023-01-08
224983,2022-05-17,Prefer not to say,79,New York,USA,Referral, Desktop,Returning,9,7865.07,2022-06-25
160239,2022-07-15,FEMALE,88,Paris,France,Direct, Desktop,VIP,19,6767.55,2023-08-13
312198,2022-01-04,,68,Rome,Italy,Email,mobile,Loyal,16,2683.24,2022-11-08
156670,2021-02-15,FEMALE,53,Istanbul,Türkiye,Social Media,Mobile,VIP,15,7261.27,2021-07-17
882408,2021-09-27,male,81,Madrid,Spain,Direct,Mobile,New,19,9484.12,2022-04-04
863743,2023-04-22,FEMALE,48,Berlin,Germany,Organic Search,mobile,Loyal,20,9035.06,2023-05-06
221566,2021-10-14,FEMALE,30,Madrid,Spain,Paid Search,Mobile,Loyal,14,8644.64,2022-07-24
191670,2022-07-20,male,24,New York,USA,Social Media,Desktop,Loyal,24,4463.86,2023-09-27
924471,2025-05-14,Non-binary,79,Berlin,Germany,Direct, Desktop,New,4,325.63,2026-04-20
950982,2024-08-15,Male,35,London,UK,Email,Mobile,Returning,7,1126.32,2025-04-15
878514,2022-07-25,Female,78,Rome,Italy,Email,Mobile,Loyal,25,1275.15,2023-11-25
330515,2024-09-21,male,70,New York,USA,Organic Search,Desktop,At Risk,17,9619.28,2025-12-30
400009,2023-05-15,male,39,Rome,Italy,Organic Search, Desktop,At Risk,7,8866.29,2023-08-12
848734,2022-10-18,Non-binary,67,New York,USA,Paid Search,Desktop,VIP,12,1007.92,2024-01-13
364372,2023-02-18,Prefer not to say,30,Paris,France,Social Media, Desktop,Loyal,23,6252.58,2023-12-19
652817,2021-08-17,male,74,Toronto,Canada,Organic Search,Mobile,VIP,2,8986.73,2022-04-12
543384,2023-08-03,FEMALE,86,Rome,Italy,Social Media,Mobile,At Risk,0,8592.89,2024-10-17
360717,2023-05-14,Female,45,London,UK,Referral,Tablet,VIP,21,7503.14,2024-07-24
857691,2021-06-15,male,56,Berlin,Germany,Organic Search,Desktop,New,20,1774.37,2021-11-11
133830,2025-01-23,Female,38,Paris,France,Referral, Desktop,Returning,23,6294.0,2025-06-30
859100,2021-03-15,male,85,Madrid,Spain,Referral,mobile,At Risk,13,2778.14,2021-03-27
240891,2023-02-23,FEMALE,67,Istanbul,,Paid Search,mobile,VIP,5,6057.17,2024-05-10
696853,2021-08-22,Male,73,Madrid,,Direct,Tablet,Loyal,14,3656.39,2021-12-22
988598,2022-10-09,Prefer not to say,83,London,,Paid Search,Tablet,Returning,9,5676.82,2023-04-29
941235,2025-11-21,FEMALE,37,Berlin,,Referral,Desktop,Returning,5,815.29,2026-08-28
900875,2024-06-07,Female,63,Rome,,Direct,mobile,VIP,2,4295.02,2024-10-14
166172,2024-02-01,Prefer not to say,31,Berlin,,Organic Search,Desktop,Loyal,17,369.03,2024-07-30
367459,2021-04-06,Female,63,Rome,,Social Media,Tablet,VIP,20,1221.74,2022-04-12
223646,2023-02-08,Non-binary,44,London,,Direct,Tablet,At Risk,12,2458.53,2023-02-24
619501,2025-05-01,Female,55,London,,Organic Search,Desktop,Returning,11,5071.46,2025-05-26
897926,2022-06-30,Female,47,Istanbul,,Social Media, Desktop,At Risk,17,6010.67,2022-09-10
