order_id,customer_id,order_date,category,brand,quantity,unit_price,discount,shipping_fee,total_amount,payment_method,order_status,review_score,returned
3900737,240891,2025-09-24,,Wilson,1,796.45,15.0,11.45,688.43,Bank Transfer,Shipped,5.0,No
5507501,696853,2023-09-05,,HP,4,900.75,,4.48,3607.48,Card,Returned,,Y
4412700,988598,2021-08-04,,Adidas,3,865.24,5.0,11.08,2477.01,Bank Transfer,Delivered,5.0,
6544710,941235,2023-07-25,,Apple,2,667.31,0.0,17.65,1352.27,Google Pay,Delivered,3.0,
7551016,900875,2021-10-25,,Lego,2,774.14,,17.62,,Card,Processing,5.0,N
8229355,166172,2025-10-22,,Penguin,4,583.95,,9.26,2345.06,Card,Delivered,1.0,
5535371,367459,2023-02-17,,Lego,2,11.46,10.0,17.51,38.14,Card,Shipped,1.0,N
3895026,223646,2024-08-12,,L'Oreal,1,809.83,0.0,16.39,826.22,Apple Pay,Returned,4.0,
4150637,619501,2023-12-05,,IKEA,3,740.62,10.0,6.94,2006.61,Bank Transfer,Delivered,,Yes
7748204,897926,2024-08-30,,Zara,2,237.62,,19.99,495.23,Card,Shipped,3.0,Yes
4094418,571325,2024-08-17,,Sony,1,991.36,15.0,14.54,857.2,Apple Pay,Delivered,3.0,
1541972,595185,2023-03-11,,Samsung,4,179.41,15.0,2.29,612.28,PayPal,Delivered,4.0,Y
3028905,783244,2024-05-13,,Sony,1,174.31,5.0,23.78,189.37,Bank Transfer,Delivered,,No
7908586,498055,2026-04-09,,Samsung,1,85.83,20.0,15.69,84.35,Card,Delivered,4.0,No
3346583,927036,2023-04-01,,Nestle,1,87.37,15.0,11.7,85.96,Google Pay,Shipped,1.0,Yes
2125311,320153,2024-04-04,,Samsung,3,934.28,0.0,12.7,2815.54,PayPal,Delivered,5.0,
3587605,198418,2026-01-15,,Wilson,3,489.83,5.0,13.28,1409.3,Card,Delivered,4.0,N
1787413,611554,2024-07-09,,Philips,5,402.65,20.0,14.16,1624.76,Card,Processing,4.0,N
3326530,129724,2023-01-05,,Nivea,3,422.97,15.0,8.99,1087.56,Google Pay,Returned,1.0,Y
7122764,976363,2024-01-13,,Samsung,4,637.78,10.0,22.87,2318.88,Apple Pay,Returned,5.0,
2095068,508744,2023-06-13,,Penguin,2,755.03,5.0,2.73,1437.29,Card,Cancelled,2.0,N
4585135,553789,2025-06-03,,Lego,4,934.84,5.0,22.71,3575.1,Card,Processing,,
9270301,736944,2023-06-03,,Nivea,2,386.78,10.0,10.68,706.88,Bank Transfer,Delivered,4.0,
1746164,899308,2022-02-07,,Penguin,2,532.02,20.0,15.99,867.22,Apple Pay,Returned,2.0,N
2212977,904423,2023-08-16,,Zara,1,861.28,0.0,4.15,865.43,PayPal,Shipped,5.0,Yes
4994115,102208,2025-09-23,,Nike,3,66.3,,22.38,221.28,PayPal,Delivered,2.0,
6708575,829633,2021-06-03,,IKEA,1,654.02,5.0,2.84,624.16,Google Pay,Shipped,5.0,Y
7084182,567022,2022-10-06,,Apple,1,733.54,0.0,15.82,749.36,Apple Pay,Returned,2.0,No
4812908,379267,2024-04-24,,Samsung,1,969.99,10.0,24.6,897.59,Card,Shipped,5.0,No
3022092,856589,2021-12-17,,Samsung,3,662.2,5.0,9.41,1896.68,Bank Transfer,Delivered,2.0,Yes
9234877,940775,2022-08-08,,L'Oreal,4,211.16,20.0,1.55,677.26,Card,Delivered,1.0,Yes
9109514,339874,2026-03-01,,IKEA,4,988.27,10.0,6.76,3564.53,Card,Delivered,,
5522991,719869,2021-10-25,,Lego,2,36.25,0.0,16.48,88.98,PayPal,Shipped,5.0,No
9171618,207192,2024-11-25,,Samsung,3,49.57,15.0,24.35,150.75,Card,Processing,4.0,No
3599400,432849,2021-01-05,,Apple,5,409.2,,3.27,2049.27,Card,Processing,1.0,Yes
5640888,132075,2025-03-13,,Penguin,3,90.26,,0.27,271.05,Apple Pay,Delivered,3.0,Yes
8966507,123406,2022-08-19,,Penguin,1,804.26,15.0,3.79,687.41,Card,Returned,4.0,N
8998463,126681,2023-01-04,,Samsung,1,583.07,10.0,5.94,530.7,Apple Pay,Returned,3.0,Y
5487063,781098,2022-06-05,,Adidas,1,624.23,0.0,17.98,642.21,Bank Transfer,Processing,5.0,Y
2290807,667712,2022-10-23,,Samsung,3,937.03,5.0,24.24,2694.78,Card,Shipped,,Y
2503076,109652,2025-12-01,,Sony,1,981.47,15.0,9.63,843.88,PayPal,Delivered,2.0,Yes
7971405,499721,2023-09-01,,Adidas,1,25.43,10.0,19.26,42.15,Card,Processing,4.0,Y
1855502,819830,2024-06-19,,Sony,1,268.11,,11.28,279.39,Card,Delivered,4.0,Yes
4369086,327120,2022-04-12,,Apple,2,604.53,15.0,8.33,1036.03,Google Pay,Cancelled,1.0,No
7218981,542621,2026-05-23,,L'Oreal,3,996.41,20.0,22.72,2414.1,Card,Cancelled,4.0,No
3819254,861111,2022-12-13,,Samsung,5,164.92,20.0,4.26,663.94,PayPal,Shipped,4.0,N
4394865,130451,2026-02-17,,Penguin,4,517.17,5.0,20.66,1985.91,Apple Pay,Cancelled,4.0,No
8355692,653259,2025-02-22,,Zara,3,327.03,,11.53,992.62,PayPal,Delivered,5.0,Yes
4753435,332460,2025-06-01,,Sony,5,386.09,20.0,15.86,1560.22,PayPal,Delivered,,N
3771365,900798,2021-01-29,,Apple,5,325.37,0.0,21.82,1648.67,Card,Cancelled,1.0,No
8407146,559158,2024-07-10,Books,Penguin,3,887.08,15.0,14.84,2276.89,PayPal,Returned,,N
9939353,619896,2025-11-03,Clothing,Adidas,3,514.82,0.0,17.54,1562.0,Apple Pay,Shipped,5.0,
4458653,679715,2025-04-14,Home,Philips,2,655.24,5.0,21.79,1266.75,PayPal,Returned,5.0,
7889269,344406,2026-05-09,Beauty,L'Oreal,1,192.92,10.0,20.01,193.64,PayPal,Returned,2.0,No
5700128,462493,2023-04-22,Home,Philips,3,764.99,5.0,18.96,2199.18,Card,Delivered,,No
5032807,342081,2022-12-16,Toys,Lego,5,626.01,15.0,14.77,2675.31,Google Pay,Processing,5.0,No
7865092,809727,2025-08-31,Toys,Lego,2,544.87,20.0,1.38,873.17,Card,Returned,3.0,N
5242571,329408,2021-08-16,Home,IKEA,2,625.14,,10.86,1261.14,Apple Pay,Processing,3.0,No
3394763,897911,2023-02-14,Home,IKEA,2,415.67,15.0,11.3,717.94,Bank Transfer,Processing,3.0,No
4103775,581929,2022-10-04,Electronics,Apple,4,369.0,10.0,14.02,1342.42,PayPal,Cancelled,2.0,
1302222,403858,2025-09-11,Home,Philips,3,226.67,10.0,0.02,612.03,Card,Cancelled,1.0,Y
8205129,122533,2021-05-23,Clothing,Zara,5,735.25,0.0,14.81,3691.06,Bank Transfer,Returned,,Yes
8016798,536396,2025-03-12,Home,IKEA,1,971.38,5.0,6.67,929.48,Card,Processing,2.0,Yes
3334574,978264,2022-03-04,Clothing,Adidas,2,606.04,0.0,15.03,1227.11,Bank Transfer,Cancelled,,Y
9953993,683484,2024-12-17,Electronics,Apple,3,14.57,,1.95,45.66,Bank Transfer,Shipped,,N
6556096,773494,2025-12-21,Sports,Puma,2,605.79,15.0,19.89,1049.73,PayPal,Processing,2.0,No
4236905,204857,2024-04-08,Home,Philips,2,42.83,15.0,13.76,86.57,PayPal,Shipped,5.0,N
5104535,294936,2021-06-12,Beauty,Nivea,2,543.46,15.0,23.13,947.01,Bank Transfer,Returned,5.0,
8698197,759924,2024-01-16,Grocery,Nestle,5,373.01,20.0,1.07,1493.11,Apple Pay,Shipped,4.0,Yes
7882415,858790,2025-06-05,Beauty,L'Oreal,4,847.49,10.0,11.16,3062.12,Google Pay,Shipped,4.0,
1612458,410787,2024-02-07,Office,HP,1,312.24,0.0,8.17,320.41,Apple Pay,Returned,,No
4919848,226762,2024-01-31,Home,Philips,1,228.8,20.0,7.72,190.76,Card,Processing,3.0,
3716848,879245,2024-05-21,Electronics,Sony,4,50.05,,2.09,202.29,Apple Pay,Processing,1.0,
8008865,448856,2024-09-04,Toys,Lego,5,454.33,10.0,2.21,2046.7,Card,Shipped,4.0,N
2138342,856531,2023-02-16,Books,Penguin,4,370.03,,12.41,1492.53,Card,Delivered,,No
1710337,845738,2022-12-07,Clothing,Nike,2,358.15,10.0,17.38,662.05,Bank Transfer,Cancelled,3.0,N
8078042,625126,2026-03-30,Beauty,Nivea,1,945.47,0.0,7.98,953.45,Card,Shipped,3.0,No
5590610,542611,2021-04-14,Electronics,Samsung,3,504.61,0.0,6.48,1520.31,Card,Delivered,2.0,N
6909036,632380,2026-04-20,Electronics,Samsung,5,106.16,10.0,24.45,502.17,Apple Pay,Delivered,2.0,Y
1696608,970355,2025-09-30,Electronics,Sony,1,262.78,5.0,22.92,272.56,Card,Returned,2.0,Y
2897732,802866,2024-03-19,Electronics,Apple,2,10.9,15.0,19.76,38.29,Card,Processing,,Yes
1201557,299071,2022-02-16,Electronics,Samsung,4,72.56,15.0,7.55,254.25,PayPal,Shipped,4.0,No
8084155,418104,2023-07-25,Sports,Puma,2,963.45,10.0,22.75,1756.96,PayPal,Returned,1.0,N
7992055,397962,2025-10-07,Toys,Lego,2,874.9,0.0,1.89,1751.69,Card,Delivered,5.0,
2768281,716122,2025-10-23,Books,Penguin,1,601.82,,13.32,615.14,Google Pay,Returned,2.0,Y
2813538,623619,2021-05-11,Electronics,Apple,1,792.44,10.0,18.87,732.07,PayPal,Shipped,1.0,No
2380108,987302,2025-07-11,Electronics,Samsung,4,726.99,5.0,5.88,2768.44,Google Pay,Shipped,2.0,Yes
6281418,629828,2025-03-12,Clothing,Nike,4,38.55,0.0,23.48,177.68,PayPal,Delivered,5.0,N
3698122,512461,2021-06-24,Home,IKEA,1,56.24,,17.66,73.9,Google Pay,Processing,5.0,N
6847677,717613,2026-01-06,Home,Philips,5,672.28,5.0,13.81,3207.14,Card,Returned,,Y
5686773,994737,2021-01-21,Sports,Wilson,4,157.64,0.0,3.84,634.4,Bank Transfer,Cancelled,4.0,N
7478350,136202,2025-11-10,Home,Philips,2,70.96,10.0,9.97,137.7,Apple Pay,Cancelled,,N
9053125,603554,2025-11-29,Home,Philips,4,214.19,20.0,7.96,693.37,Card,Returned,4.0,No
2783162,354531,2023-06-02,Sports,Puma,1,121.24,15.0,7.58,110.63,Bank Transfer,Shipped,4.0,Y
3846596,879858,2025-01-19,Home,IKEA,1,441.61,15.0,7.0,382.37,Bank Transfer,Returned,4.0,
4323264,936138,2021-04-28,Electronics,Apple,4,643.9,5.0,23.15,2469.97,Card,Returned,1.0,Y
7029590,523926,2025-06-17,Beauty,L'Oreal,3,981.55,,14.38,2959.03,Card,Returned,4.0,
9394753,534439,2025-04-11,Electronics,Sony,3,527.75,5.0,14.9,1518.99,Bank Transfer,Cancelled,2.0,N
1485322,797034,2023-05-27,Sports,Puma,5,302.42,5.0,9.51,1446.01,Card,Delivered,2.0,Y
7497294,281411,2022-05-17,Beauty,L'Oreal,2,225.89,5.0,10.18,439.37,Card,Processing,,No
5053334,484957,2023-08-04,Electronics,Samsung,3,492.24,10.0,8.82,1337.87,Card,Shipped,,Yes
4934822,675457,2022-11-27,Pet,Purina,2,112.29,5.0,0.25,213.6,Card,Processing,4.0,
8019622,837191,2026-03-02,Clothing,Zara,2,611.84,0.0,9.7,1233.38,Google Pay,Cancelled,4.0,No
4480485,913524,2024-06-02,Electronics,Sony,3,604.0,,8.6,1820.6,Google Pay,Returned,1.0,No
2451308,807249,2024-06-20,Electronics,Samsung,3,556.56,20.0,17.99,1353.73,PayPal,Delivered,4.0,
1900445,874075,2022-02-28,Home,IKEA,3,62.25,20.0,17.2,166.6,PayPal,Returned,4.0,Y
4525512,492904,2021-08-04,Clothing,Nike,5,813.75,0.0,11.25,4080.0,Card,Returned,,Yes
5763793,190667,2021-01-06,Beauty,L'Oreal,3,969.18,20.0,14.75,2340.78,PayPal,Cancelled,5.0,No
3391739,560284,2022-06-17,Beauty,Nivea,5,359.44,,7.42,1804.62,PayPal,Delivered,4.0,Y
6519432,796000,2026-03-01,Sports,Wilson,5,363.22,20.0,23.7,1476.58,Apple Pay,Processing,3.0,
2173636,633123,2021-05-16,Clothing,Zara,3,6.62,0.0,12.18,32.04,Apple Pay,Cancelled,,Y
1430934,213174,2024-06-09,Clothing,Zara,5,133.36,10.0,18.26,618.38,Card,Cancelled,1.0,Y
1081183,916256,2023-06-03,Clothing,Nike,2,249.38,,5.74,504.5,Google Pay,Cancelled,,No
5175400,271650,2024-06-25,Electronics,Sony,2,746.7,0.0,9.33,1502.73,Bank Transfer,Shipped,4.0,No
6977115,646243,2026-06-11,Books,Penguin,3,142.73,0.0,19.61,447.8,Google Pay,Shipped,4.0,N
2145917,980753,2023-02-19,Clothing,Zara,3,436.5,15.0,18.69,1131.77,Bank Transfer,Returned,4.0,N
4157699,512357,2024-09-15,Books,Penguin,3,378.8,,13.74,1150.14,PayPal,Cancelled,4.0,N
6384755,488521,2023-06-08,Home,IKEA,4,776.48,0.0,20.2,3126.12,Card,Cancelled,1.0,Yes
2545529,613480,2022-05-10,Clothing,Adidas,3,955.37,,10.72,2876.83,Apple Pay,Processing,,No
6564807,868360,2025-08-23,Sports,Wilson,5,237.76,20.0,8.28,959.32,Apple Pay,Returned,,Yes
2015377,131011,2021-06-14,Electronics,Apple,5,727.79,,3.84,3642.79,Card,Shipped,,N
9228796,592117,2024-08-19,Clothing,Adidas,1,792.57,20.0,4.48,638.54,Bank Transfer,Cancelled,1.0,
8942999,145599,2022-01-22,Clothing,Nike,4,964.58,10.0,3.07,3475.56,Card,Returned,2.0,Yes
6207067,423516,2026-04-22,Toys,Lego,3,409.1,15.0,9.97,1053.18,Card,Cancelled,3.0,No
1267998,837549,2025-06-09,Clothing,Nike,2,927.4,0.0,11.63,1866.43,Card,Cancelled,,Y
7045105,989508,2022-04-18,Home,Philips,2,963.22,,14.87,1941.31,Card,Processing,3.0,N
3221995,744675,2021-09-12,Toys,Lego,3,314.77,,11.0,955.31,Apple Pay,Returned,2.0,
7116254,721998,2021-12-17,Beauty,L'Oreal,2,266.79,,22.23,,Apple Pay,Returned,2.0,N
2645054,706261,2021-06-25,Clothing,Nike,5,420.18,0.0,2.87,2103.77,Apple Pay,Returned,,
3950359,512719,2022-01-23,Office,HP,1,622.99,5.0,6.38,598.22,Bank Transfer,Processing,3.0,Y
8022490,778592,2025-08-16,Electronics,Samsung,3,153.46,10.0,10.31,424.65,PayPal,Returned,4.0,N
8616444,278624,2021-08-04,Clothing,Zara,2,936.86,10.0,20.13,1706.48,Google Pay,Shipped,3.0,Y
8869536,276783,2023-03-09,Electronics,Apple,3,199.0,15.0,11.63,519.08,Google Pay,Processing,3.0,N
7870422,626635,2022-05-31,Electronics,Samsung,2,450.82,0.0,21.72,923.36,Card,Processing,,Yes
3703737,337961,2021-01-05,Clothing,Nike,3,14.75,20.0,10.32,45.72,PayPal,Delivered,1.0,Yes
4543689,112899,2026-02-12,Home,Philips,5,913.71,15.0,7.08,3890.35,PayPal,Shipped,1.0,N
9709741,907952,2025-05-26,Clothing,Zara,1,544.65,15.0,23.24,486.19,Apple Pay,Delivered,5.0,N
9020728,309208,2023-06-18,Electronics,Apple,5,965.83,0.0,17.77,,Google Pay,Cancelled,5.0,
2475994,665829,2023-12-31,Home,IKEA,5,797.11,20.0,11.27,3199.71,Google Pay,Delivered,5.0,Yes
7111432,674974,2025-11-12,Clothing,Zara,3,869.0,0.0,5.06,2612.06,Card,Delivered,,Y
3693662,343454,2021-01-17,Home,IKEA,3,399.46,20.0,23.25,981.95,PayPal,Cancelled,3.0,Y
1089713,524101,2022-04-15,Electronics,Samsung,1,596.02,,17.44,613.46,Google Pay,Returned,3.0,N
8570334,638728,2024-03-04,Electronics,Samsung,2,402.09,15.0,9.2,692.75,PayPal,Cancelled,4.0,Yes
8128060,460527,2023-04-09,Home,IKEA,3,191.59,20.0,12.7,472.52,Card,Returned,,Yes
7858571,988627,2026-03-09,Clothing,Nike,3,961.89,0.0,12.09,2897.76,PayPal,Cancelled,2.0,No
3290647,705861,2023-03-14,Electronics,Apple,1,112.05,,2.07,114.12,Card,Processing,1.0,N
4244276,470434,2025-03-30,Beauty,Nivea,5,987.95,0.0,16.99,4956.74,Card,Cancelled,5.0,Y
1258603,581434,2021-05-20,Toys,Lego,2,959.63,0.0,17.33,1936.59,Apple Pay,Shipped,4.0,Y
6887455,382359,2024-05-29,Electronics,Apple,1,420.53,10.0,24.54,403.02,Google Pay,Shipped,5.0,Yes
3502197,791236,2022-03-08,Toys,Lego,3,135.21,5.0,4.51,389.86,Google Pay,Processing,3.0,
7332302,674615,2026-01-30,Clothing,Adidas,4,647.56,15.0,15.09,2216.79,PayPal,Cancelled,2.0,
7940599,738524,2023-10-18,Clothing,Nike,2,936.97,10.0,2.37,1688.92,Bank Transfer,Processing,3.0,No
3758206,864831,2025-02-25,Clothing,Zara,1,39.09,15.0,18.18,51.41,Card,Delivered,4.0,No
3828347,105986,2024-12-27,Electronics,Samsung,3,548.08,0.0,9.12,1653.36,Card,Delivered,1.0,No
2792987,502327,2022-11-05,Home,IKEA,5,60.88,5.0,1.37,290.55,PayPal,Cancelled,1.0,
4337278,921722,2025-07-23,Home,IKEA,5,124.6,5.0,2.8,594.65,Card,Delivered,5.0,No
6577608,998576,2022-09-11,Home,IKEA,5,936.07,15.0,6.36,3984.66,Bank Transfer,Shipped,4.0,No
5228959,960341,2024-08-22,Electronics,Apple,3,476.35,0.0,14.19,1443.24,Card,Cancelled,2.0,Y
1313525,876474,2023-05-29,Clothing,Nike,4,965.38,10.0,20.84,3496.21,PayPal,Returned,,Y
4415562,637395,2024-08-12,Electronics,Samsung,3,242.76,10.0,17.45,672.9,Card,Shipped,1.0,
5222062,948444,2023-01-01,Beauty,Nivea,2,752.46,10.0,8.94,1363.37,Card,Delivered,4.0,N
6559101,235527,2026-05-04,Beauty,L'Oreal,1,186.81,10.0,8.34,176.47,Card,Processing,2.0,N
5827379,643873,2021-10-22,Electronics,Samsung,1,302.38,0.0,17.13,319.51,Google Pay,Delivered,5.0,N
8996721,915160,2023-09-14,Clothing,Nike,3,934.94,5.0,21.46,2686.04,Bank Transfer,Processing,4.0,
5857634,688626,2023-04-07,Books,Penguin,4,204.24,10.0,14.58,749.84,Card,Processing,1.0,
3299801,315466,2021-03-31,Electronics,Samsung,1,173.01,20.0,17.58,155.99,PayPal,Delivered,,N
7747129,546788,2024-03-14,Electronics,Samsung,1,252.09,20.0,0.42,202.09,PayPal,Returned,3.0,Y
5222985,158849,2022-11-07,Electronics,Samsung,5,961.33,15.0,13.15,4098.8,Google Pay,Returned,1.0,No
6241752,604471,2021-01-15,Electronics,Samsung,1,300.66,15.0,12.05,267.61,Bank Transfer,Cancelled,,No
4097476,482453,2026-06-19,Sports,Wilson,4,24.14,10.0,13.58,100.48,Card,Shipped,4.0,No
3346124,697687,2026-02-28,Electronics,Samsung,3,471.23,20.0,15.21,1146.16,Card,Shipped,2.0,Y
4686094,681331,2021-10-01,Clothing,Adidas,5,924.39,15.0,12.11,3940.77,Card,Returned,4.0,No
5655660,309546,2025-06-01,Clothing,Adidas,5,670.5,10.0,8.8,3026.05,Bank Transfer,Shipped,4.0,
7994006,629237,2026-03-16,Toys,Lego,3,906.97,15.0,10.05,2322.82,PayPal,Shipped,4.0,Y
1288851,533481,2025-09-01,Sports,Wilson,3,513.58,,16.87,1557.61,Card,Delivered,2.0,Yes
9967376,608480,2026-01-13,Home,IKEA,4,456.23,,24.04,1848.96,Card,Returned,4.0,Yes
2682713,952860,2025-05-11,Electronics,Sony,3,411.07,0.0,20.82,1254.03,Card,Delivered,,No
6285062,474121,2022-12-01,Electronics,Apple,4,58.12,10.0,23.48,232.71,Card,Processing,5.0,N
1588740,534555,2025-04-22,Home,IKEA,4,741.36,,1.26,2966.7,Apple Pay,Cancelled,5.0,
4367559,462889,2024-07-05,Books,Penguin,2,386.89,5.0,22.38,757.47,Bank Transfer,Cancelled,3.0,N
5824083,101661,2023-07-18,Electronics,Sony,1,415.68,5.0,1.23,396.13,Google Pay,Delivered,,N
6785852,664635,2023-05-04,Clothing,Adidas,2,710.16,5.0,15.26,1364.56,Bank Transfer,Cancelled,3.0,N
5675714,666345,2025-03-12,Electronics,Apple,3,56.55,20.0,13.16,148.88,Apple Pay,Cancelled,2.0,No
4265297,753776,2022-05-27,Electronics,Samsung,1,999.12,15.0,16.79,866.04,PayPal,Cancelled,3.0,No
1445754,924646,2022-03-28,Office,HP,4,215.79,10.0,19.3,796.14,Bank Transfer,Cancelled,3.0,Yes
8576311,742202,2022-04-12,Grocery,Nestle,4,335.8,10.0,1.03,1209.91,Bank Transfer,Processing,5.0,Yes
3553609,447222,2024-12-25,Grocery,Nestle,1,338.13,20.0,11.35,281.85,Apple Pay,Cancelled,1.0,Y
9839769,580401,2023-12-28,Home,Philips,3,490.47,5.0,10.66,1408.5,Google Pay,Shipped,3.0,Yes
1145671,728993,2022-03-18,Home,Philips,4,92.02,20.0,5.44,299.9,PayPal,Shipped,5.0,
1205768,129333,2023-05-04,Sports,Wilson,1,115.41,15.0,17.69,115.79,Apple Pay,Returned,,
7812367,943652,2024-05-13,Home,Philips,3,726.28,0.0,15.35,2194.19,Bank Transfer,Delivered,5.0,N
7710925,340758,2024-01-27,Home,IKEA,1,40.51,5.0,4.81,43.29,Apple Pay,Delivered,2.0,
7568783,766234,2023-01-26,Clothing,Zara,1,687.89,10.0,18.06,637.16,Google Pay,Processing,5.0,
6898246,285819,2021-03-09,Office,HP,3,837.89,,12.55,2526.22,Card,Returned,1.0,No
5702307,677509,2024-03-16,Electronics,Apple,5,647.23,15.0,8.35,2759.08,Google Pay,Delivered,1.0,N
6768279,712851,2021-05-08,Electronics,Samsung,4,571.02,10.0,23.28,,PayPal,Cancelled,4.0,
2776029,289565,2022-11-04,Clothing,Nike,2,72.44,15.0,22.68,145.83,PayPal,Returned,4.0,Y
6063492,196051,2022-07-24,Clothing,Nike,5,131.77,15.0,3.53,563.55,Card,Cancelled,,Y
8576787,937223,2023-07-01,Home,Philips,4,917.34,10.0,5.28,3307.7,Card,Returned,1.0,N
1955187,677795,2021-12-11,Clothing,Nike,3,318.68,15.0,7.15,819.78,Bank Transfer,Cancelled,4.0,No
6503468,935817,2021-06-21,Clothing,Adidas,1,549.2,,18.63,567.83,Card,Delivered,5.0,Y
4742348,992625,2025-01-22,Clothing,Nike,2,110.96,10.0,7.42,207.15,Card,Processing,3.0,No
3379867,956096,2024-07-25,Grocery,Nestle,3,877.31,10.0,10.95,2379.69,Bank Transfer,Cancelled,3.0,Y
6696027,367695,2022-03-26,Grocery,Nestle,2,565.38,0.0,12.05,1142.81,Apple Pay,Processing,5.0,
5369894,134035,2023-06-09,Books,Penguin,2,23.05,15.0,4.12,43.3,Bank Transfer,Processing,2.0,
8415829,982633,2023-09-10,Home,Philips,1,745.63,0.0,7.27,752.9,Apple Pay,Returned,,
7130899,805810,2023-04-06,Home,IKEA,3,758.24,10.0,8.62,2055.87,Bank Transfer,Delivered,3.0,
4067717,173875,2025-07-16,Home,IKEA,2,845.55,20.0,24.58,1377.46,Card,Delivered,2.0,No
7461203,187277,2025-11-13,Toys,Lego,5,564.73,5.0,14.02,2696.49,Apple Pay,Delivered,3.0,
6536825,117501,2022-07-07,Clothing,Adidas,5,598.2,20.0,11.58,2404.38,Card,Delivered,4.0,N
9871215,575003,2023-06-07,Pet,Purina,5,330.79,10.0,16.09,1504.64,PayPal,Delivered,5.0,Y
5985675,115267,2023-03-29,Clothing,Zara,1,120.91,20.0,18.3,115.03,Card,Delivered,4.0,Y
5756840,890778,2025-05-20,Clothing,Adidas,2,888.32,0.0,24.65,1801.29,Google Pay,Delivered,2.0,N
7669616,892290,2021-11-19,Home,Philips,3,908.75,15.0,0.7,2318.01,PayPal,Processing,,Yes
3600900,394856,2021-06-13,Clothing,Zara,4,225.49,,19.27,921.23,Card,Returned,5.0,Yes
6313759,361681,2022-05-18,Electronics,Samsung,4,192.01,15.0,13.43,666.26,Apple Pay,Processing,2.0,No
6295518,381691,2024-03-23,Home,Philips,3,479.18,,11.76,1449.3,PayPal,Delivered,,
7950397,214807,2022-08-02,Home,IKEA,2,592.38,20.0,24.02,971.83,PayPal,Shipped,2.0,Y
4350940,936016,2021-12-24,Electronics,Sony,1,101.45,15.0,6.05,92.28,Apple Pay,Returned,3.0,
6442488,755152,2026-01-06,Grocery,Nestle,5,161.44,0.0,18.1,825.3,Card,Delivered,2.0,N
8198299,293577,2024-02-10,Clothing,Adidas,3,663.19,15.0,9.1,1700.23,Apple Pay,Processing,3.0,N
6110263,461153,2023-02-01,Electronics,Sony,4,819.93,5.0,0.79,3116.52,Apple Pay,Processing,,No
3832954,404385,2025-09-25,Home,Philips,5,952.86,0.0,3.0,4767.3,Google Pay,Processing,2.0,No
5869873,172892,2022-01-17,Office,HP,2,307.82,10.0,21.14,575.22,Apple Pay,Shipped,3.0,Y
3723114,275605,2023-11-02,Sports,Wilson,1,10.95,0.0,18.43,29.38,Apple Pay,Returned,1.0,Yes
8934224,267379,2022-07-23,Home,Philips,2,840.44,15.0,2.27,1431.02,Bank Transfer,Cancelled,4.0,N
2864882,367613,2021-02-19,Electronics,Sony,3,142.41,,12.79,440.02,PayPal,Returned,2.0,N
5057654,652998,2025-04-13,Beauty,Nivea,5,343.32,15.0,22.95,1482.06,Google Pay,Delivered,1.0,N
3626460,276312,2022-07-22,Books,Penguin,2,76.96,0.0,7.31,161.23,Apple Pay,Cancelled,4.0,Y
4003162,788554,2025-10-19,Sports,Wilson,2,223.14,15.0,6.7,386.04,Apple Pay,Delivered,4.0,N
5614133,386171,2024-02-23,Clothing,Nike,4,572.51,5.0,18.9,2194.44,Bank Transfer,Delivered,5.0,N
7020787,779689,2021-07-07,Electronics,Sony,4,607.7,0.0,24.0,2454.8,Bank Transfer,Returned,5.0,No
3663349,846156,2022-09-10,Clothing,Nike,4,152.71,15.0,10.45,529.66,Card,Returned,4.0,N
5718902,408798,2022-12-17,Beauty,Nivea,1,827.44,0.0,3.03,830.47,Google Pay,Cancelled,5.0,N
9336074,576789,2025-10-26,Electronics,Sony,5,633.47,5.0,9.02,3018.0,PayPal,Cancelled,1.0,No
2000649,836756,2024-09-01,Clothing,Zara,5,713.78,10.0,11.86,3223.87,Apple Pay,Cancelled,,No
4477172,437643,2023-01-07,Electronics,Sony,1,677.93,20.0,2.37,544.71,PayPal,Processing,2.0,Y
7399493,620611,2026-01-11,Pet,Purina,4,507.04,10.0,9.73,1835.07,Apple Pay,Cancelled,2.0,Y
3011817,596784,2024-07-03,Books,Penguin,2,216.39,5.0,14.13,425.27,Card,Processing,5.0,Yes
6111172,219737,2026-06-08,Office,HP,2,911.7,0.0,4.15,1827.55,Card,Cancelled,,N
2810173,124782,2022-12-14,Home,IKEA,1,222.94,20.0,13.6,191.95,Card,Returned,,
6959671,427160,2021-03-12,Electronics,Sony,2,535.33,5.0,13.72,1030.85,Card,Returned,,
5608664,505334,2023-11-03,Beauty,Nivea,2,798.5,,11.17,1608.17,PayPal,Shipped,3.0,
1458875,460020,2022-05-21,Clothing,Nike,5,641.48,15.0,5.91,2732.2,Card,Processing,2.0,Y
9680621,541365,2026-03-17,Clothing,Adidas,1,445.56,,7.94,453.5,PayPal,Returned,1.0,No
8331549,934879,2021-09-14,Home,IKEA,2,509.97,20.0,10.02,825.97,Apple Pay,Shipped,4.0,No
9229168,297173,2022-03-14,Electronics,Samsung,3,55.26,5.0,15.14,172.63,Google Pay,Shipped,3.0,N
9723939,370973,2026-01-03,Office,HP,3,373.87,20.0,12.48,909.77,PayPal,Processing,1.0,Yes
1479895,214044,2022-03-27,Grocery,Nestle,1,20.27,5.0,14.39,33.65,Bank Transfer,Shipped,2.0,No
9145324,365770,2024-08-17,Home,Philips,1,713.82,5.0,19.4,697.53,Apple Pay,Delivered,3.0,Yes
5098238,865620,2024-08-01,Office,HP,1,638.28,5.0,14.16,620.53,Card,Shipped,3.0,
3473202,634895,2025-03-28,Electronics,Apple,5,233.32,,2.99,1169.59,Card,Delivered,2.0,Yes
9511522,319247,2023-01-18,Grocery,Nestle,1,100.09,,16.39,116.48,Card,Shipped,4.0,No
9824352,735068,2025-05-12,Beauty,Nivea,4,677.11,15.0,21.25,2323.42,PayPal,Returned,4.0,Y
7017770,552623,2026-02-05,Electronics,Apple,2,937.74,10.0,7.1,1695.03,Card,Shipped,3.0,Y
4911980,956728,2025-02-08,Beauty,L'Oreal,1,543.72,15.0,19.21,481.37,PayPal,Cancelled,5.0,No
5611261,121829,2022-12-20,Beauty,L'Oreal,5,93.49,20.0,21.93,395.89,Card,Processing,1.0,No
9479529,336321,2024-01-29,Sports,Puma,2,156.84,10.0,16.71,299.02,Google Pay,Cancelled,4.0,No
5961559,118732,2021-12-17,Electronics,Samsung,3,380.81,0.0,20.85,1163.28,Bank Transfer,Cancelled,4.0,No
6778237,516615,2025-09-23,Electronics,Apple,5,439.87,15.0,0.23,1869.68,Bank Transfer,Returned,4.0,Yes
8658864,253576,2023-05-16,Beauty,L'Oreal,4,514.48,5.0,18.19,1973.21,Apple Pay,Shipped,4.0,Yes
7371030,137042,2024-05-21,Beauty,Nivea,4,853.74,5.0,10.03,3254.24,PayPal,Processing,1.0,Yes
8863753,853753,2025-04-02,Electronics,Samsung,1,60.2,20.0,13.91,62.07,Google Pay,Returned,4.0,No
8405164,268010,2021-07-04,Electronics,Sony,4,652.98,0.0,14.69,2626.61,Bank Transfer,Delivered,5.0,
8767795,567317,2022-05-10,Home,Philips,4,41.57,5.0,10.99,168.96,Card,Returned,5.0,Yes
1509622,838832,2026-03-18,Office,HP,2,42.83,,16.61,102.27,PayPal,Processing,3.0,No
7113329,630903,2023-05-17,Books,Penguin,5,33.52,,3.02,170.62,Card,Shipped,5.0,
9582972,811118,2022-10-15,Electronics,Sony,5,582.03,20.0,11.46,2339.58,Card,Cancelled,5.0,No
1857383,547390,2022-10-03,Clothing,Zara,1,357.02,20.0,20.68,306.3,Bank Transfer,Shipped,5.0,Y
6458139,671161,2025-05-08,Sports,Puma,5,421.85,5.0,6.03,2009.82,Card,Cancelled,,
1641217,972672,2022-09-29,Sports,Puma,5,397.14,0.0,20.79,2006.49,Card,Delivered,1.0,N
5232520,331315,2021-07-31,Toys,Lego,2,385.24,10.0,16.69,710.12,Card,Delivered,2.0,Y
9154328,761412,2024-09-26,Electronics,Samsung,5,659.52,10.0,5.72,2973.56,Google Pay,Processing,3.0,No
4567970,936565,2021-05-25,Electronics,Samsung,5,65.85,,9.85,339.1,Card,Processing,1.0,Yes
2659518,828813,2021-06-12,Electronics,Sony,3,935.91,15.0,13.22,2399.79,Card,Delivered,,Y
3552216,641693,2021-08-14,Home,Philips,2,773.98,10.0,22.05,1415.21,Card,Returned,1.0,No
3402000,572745,2022-03-08,Beauty,L'Oreal,3,493.64,0.0,11.78,1492.7,Card,Cancelled,1.0,Yes
4376863,334037,2022-04-03,Electronics,Samsung,1,775.71,20.0,13.16,633.73,Card,Cancelled,4.0,Yes
1498394,649344,2025-04-16,Pet,Purina,2,383.58,10.0,8.47,698.91,Card,Processing,1.0,
3890486,780008,2022-04-19,Clothing,Nike,3,560.58,20.0,5.37,1350.76,Card,Cancelled,4.0,Y
3120753,132191,2026-01-25,Electronics,Sony,4,580.18,10.0,9.45,2098.1,Bank Transfer,Returned,2.0,Y
9606361,514080,2021-04-01,Sports,Puma,4,735.29,,6.95,2948.11,PayPal,Cancelled,5.0,No
9399409,807686,2023-08-02,Electronics,Apple,3,787.58,5.0,23.21,2267.81,Bank Transfer,Cancelled,5.0,N
9766882,703818,2025-10-04,Beauty,L'Oreal,5,466.62,15.0,10.3,1993.43,Bank Transfer,Cancelled,1.0,
8404032,942410,2021-04-19,Clothing,Adidas,3,545.34,0.0,5.73,1641.75,Card,Cancelled,2.0,Yes
6837889,436850,2021-09-25,Office,HP,2,573.37,,1.92,1148.66,Card,Delivered,2.0,No
6535245,791875,2022-01-28,Electronics,Sony,2,612.9,15.0,2.99,1044.92,Card,Processing,1.0,No
5175306,761596,2024-09-04,Toys,Lego,4,116.96,,24.61,492.45,Apple Pay,Cancelled,5.0,Yes
1715125,547007,2025-11-02,Sports,Wilson,1,805.51,10.0,16.9,741.86,Apple Pay,Processing,3.0,Yes
8662074,161640,2022-07-19,Beauty,Nivea,5,879.94,10.0,23.54,3983.27,Bank Transfer,Delivered,5.0,
8044603,873273,2024-09-03,Beauty,Nivea,3,852.19,0.0,0.44,2557.01,Google Pay,Delivered,3.0,No
8108625,413111,2022-03-04,Beauty,Nivea,3,352.8,10.0,5.12,957.68,Bank Transfer,Delivered,5.0,N
8820099,231788,2022-12-03,Toys,Lego,4,936.76,20.0,1.86,2999.49,Bank Transfer,Returned,5.0,No
7007688,322436,2021-03-16,Toys,Lego,1,337.96,10.0,23.24,327.4,Google Pay,Returned,,Y
6810110,149744,2025-05-14,Beauty,L'Oreal,4,261.67,0.0,9.08,1055.76,PayPal,Processing,3.0,
2925818,421269,2025-01-04,Beauty,Nivea,3,843.42,,19.44,2549.7,Google Pay,Returned,5.0,N
2440640,174162,2025-10-16,Electronics,Apple,2,11.62,10.0,23.51,44.43,Card,Cancelled,4.0,N
3379869,180159,2026-02-20,Electronics,Samsung,1,327.91,15.0,15.82,294.54,Card,Delivered,,No
1840906,425439,2022-07-10,Electronics,Samsung,1,656.6,0.0,22.84,679.44,Card,Returned,,Y
9433467,412349,2022-08-24,Toys,Lego,4,76.92,,24.98,332.66,Card,Delivered,1.0,
8661933,879974,2021-09-01,Toys,Lego,2,194.68,,12.73,402.09,Google Pay,Returned,5.0,Yes
1017133,265892,2021-07-21,Clothing,Adidas,3,896.35,,20.28,2709.33,Bank Transfer,Shipped,4.0,
8122543,536388,2023-08-10,Clothing,Nike,4,353.1,20.0,23.81,1153.73,Google Pay,Delivered,5.0,N
7496070,692383,2024-05-25,Electronics,Sony,3,893.6,5.0,20.67,2567.43,Bank Transfer,Delivered,5.0,
8794568,364616,2023-06-23,Electronics,Samsung,1,80.47,0.0,17.3,97.77,Google Pay,Cancelled,4.0,
3430819,236725,2022-07-12,Beauty,Nivea,4,276.89,0.0,2.33,1109.89,PayPal,Returned,2.0,No
9096113,108892,2023-06-13,Office,HP,4,305.91,10.0,1.65,1102.93,Apple Pay,Processing,1.0,N
6351711,687954,2021-06-11,Home,IKEA,1,957.91,20.0,23.76,790.09,Bank Transfer,Shipped,5.0,N
6173603,991841,2022-05-10,Electronics,Sony,5,916.79,10.0,6.85,4132.41,Bank Transfer,Processing,,
5300468,139758,2026-02-26,Electronics,Samsung,5,494.71,,20.05,2493.6,PayPal,Delivered,3.0,Yes
4703016,719272,2025-02-07,Books,Penguin,3,723.79,0.0,15.68,2187.05,Card,Shipped,4.0,N
1221428,959217,2026-06-16,Clothing,Zara,2,777.8,0.0,21.38,1576.98,Card,Cancelled,5.0,N
3290899,328160,2023-09-21,Electronics,Apple,2,498.91,15.0,1.09,849.24,Bank Transfer,Delivered,5.0,Y
4237232,697982,2021-12-06,Toys,Lego,2,73.84,20.0,12.97,131.11,Google Pay,Delivered,1.0,
4213045,583238,2026-06-13,Home,Philips,2,697.83,0.0,5.0,1400.66,PayPal,Cancelled,1.0,
5381207,279848,2023-07-20,Electronics,Sony,3,882.37,0.0,3.65,2650.76,Card,Shipped,1.0,No
5716770,968129,2022-09-29,Home,Philips,2,975.82,20.0,0.16,1561.47,Bank Transfer,Processing,2.0,No
8884065,917907,2021-02-01,Home,Philips,1,266.71,15.0,20.86,247.56,Google Pay,Cancelled,4.0,No
6587269,838221,2023-05-27,Toys,Lego,4,638.15,20.0,16.49,2058.57,Bank Transfer,Cancelled,,Y
4941408,753223,2022-04-30,Toys,Lego,3,900.29,15.0,16.69,2312.43,Bank Transfer,Cancelled,1.0,Yes
7202146,633592,2021-03-30,Electronics,Sony,1,641.39,5.0,13.63,622.95,Card,Returned,,
8297074,139241,2021-04-11,Home,Philips,5,145.17,0.0,13.68,739.53,Bank Transfer,Shipped,3.0,N
6873376,496329,2025-08-30,Books,Penguin,2,885.63,15.0,4.52,1510.09,Google Pay,Delivered,4.0,Y
1776914,310142,2021-11-12,Home,Philips,5,257.45,0.0,8.68,1295.93,Apple Pay,Shipped,1.0,No
5995837,463783,2024-07-31,Home,Philips,3,371.11,5.0,16.81,1074.47,Bank Transfer,Processing,2.0,No
8891730,203835,2021-12-20,Electronics,Sony,5,254.19,,14.0,1284.95,Card,Returned,,No
3298231,315756,2026-05-03,Electronics,Apple,4,767.59,15.0,15.35,2625.16,Apple Pay,Shipped,1.0,Y
6161353,701235,2024-04-07,Electronics,Apple,3,110.01,,7.51,337.54,Card,Delivered,1.0,N
4401007,806900,2021-01-06,Beauty,Nivea,5,157.84,5.0,3.34,753.08,Card,Processing,,Yes
9518130,553981,2023-01-28,Grocery,Nestle,4,673.88,20.0,12.75,2169.17,Card,Returned,4.0,No
3112316,720137,2024-05-09,Electronics,Apple,2,783.6,20.0,9.84,1263.6,Card,Delivered,1.0,N
9709877,303548,2023-05-08,Electronics,Apple,3,482.29,10.0,18.73,1320.91,PayPal,Shipped,3.0,No
1625643,616267,2024-01-01,Electronics,Apple,3,481.4,10.0,18.98,1318.76,Bank Transfer,Shipped,5.0,Y
4932557,209496,2023-09-14,Home,Philips,3,555.26,0.0,13.47,1679.25,PayPal,Shipped,1.0,No
1554064,798307,2021-03-04,Office,HP,1,954.46,15.0,0.04,811.33,Google Pay,Processing,1.0,N
1785041,509008,2023-03-08,Clothing,Zara,5,938.38,,10.42,4702.32,Bank Transfer,Shipped,4.0,Yes
9895190,410454,2026-01-07,Clothing,Nike,2,376.99,15.0,0.14,641.02,Card,Returned,4.0,Yes
7582489,628594,2021-05-27,Clothing,Zara,2,149.6,10.0,20.81,290.09,Google Pay,Delivered,1.0,
8559103,624078,2021-03-14,Electronics,Sony,4,973.77,15.0,20.03,3330.85,PayPal,Delivered,1.0,N
8013364,118035,2023-04-10,Beauty,L'Oreal,5,861.6,15.0,6.58,3668.38,Apple Pay,Delivered,5.0,N
5066286,441149,2025-01-30,Electronics,Samsung,1,593.93,0.0,14.65,608.58,PayPal,Processing,3.0,
5832086,741863,2022-05-24,Electronics,Apple,2,429.19,,2.73,861.11,Bank Transfer,Delivered,3.0,N
7393691,521868,2024-03-25,Home,IKEA,1,514.86,20.0,8.43,420.32,Apple Pay,Shipped,1.0,Yes
2738429,395018,2023-03-12,Beauty,L'Oreal,4,968.99,5.0,11.13,3693.29,Bank Transfer,Processing,4.0,
2943009,118971,2022-08-21,Books,Penguin,1,282.4,,16.34,298.74,Card,Cancelled,1.0,No
1102291,264590,2022-07-26,Beauty,L'Oreal,3,764.97,15.0,19.23,1969.9,Bank Transfer,Cancelled,5.0,N
5508616,310609,2022-09-01,Electronics,Apple,3,411.55,0.0,16.77,1251.42,Google Pay,Delivered,,Y
4334971,999192,2023-05-23,Clothing,Zara,1,72.59,15.0,3.19,64.89,Card,Delivered,3.0,N
1211016,443661,2023-05-27,Electronics,Samsung,5,972.89,5.0,7.57,4628.8,Card,Delivered,3.0,N
4422930,950540,2022-12-30,Beauty,L'Oreal,4,980.81,0.0,6.28,3929.52,PayPal,Processing,1.0,
2473900,690705,2024-01-06,Electronics,Sony,4,473.66,10.0,3.14,1708.32,Card,Shipped,1.0,N
2991498,920720,2023-07-28,Office,HP,1,727.38,5.0,24.29,715.3,Card,Delivered,4.0,No
3087532,241707,2025-09-06,Electronics,Apple,2,470.55,15.0,6.56,806.49,Card,Shipped,5.0,
3065833,455567,2025-11-05,Home,IKEA,1,49.37,10.0,6.06,50.49,Card,Returned,5.0,
1950690,550091,2023-07-24,Sports,Wilson,4,259.08,0.0,18.46,1054.78,Google Pay,Returned,1.0,Y
8779082,323377,2024-02-11,Sports,Wilson,4,272.23,15.0,6.84,932.42,Apple Pay,Returned,5.0,Y
2824117,379482,2026-04-07,Clothing,Nike,2,823.88,0.0,24.82,1672.58,Card,Shipped,3.0,Yes
7651839,807217,2023-12-04,Home,Philips,3,249.18,0.0,4.47,752.01,Bank Transfer,Processing,3.0,
1450096,201088,2025-08-14,Electronics,Sony,4,324.39,15.0,17.17,1120.1,PayPal,Cancelled,3.0,N
1682390,978393,2022-06-25,Beauty,Nivea,4,145.95,,13.91,597.71,Google Pay,Returned,2.0,Yes
2366262,497655,2021-09-12,Electronics,Sony,1,596.15,,23.23,619.38,PayPal,Returned,4.0,Y
6200738,674228,2021-01-06,Sports,Puma,4,802.53,15.0,12.89,2741.49,Bank Transfer,Shipped,5.0,Yes
4094776,460552,2024-05-30,Clothing,Zara,2,707.25,10.0,19.6,1292.65,Apple Pay,Shipped,5.0,Y
2838776,978384,2025-01-07,Books,Penguin,3,738.84,,14.53,2231.05,Card,Shipped,5.0,
9298489,820487,2024-07-24,Home,Philips,2,693.59,,22.94,1410.12,Google Pay,Returned,1.0,
3952487,660285,2021-11-11,Books,Penguin,3,734.41,0.0,10.72,2213.95,Apple Pay,Processing,2.0,
9568401,608033,2025-09-25,Sports,Puma,4,240.01,20.0,1.01,769.04,Google Pay,Returned,1.0,No
6220960,905255,2025-02-16,Home,Philips,2,945.11,5.0,10.72,1806.43,Google Pay,Cancelled,2.0,Yes
5658273,658388,2024-10-25,Books,Penguin,2,16.92,,22.2,56.04,Card,Delivered,5.0,Yes
5215218,346038,2025-11-30,Home,IKEA,4,161.58,10.0,11.17,592.86,Apple Pay,Shipped,5.0,No
8854124,168495,2026-05-17,Clothing,Adidas,2,129.06,0.0,22.99,281.11,PayPal,Cancelled,3.0,
7500781,860705,2024-02-02,Books,Penguin,3,27.95,20.0,1.17,68.25,Apple Pay,Processing,1.0,N
7361762,142362,2026-03-25,Office,HP,1,971.81,15.0,8.81,834.85,Google Pay,Returned,,N
9347129,188793,2021-10-07,Books,Penguin,5,839.53,20.0,7.48,3365.6,Card,Delivered,4.0,N
9120727,239478,2021-08-05,Sports,Puma,1,537.06,10.0,21.47,504.82,Card,Shipped,2.0,Yes
5167574,277937,2025-07-18,Pet,Purina,3,327.96,20.0,18.48,805.58,Card,Shipped,,N
1400695,274643,2025-10-20,Home,Philips,1,212.13,10.0,22.79,213.71,Google Pay,Delivered,1.0,Y
3728757,664352,2025-05-11,Electronics,Sony,5,124.43,20.0,18.01,515.73,Card,Delivered,4.0,Yes
7939961,323313,2023-02-12,Electronics,Samsung,3,313.62,5.0,6.36,900.18,Google Pay,Processing,5.0,No
6677096,381028,2021-03-18,Electronics,Apple,5,445.64,20.0,15.53,1798.09,Bank Transfer,Cancelled,2.0,No
5583519,895991,2024-03-17,Beauty,L'Oreal,5,845.16,,5.35,4231.15,Card,Processing,3.0,Y
5795385,448372,2021-10-06,Electronics,Apple,2,14.1,10.0,24.02,49.4,Card,Cancelled,4.0,
7945475,729364,2021-12-26,Beauty,Nivea,4,154.78,10.0,21.73,578.94,Apple Pay,Delivered,3.0,Yes
2774323,630462,2024-10-24,Sports,Wilson,4,255.3,,4.55,1025.75,Bank Transfer,Delivered,3.0,Y
6028959,981991,2026-06-03,Sports,Wilson,3,367.74,15.0,12.35,950.09,Card,Delivered,1.0,
4974537,367692,2023-02-01,Clothing,Nike,2,226.56,20.0,18.32,380.82,Card,Shipped,3.0,
1734839,485989,2023-05-07,Books,Penguin,2,114.81,5.0,5.04,223.18,Bank Transfer,Processing,,
4155264,455311,2025-11-20,Electronics,Sony,2,145.58,,18.83,309.99,Card,Processing,5.0,N
8593833,456814,2024-10-25,Home,IKEA,4,486.78,20.0,1.95,1559.65,Google Pay,Shipped,4.0,Y
7934654,219446,2021-05-05,Home,Philips,3,69.62,0.0,22.07,230.93,Google Pay,Delivered,5.0,Yes
6729125,405361,2021-09-20,Electronics,Apple,4,279.87,5.0,14.07,1077.58,Google Pay,Delivered,1.0,Yes
7669064,346614,2026-05-12,Clothing,Zara,3,10.92,15.0,11.3,39.15,Bank Transfer,Delivered,2.0,
4641306,733321,2024-10-31,Electronics,Samsung,2,13.62,0.0,10.85,38.09,PayPal,Returned,4.0,No
3139879,917406,2021-09-27,Grocery,Nestle,2,785.78,0.0,5.83,1577.39,Google Pay,Cancelled,3.0,N
2502796,849845,2026-01-03,Home,Philips,5,584.61,10.0,12.59,2643.34,Bank Transfer,Shipped,,Y
4608225,612536,2021-10-23,Home,Philips,5,827.64,10.0,2.37,3726.75,PayPal,Cancelled,5.0,Yes
6338965,241920,2023-03-20,Electronics,Apple,5,339.3,10.0,2.59,1529.44,Card,Delivered,,N
7389787,708129,2024-10-30,Electronics,Apple,3,256.18,0.0,12.56,781.1,PayPal,Processing,2.0,Yes
8625359,677944,2023-08-31,Pet,Purina,2,614.84,10.0,15.81,1122.52,Card,Delivered,1.0,
2392063,907668,2023-12-23,Beauty,Nivea,1,124.91,15.0,16.7,122.87,Bank Transfer,Delivered,2.0,N
3490352,209340,2022-09-15,Toys,Lego,2,277.6,20.0,16.79,460.95,Bank Transfer,Returned,,No
1337283,436305,2024-10-30,Office,HP,5,338.35,15.0,22.9,1460.89,Google Pay,Delivered,,N
6411521,141038,2025-09-13,Home,Philips,1,927.87,10.0,7.82,842.9,Google Pay,Cancelled,2.0,Y
3341687,526349,2026-02-28,Home,Philips,4,552.95,0.0,20.11,2231.91,Bank Transfer,Shipped,2.0,
1730186,176748,2026-03-10,Clothing,Adidas,1,621.6,10.0,0.99,560.43,Bank Transfer,Delivered,1.0,N
7911457,498700,2022-12-23,Home,IKEA,1,258.94,10.0,18.46,251.51,Apple Pay,Shipped,2.0,N
3410286,926399,2021-07-21,Home,Philips,5,861.95,0.0,0.15,4309.9,Bank Transfer,Returned,3.0,Yes
5251444,254485,2026-02-18,Sports,Wilson,1,704.43,5.0,8.23,677.44,Google Pay,Returned,,N
8695327,968751,2025-07-12,Sports,Puma,1,759.58,5.0,7.29,728.89,Google Pay,Processing,3.0,Yes
4063961,231090,2025-02-26,Electronics,Samsung,4,663.32,10.0,24.55,2412.5,Bank Transfer,Processing,1.0,No
4363174,457456,2025-11-24,Beauty,Nivea,4,259.46,5.0,13.05,999.0,Apple Pay,Cancelled,5.0,Yes
8493037,220260,2021-11-02,Clothing,Adidas,4,530.1,20.0,18.1,1714.42,PayPal,Cancelled,1.0,No
4806198,745069,2022-09-10,Books,Penguin,2,372.34,10.0,5.1,675.31,Bank Transfer,Processing,1.0,N
1299810,715941,2022-04-26,Home,Philips,4,894.36,,13.73,3591.17,Apple Pay,Delivered,,Yes
6754527,919885,2025-07-05,Sports,Puma,1,990.37,20.0,9.87,802.17,Google Pay,Shipped,2.0,
9372708,496403,2025-02-08,Electronics,Samsung,3,453.23,15.0,20.33,1176.07,Apple Pay,Cancelled,5.0,Yes
9016761,180375,2025-07-31,Electronics,Sony,4,175.75,0.0,11.4,714.4,Google Pay,Processing,2.0,N
8497999,698507,2024-11-30,Toys,Lego,4,83.72,0.0,1.41,336.29,Card,Shipped,3.0,No
1090785,677004,2022-05-21,Clothing,Nike,2,206.37,10.0,11.86,383.33,Bank Transfer,Cancelled,2.0,
3340412,334581,2022-06-25,Books,Penguin,1,879.84,15.0,7.8,755.66,PayPal,Shipped,,N
5471938,693458,2023-11-02,Electronics,Samsung,3,788.87,10.0,22.36,2152.31,Bank Transfer,Shipped,5.0,
7967962,185714,2022-10-03,Beauty,Nivea,2,24.4,0.0,10.19,58.99,Google Pay,Returned,4.0,N
5171281,379680,2026-05-03,Books,Penguin,2,343.53,15.0,0.45,584.45,PayPal,Shipped,2.0,No
2029204,482616,2023-10-23,Grocery,Nestle,3,510.8,,12.34,1544.74,Apple Pay,Processing,,
8118261,409909,2021-02-07,Electronics,Samsung,5,338.74,,11.34,1705.04,Apple Pay,Shipped,2.0,No
6048403,691865,2023-02-13,Beauty,Nivea,4,650.32,20.0,23.09,2104.11,PayPal,Processing,,No
2768880,660248,2025-09-10,Pet,Purina,5,853.46,0.0,7.33,4274.63,Apple Pay,Delivered,1.0,No
5147686,219869,2024-01-06,Electronics,Apple,1,535.8,0.0,24.3,560.1,Bank Transfer,Delivered,5.0,
7252411,580005,2022-10-12,Books,Penguin,1,639.45,5.0,12.27,619.75,Bank Transfer,Returned,1.0,N
7502982,390647,2022-05-25,Beauty,Nivea,5,57.3,10.0,0.07,257.92,PayPal,Delivered,3.0,N
3625929,212963,2021-09-23,Sports,Puma,5,830.75,0.0,14.95,4168.7,PayPal,Delivered,3.0,No
2181037,925244,2021-03-10,Home,Philips,1,902.7,20.0,7.15,729.31,Card,Delivered,3.0,No
4718887,147974,2022-06-11,Clothing,Zara,3,678.51,5.0,0.12,1933.87,Card,Delivered,2.0,Yes
5577012,967977,2026-03-06,Books,Penguin,2,519.15,10.0,4.62,939.09,Google Pay,Cancelled,3.0,N
4555200,410103,2022-12-17,Pet,Purina,3,5.96,0.0,12.82,30.7,Card,Cancelled,,
1794262,112983,2022-03-08,Electronics,Apple,1,252.99,10.0,23.4,251.09,PayPal,Shipped,5.0,Y
8862443,743486,2026-06-15,Clothing,Adidas,4,274.62,20.0,14.48,893.26,Bank Transfer,Processing,5.0,Y
9945468,802977,2023-06-17,Home,Philips,5,218.26,15.0,7.18,934.78,Apple Pay,Cancelled,,No
1570254,115254,2022-08-09,Toys,Lego,5,358.82,0.0,18.17,1812.27,Google Pay,Cancelled,4.0,Yes
6063541,196136,2023-02-18,Electronics,Samsung,5,218.05,0.0,7.31,1097.56,Bank Transfer,Cancelled,1.0,N
3054792,533622,2021-10-25,Books,Penguin,1,979.38,0.0,19.12,998.5,Bank Transfer,Shipped,,Y
2315161,220693,2025-07-06,Toys,Lego,1,425.82,15.0,3.99,365.94,Bank Transfer,Returned,,Yes
2408443,966249,2024-02-06,Toys,Lego,1,31.85,20.0,2.78,28.26,Bank Transfer,Returned,2.0,Yes
3031230,928247,2025-02-28,Electronics,Sony,4,283.26,20.0,18.69,925.12,Google Pay,Returned,,N
1876424,141967,2021-04-01,Electronics,Apple,1,835.64,,12.36,848.0,Google Pay,Returned,1.0,Y
1797818,297050,2023-09-25,Home,IKEA,4,179.28,10.0,20.04,665.45,PayPal,Shipped,2.0,N
6451095,351273,2024-03-30,Office,HP,2,416.33,,10.17,842.83,Apple Pay,Processing,3.0,N
8161513,923669,2025-08-26,Electronics,Samsung,4,133.64,15.0,4.86,459.24,PayPal,Shipped,1.0,
1753368,715296,2022-06-05,Sports,Puma,5,102.64,5.0,2.9,490.44,PayPal,Returned,3.0,Y
4327811,541464,2021-09-27,Pet,Purina,3,405.32,10.0,13.82,1108.18,Bank Transfer,Shipped,4.0,
3062298,269890,2025-05-26,Home,IKEA,3,589.91,10.0,21.99,1614.75,Card,Processing,,
8148267,221171,2024-10-10,Sports,Wilson,2,454.24,5.0,0.19,863.25,Google Pay,Returned,5.0,N
7238718,572811,2023-06-30,Beauty,Nivea,2,478.76,15.0,16.74,830.63,Google Pay,Delivered,1.0,
8850694,275514,2025-02-25,Pet,Purina,3,809.61,,21.53,2450.36,Google Pay,Delivered,1.0,
3553246,813964,2021-04-11,Electronics,Apple,5,983.81,0.0,0.74,4919.79,Apple Pay,Returned,2.0,
1956451,353147,2025-03-27,Clothing,Zara,2,566.72,0.0,20.72,1154.16,Bank Transfer,Returned,5.0,No
6353920,266665,2025-01-22,Books,Penguin,4,478.5,15.0,3.87,1630.77,Card,Returned,2.0,No
8841946,880147,2024-01-07,Clothing,Adidas,5,655.85,20.0,5.02,2628.42,Card,Shipped,,Y
6053425,986066,2024-01-19,Grocery,Nestle,3,229.35,5.0,22.16,675.81,Card,Cancelled,4.0,N
9170469,207829,2021-08-14,Clothing,Nike,3,808.2,15.0,16.28,2077.19,Card,Shipped,4.0,No
8341364,556238,2023-08-10,Office,HP,4,929.89,5.0,1.43,3535.01,PayPal,Delivered,4.0,
3285730,496652,2022-04-28,Electronics,Apple,2,97.48,10.0,23.84,199.3,Apple Pay,Delivered,5.0,Y
7837138,945663,2025-01-28,Electronics,Sony,4,866.78,10.0,3.23,3123.64,PayPal,Returned,,No
8552462,669298,2025-07-23,Sports,Puma,3,670.86,15.0,19.29,1729.98,Bank Transfer,Processing,2.0,Yes
1372745,958102,2025-03-24,Electronics,Samsung,5,594.69,,6.32,2979.77,Bank Transfer,Shipped,5.0,Y
7343928,408306,2026-03-18,Beauty,Nivea,2,656.86,15.0,8.28,1124.94,Google Pay,Shipped,2.0,No
1533728,676936,2023-04-09,Electronics,Sony,2,42.0,5.0,14.13,93.93,Card,Cancelled,3.0,No
3356465,365719,2021-04-20,Home,IKEA,1,312.63,,6.19,318.82,Apple Pay,Delivered,1.0,Y
3828447,846178,2022-09-06,Electronics,Apple,1,530.29,20.0,5.47,429.7,PayPal,Processing,5.0,Yes
9269112,600181,2021-11-18,Clothing,Adidas,4,652.87,,8.22,2619.7,Google Pay,Delivered,4.0,Y
6826170,429734,2025-02-19,Electronics,Samsung,2,435.64,,19.34,890.62,Apple Pay,Processing,,Y
9724426,204993,2025-02-22,Electronics,Samsung,5,709.32,15.0,21.37,3035.98,Card,Processing,2.0,
8592363,317699,2023-10-06,Electronics,Samsung,2,385.96,20.0,17.61,635.15,Card,Processing,1.0,N
3913115,783724,2024-12-25,Electronics,Apple,5,278.83,20.0,17.7,1133.02,PayPal,Delivered,4.0,N
6729322,432835,2025-05-05,Toys,Lego,4,368.37,15.0,18.34,1270.8,PayPal,Cancelled,5.0,No
6089091,141544,2023-10-02,Clothing,Zara,2,361.34,5.0,11.51,698.06,Card,Returned,2.0,Y
4932518,128586,2026-03-17,Electronics,Sony,5,375.03,15.0,6.01,1599.89,Apple Pay,Delivered,4.0,N
8208088,111016,2024-08-17,Electronics,Apple,4,882.43,0.0,0.41,3530.13,Card,Delivered,2.0,No
7220928,925082,2025-11-09,Beauty,Nivea,2,326.97,10.0,9.92,598.47,Google Pay,Processing,5.0,No
9529132,409906,2022-09-12,Electronics,Apple,5,595.68,10.0,7.69,2688.25,Card,Cancelled,2.0,No
6147933,861773,2025-01-07,Beauty,L'Oreal,1,671.12,0.0,2.47,673.59,PayPal,Cancelled,5.0,N
9201132,725549,2021-09-27,Clothing,Zara,4,788.64,5.0,22.83,3019.66,PayPal,Delivered,5.0,N
4496048,435807,2021-03-11,Electronics,Apple,4,822.96,0.0,16.14,3307.98,Google Pay,Returned,1.0,Yes
2932452,571696,2022-04-22,Sports,Puma,5,487.79,20.0,5.43,1956.59,Bank Transfer,Returned,3.0,N
4993893,510275,2024-07-25,Beauty,L'Oreal,4,126.27,10.0,23.15,477.72,Google Pay,Shipped,3.0,Yes
1246999,428498,2025-01-14,Grocery,Nestle,3,147.07,5.0,24.96,444.11,Bank Transfer,Returned,2.0,N
4686968,517915,2021-05-12,Sports,Puma,2,377.81,0.0,4.69,760.31,Card,Shipped,2.0,Y
3167393,166023,2023-01-27,Home,Philips,3,594.34,20.0,23.17,1449.59,Card,Processing,2.0,Yes
3780018,167310,2025-09-29,Sports,Puma,4,958.15,10.0,14.65,3463.99,Bank Transfer,Returned,3.0,N
6517174,432765,2024-05-20,Electronics,Sony,1,659.35,10.0,24.43,617.85,Google Pay,Cancelled,2.0,N
9977032,730662,2024-10-05,Sports,Puma,3,65.22,20.0,10.36,166.89,Google Pay,Processing,2.0,Y
5494533,578001,2021-01-28,Electronics,Samsung,5,79.46,5.0,6.56,383.99,Apple Pay,Delivered,1.0,
3498232,216771,2022-01-02,Electronics,Samsung,4,178.77,,18.85,733.93,Google Pay,Returned,2.0,Yes
3272470,362209,2024-01-10,Beauty,L'Oreal,3,8.2,0.0,19.67,44.27,Bank Transfer,Returned,3.0,Yes
4711933,325646,2023-10-19,Clothing,Nike,5,679.43,0.0,4.37,3401.52,PayPal,Cancelled,4.0,N
1833654,923274,2025-03-29,Books,Penguin,2,465.88,0.0,20.87,952.63,PayPal,Delivered,4.0,No
1651937,747817,2025-08-11,Toys,Lego,5,338.19,15.0,15.78,1453.09,Google Pay,Shipped,3.0,Y
4986891,915707,2022-02-07,Office,HP,5,12.78,5.0,20.15,80.85,PayPal,Processing,2.0,Y
3623147,669285,2026-01-20,Beauty,L'Oreal,5,211.4,10.0,21.75,973.05,PayPal,Returned,3.0,N
5491726,821619,2024-10-14,Pet,Purina,4,425.81,,1.44,1704.68,Bank Transfer,Returned,,Y
1341195,591698,2021-06-20,Home,IKEA,2,473.77,,3.67,951.21,Card,Returned,,No
8918140,793983,2021-05-16,Beauty,Nivea,5,338.25,10.0,8.75,1530.88,Bank Transfer,Shipped,5.0,Yes
8727951,473111,2021-11-20,Sports,Wilson,4,22.46,5.0,2.35,87.7,PayPal,Cancelled,1.0,Y
2036268,371671,2024-01-12,Beauty,L'Oreal,2,769.82,20.0,22.38,1254.09,Card,Returned,3.0,Y
9064884,292122,2023-09-27,Clothing,Nike,5,241.09,0.0,21.86,1227.31,Apple Pay,Cancelled,,
6753164,667911,2023-03-27,Clothing,Adidas,2,213.14,0.0,2.34,428.62,Bank Transfer,Cancelled,2.0,Y
7458317,317932,2023-01-12,Clothing,Nike,2,110.78,,6.28,227.84,Card,Shipped,4.0,
9933774,422249,2021-12-12,Beauty,Nivea,5,375.33,,7.97,1884.62,Apple Pay,Delivered,1.0,Y
7417276,308893,2025-12-28,Home,Philips,2,173.35,0.0,3.56,350.26,Google Pay,Shipped,2.0,Y
4474202,358349,2023-11-25,Home,IKEA,3,40.54,15.0,11.86,115.24,PayPal,Shipped,,
6125850,477973,2021-03-21,Toys,Lego,1,645.39,,18.72,664.11,Card,Delivered,3.0,Y
7260620,185321,2026-01-01,Toys,Lego,3,675.13,0.0,4.24,2029.63,Google Pay,Returned,1.0,No
3567262,959808,2024-10-08,Electronics,Apple,5,444.48,20.0,23.04,1800.96,PayPal,Cancelled,5.0,
9141998,394426,2026-04-06,Electronics,Sony,2,121.44,0.0,19.69,262.57,Card,Cancelled,3.0,Yes
7806642,193758,2026-05-06,Clothing,Nike,1,69.13,5.0,20.02,85.69,PayPal,Processing,1.0,Y
3174301,889878,2024-09-02,Clothing,Nike,1,194.33,15.0,5.85,171.03,Google Pay,Delivered,1.0,N
8319706,569659,2021-11-16,Clothing,Nike,2,336.98,10.0,0.4,606.96,PayPal,Shipped,,
9253813,194884,2025-10-31,Books,Penguin,2,846.33,5.0,10.26,1618.29,Apple Pay,Shipped,5.0,Yes
3344497,783682,2023-02-13,Home,Philips,1,528.55,,14.8,543.35,PayPal,Processing,3.0,N
3932371,702256,2022-10-19,Home,Philips,2,769.92,10.0,1.81,1387.67,Bank Transfer,Processing,1.0,N
5925879,774723,2022-10-29,Clothing,Zara,1,328.77,15.0,10.13,289.58,Bank Transfer,Returned,1.0,N
4829912,455345,2026-06-01,Electronics,Sony,1,773.66,10.0,24.1,720.39,Card,Cancelled,2.0,Y
5770570,338473,2026-06-03,Home,Philips,5,79.06,10.0,0.75,356.52,Bank Transfer,Processing,1.0,N
8415394,509446,2022-12-27,Clothing,Zara,2,321.4,0.0,3.45,646.25,Bank Transfer,Shipped,1.0,Yes
4569275,421686,2023-11-20,Sports,Puma,4,90.32,,4.97,366.25,Card,Processing,1.0,Y
2847704,143046,2025-09-03,Grocery,Nestle,5,547.12,0.0,5.61,2741.21,Card,Shipped,1.0,N
4367004,443137,2026-01-28,Electronics,Apple,1,250.14,15.0,3.93,216.55,Card,Returned,3.0,N
1070322,295887,2021-09-08,Electronics,Sony,1,317.38,15.0,13.74,283.51,Bank Transfer,Cancelled,3.0,N
6930799,432120,2026-06-19,Sports,Wilson,2,209.13,0.0,23.73,441.99,Bank Transfer,Shipped,5.0,No
4664837,931239,2023-02-02,Home,Philips,4,891.47,5.0,2.1,3389.69,PayPal,Cancelled,2.0,No
4030036,988285,2021-11-28,Clothing,Zara,4,485.43,15.0,7.09,,Card,Shipped,,No
9416777,707132,2023-06-23,Electronics,Sony,1,744.16,15.0,18.48,651.02,Apple Pay,Processing,2.0,No
8323530,417518,2022-06-10,Sports,Puma,3,536.47,10.0,11.35,1459.82,Google Pay,Delivered,2.0,
9336558,357790,2026-05-02,Electronics,Apple,1,661.57,,21.98,683.55,Bank Transfer,Processing,4.0,
9575937,450573,2023-12-18,Beauty,L'Oreal,3,571.79,15.0,12.06,1470.12,PayPal,Cancelled,3.0,Y
9650778,205851,2024-10-30,Clothing,Adidas,4,216.7,15.0,12.6,749.38,Google Pay,Shipped,4.0,No
1857139,670661,2021-02-05,Home,IKEA,4,595.53,0.0,6.99,2389.11,Bank Transfer,Cancelled,2.0,
8995291,741090,2021-05-19,Sports,Wilson,2,504.87,15.0,16.11,874.39,Card,Returned,1.0,Y
5096416,707110,2023-11-05,Home,IKEA,5,452.83,15.0,24.69,1949.22,Card,Cancelled,3.0,Y
9196825,946796,2026-05-04,Home,Philips,2,606.96,20.0,16.42,987.56,Apple Pay,Delivered,3.0,Y
7835087,724912,2022-11-20,Pet,Purina,2,321.91,15.0,14.95,562.2,Bank Transfer,Shipped,3.0,Y
6522291,196515,2024-05-13,Electronics,Apple,4,647.28,15.0,23.88,2224.63,Card,Cancelled,1.0,Yes
1136650,357003,2024-10-08,Electronics,Sony,3,349.28,5.0,17.72,1013.17,PayPal,Processing,5.0,N
5580005,330849,2023-08-28,Toys,Lego,2,515.98,15.0,18.54,895.71,Card,Shipped,2.0,Y
6665698,121363,2023-03-25,Sports,Puma,5,415.26,5.0,7.48,1979.97,Bank Transfer,Processing,3.0,No
1351210,947525,2024-11-19,Electronics,Samsung,3,470.71,10.0,13.92,1284.84,PayPal,Delivered,1.0,No
7945255,355600,2021-12-19,Toys,Lego,3,644.27,0.0,20.62,1953.43,Card,Cancelled,5.0,Yes
5332511,521290,2024-05-10,Home,IKEA,4,256.02,,5.32,1029.4,PayPal,Shipped,5.0,Y
8483396,175840,2023-05-11,Beauty,L'Oreal,4,214.36,5.0,16.99,831.56,Card,Returned,2.0,N
8708960,381085,2022-01-11,Electronics,Samsung,2,584.18,5.0,9.43,1119.37,Apple Pay,Cancelled,4.0,No
8823628,677980,2022-12-12,Clothing,Nike,1,760.39,15.0,16.75,663.08,Card,Shipped,2.0,
3668669,174361,2023-05-16,Beauty,Nivea,4,59.02,,21.09,257.17,Apple Pay,Shipped,4.0,No
4059498,864589,2021-12-14,Clothing,Nike,2,827.89,20.0,24.91,1349.53,Bank Transfer,Cancelled,4.0,Y
2042461,178779,2022-09-06,Electronics,Apple,5,747.48,5.0,15.71,3566.24,Card,Shipped,3.0,No
8019703,122559,2026-01-15,Toys,Lego,4,310.48,15.0,7.37,1063.0,Bank Transfer,Delivered,2.0,Yes
5187938,766246,2026-01-17,Clothing,Adidas,3,456.15,10.0,9.08,1240.68,Card,Shipped,,Yes
2498731,110398,2021-05-21,Pet,Purina,4,669.98,0.0,4.12,2684.04,Apple Pay,Processing,,N
3520713,404948,2022-10-25,Clothing,Adidas,4,189.68,5.0,2.61,723.39,Google Pay,Shipped,,
4229218,887196,2022-06-06,Electronics,Apple,1,484.04,15.0,12.59,424.02,Apple Pay,Cancelled,,Yes
8618772,930665,2023-04-16,Pet,Purina,1,137.67,0.0,14.62,152.29,PayPal,Delivered,3.0,Y
5959460,476639,2024-03-01,Beauty,L'Oreal,2,505.39,0.0,2.07,1012.85,Apple Pay,Shipped,5.0,No
7159458,617221,2022-12-08,Books,Penguin,1,774.97,5.0,11.53,747.75,Card,Processing,5.0,Y
3855371,591608,2021-06-30,Electronics,Samsung,1,632.96,5.0,17.99,619.3,Bank Transfer,Cancelled,4.0,N
8617640,261669,2025-09-27,Grocery,Nestle,5,751.37,,16.59,3773.44,PayPal,Returned,1.0,
8650079,205837,2021-05-20,Electronics,Sony,1,370.55,0.0,18.76,389.31,Bank Transfer,Processing,2.0,Yes
8084166,625787,2024-07-01,Home,IKEA,3,540.67,15.0,11.39,1390.1,PayPal,Processing,,
3837060,915525,2023-07-11,Clothing,Nike,4,277.89,15.0,12.51,957.34,Bank Transfer,Cancelled,4.0,N
5327225,933600,2023-05-17,Office,HP,2,254.09,5.0,18.66,501.43,Apple Pay,Processing,,
3638532,444031,2021-06-11,Toys,Lego,4,524.8,10.0,21.6,1910.88,Google Pay,Returned,5.0,
3560403,180852,2021-12-21,Electronics,Apple,1,447.49,,12.11,459.6,Card,Cancelled,2.0,Y
4559110,634008,2026-05-10,Clothing,Adidas,3,522.91,20.0,7.18,1262.16,Card,Delivered,1.0,Y
4792634,797562,2024-05-15,Home,Philips,5,592.75,0.0,3.67,2967.42,Card,Shipped,2.0,Yes
1370377,281657,2023-09-02,Sports,Wilson,2,608.99,5.0,5.69,1162.77,Bank Transfer,Processing,4.0,Y
7470786,288289,2022-12-16,Clothing,Adidas,1,331.93,15.0,13.74,,PayPal,Cancelled,2.0,Yes
2572569,913914,2023-02-20,Electronics,Sony,5,113.86,5.0,14.14,554.97,Card,Processing,1.0,Yes
8803515,256828,2024-05-08,Books,Penguin,3,870.85,15.0,4.58,2225.25,Card,Processing,3.0,
5776178,248413,2024-03-19,Home,Philips,3,418.47,,16.14,1271.55,Bank Transfer,Shipped,2.0,Y
7594992,961457,2021-09-11,Clothing,Zara,2,432.45,15.0,15.84,751.0,Card,Delivered,1.0,
7384539,435317,2023-10-29,Home,Philips,3,626.85,5.0,19.97,1806.49,Apple Pay,Processing,4.0,Yes
8102469,420468,2021-12-08,Sports,Wilson,3,696.69,10.0,12.01,1893.07,Card,Delivered,5.0,
4202418,212069,2022-03-26,Beauty,L'Oreal,5,427.69,5.0,10.15,2041.68,Card,Processing,,Y
6456777,843780,2026-06-21,Toys,Lego,4,385.38,,3.06,1544.58,Google Pay,Shipped,1.0,
8600936,639343,2022-07-07,Clothing,Nike,3,570.33,,16.99,1727.98,Bank Transfer,Processing,5.0,Y
4109394,975235,2026-02-18,Electronics,Apple,1,750.24,0.0,5.84,756.08,PayPal,Delivered,5.0,N
4340787,731130,2025-10-30,Electronics,Sony,4,31.85,20.0,22.12,124.04,Bank Transfer,Cancelled,4.0,N
1261545,407746,2025-12-22,Sports,Wilson,1,899.7,,8.71,908.41,Google Pay,Returned,4.0,N
7649639,232434,2024-11-08,Clothing,Nike,5,169.3,0.0,20.77,867.27,Card,Processing,1.0,N
6473102,316783,2025-05-04,Grocery,Nestle,3,789.86,0.0,14.54,2384.12,Apple Pay,Returned,,Y
5175131,248562,2024-08-03,Sports,Wilson,1,965.15,20.0,5.0,777.12,Card,Returned,5.0,N
9756576,671990,2025-08-22,Beauty,L'Oreal,4,752.13,5.0,18.34,2876.43,Apple Pay,Delivered,4.0,N
3769288,857730,2025-08-29,Clothing,Zara,4,827.18,15.0,9.03,2821.44,Card,Cancelled,1.0,Yes
9604235,133302,2023-12-15,Sports,Wilson,3,864.07,0.0,19.17,2611.38,Card,Shipped,,Y
2003006,917620,2021-05-31,Sports,Wilson,3,100.83,5.0,22.24,309.61,PayPal,Cancelled,3.0,Y
8753879,431422,2023-01-06,Beauty,Nivea,4,875.17,15.0,21.13,2996.71,Bank Transfer,Returned,,
2202468,960912,2024-08-25,Home,IKEA,5,785.86,0.0,13.25,3942.55,Apple Pay,Processing,2.0,
3798469,753816,2021-09-03,Electronics,Samsung,1,571.14,,17.04,588.18,Apple Pay,Cancelled,4.0,
2429202,942904,2025-08-15,Grocery,Nestle,3,857.82,15.0,3.73,2191.17,Apple Pay,Shipped,3.0,No
5818455,804851,2026-03-30,Electronics,Samsung,4,168.66,15.0,17.62,591.06,Card,Processing,3.0,No
3825811,679811,2025-07-03,Electronics,Sony,4,322.14,20.0,12.19,1043.04,PayPal,Shipped,1.0,Yes
6295601,981557,2026-05-29,Clothing,Zara,3,690.87,20.0,19.56,1677.65,Card,Returned,4.0,Yes
9045661,882431,2024-05-03,Beauty,Nivea,1,204.01,0.0,20.33,224.34,PayPal,Processing,2.0,No
6408665,823092,2024-04-10,Office,HP,2,749.99,0.0,17.41,1517.39,Bank Transfer,Returned,1.0,No
3714756,315413,2025-11-17,Clothing,Adidas,3,435.04,15.0,17.81,1127.16,Google Pay,Cancelled,4.0,No
6406786,286808,2021-05-02,Home,Philips,1,604.93,20.0,15.81,499.75,PayPal,Processing,4.0,No
9277372,413447,2023-05-21,Electronics,Sony,4,874.4,10.0,16.86,3164.7,PayPal,Delivered,1.0,
6251441,553653,2021-04-25,Toys,Lego,2,863.9,15.0,7.32,1475.95,Bank Transfer,Processing,1.0,
1872733,663601,2021-07-14,Beauty,Nivea,2,28.04,15.0,20.74,68.41,Apple Pay,Cancelled,,Y
4531557,265566,2023-05-08,Electronics,Samsung,5,182.49,,4.29,916.74,PayPal,Delivered,1.0,Yes
3308784,150917,2026-05-04,Books,Penguin,1,283.01,5.0,7.69,276.55,PayPal,Processing,4.0,Y
9373916,849547,2022-06-05,Electronics,Sony,4,633.66,,7.51,2542.15,PayPal,Shipped,,Y
3904948,800216,2023-07-13,Home,Philips,4,12.21,5.0,24.16,70.56,Card,Returned,1.0,
4385953,359309,2023-06-09,Beauty,L'Oreal,2,349.0,10.0,23.27,651.47,Google Pay,Processing,,N
7016276,364856,2025-02-04,Electronics,Samsung,1,669.14,20.0,3.52,538.83,Bank Transfer,Cancelled,5.0,N
6040222,915557,2025-04-25,Electronics,Apple,3,333.78,,13.51,1014.85,Apple Pay,Delivered,3.0,No
1383383,167543,2021-07-19,Clothing,Adidas,3,186.24,,13.97,572.69,Card,Returned,,N
3032935,815208,2023-08-03,Office,HP,5,905.86,15.0,19.39,3869.3,Card,Processing,5.0,Yes
9757549,568393,2025-07-30,Books,Penguin,5,677.5,,15.42,3402.92,Bank Transfer,Processing,,N
7540056,947514,2022-03-17,Home,IKEA,4,220.69,,14.65,897.41,Card,Delivered,2.0,Y
8078717,551067,2022-11-23,Clothing,Adidas,3,214.09,15.0,5.94,551.87,Bank Transfer,Shipped,5.0,N
7006424,675951,2024-06-21,Grocery,Nestle,3,819.26,10.0,12.32,2224.32,Card,Cancelled,5.0,N
4473147,362374,2023-05-18,Toys,Lego,4,491.16,0.0,21.86,1986.5,Bank Transfer,Returned,4.0,Yes
5668011,667675,2023-08-29,Grocery,Nestle,5,718.61,10.0,22.66,3256.41,Google Pay,Processing,2.0,N
1071752,560743,2025-02-11,Clothing,Adidas,1,847.21,0.0,23.33,870.54,Bank Transfer,Delivered,1.0,No
6899803,992645,2021-11-26,Beauty,L'Oreal,4,9.42,20.0,12.52,42.66,Apple Pay,Returned,,
1981059,664196,2026-06-11,Clothing,Adidas,5,482.37,,1.32,2413.17,Card,Shipped,1.0,Y
5552952,575329,2023-10-23,Electronics,Samsung,4,214.72,,3.41,862.29,Card,Processing,,Y
4111045,111394,2024-05-25,Electronics,Sony,5,138.9,10.0,5.57,630.62,Apple Pay,Delivered,2.0,
4570484,514932,2024-02-01,Home,IKEA,2,627.1,20.0,7.54,1010.9,Google Pay,Shipped,2.0,No
5620971,976914,2021-02-10,Pet,Purina,4,201.35,5.0,12.76,777.89,Apple Pay,Processing,3.0,N
6864447,455120,2022-11-09,Home,IKEA,3,256.1,0.0,19.41,787.71,PayPal,Processing,5.0,
1510320,279849,2023-02-06,Pet,Purina,5,708.95,15.0,17.74,3030.78,Bank Transfer,Delivered,1.0,Yes
6394782,370500,2024-10-14,Clothing,Adidas,4,112.52,20.0,13.7,373.76,PayPal,Cancelled,2.0,
6994613,609380,2025-03-03,Toys,Lego,4,658.61,5.0,3.06,2505.78,Bank Transfer,Cancelled,3.0,No
3277911,125594,2022-03-10,Sports,Puma,2,718.73,0.0,8.2,1445.66,Card,Delivered,,Y
1399365,931591,2022-06-24,Clothing,Nike,4,468.63,20.0,5.43,1505.05,PayPal,Processing,3.0,Yes
3153450,777840,2021-12-17,Beauty,Nivea,1,564.54,0.0,15.18,579.72,PayPal,Returned,2.0,N
2960484,536924,2023-11-21,Clothing,Zara,2,228.59,,8.8,465.98,Apple Pay,Shipped,3.0,No
8988431,698321,2026-01-03,Electronics,Apple,5,775.61,20.0,14.11,3116.55,Card,Delivered,2.0,Y
5076265,119829,2024-08-09,Electronics,Apple,2,470.49,20.0,9.14,761.92,Apple Pay,Processing,5.0,Yes
9951395,165348,2023-04-29,Electronics,Samsung,4,432.62,0.0,23.3,1753.78,Card,Delivered,3.0,
7870839,825303,2021-05-30,Clothing,Nike,2,675.02,15.0,1.92,1149.45,PayPal,Processing,3.0,No
2195068,472185,2022-06-03,Clothing,Adidas,2,449.68,,7.3,906.66,PayPal,Processing,,Yes
1222418,708248,2023-09-29,Toys,Lego,4,200.39,,8.3,809.86,Bank Transfer,Returned,3.0,Yes
3655626,245001,2026-05-06,Electronics,Sony,5,5.56,,13.97,41.77,Card,Returned,2.0,Y
4964252,722378,2021-01-26,Grocery,Nestle,1,905.99,10.0,23.91,839.3,Google Pay,Shipped,5.0,
5998255,231207,2024-04-04,Office,HP,2,824.13,5.0,19.39,1585.24,Card,Cancelled,5.0,Y
7949344,245223,2024-12-24,Sports,Puma,3,885.11,5.0,0.18,2522.74,PayPal,Processing,3.0,Yes
4709150,371699,2026-02-20,Home,IKEA,1,965.31,15.0,21.74,842.25,Apple Pay,Processing,1.0,N
8454216,969200,2021-10-02,Office,HP,5,674.19,10.0,10.19,3044.05,Google Pay,Processing,5.0,Y
7127466,390365,2021-07-27,Clothing,Adidas,2,915.35,10.0,12.36,1659.99,Google Pay,Processing,4.0,No
4791702,517120,2024-05-12,Beauty,L'Oreal,3,743.65,15.0,18.48,1914.79,Bank Transfer,Cancelled,4.0,No
6615749,691472,2021-10-14,Books,Penguin,5,547.4,20.0,1.06,2190.66,Card,Shipped,5.0,
9323090,520565,2025-03-21,Electronics,Apple,1,534.8,,8.12,542.92,Card,Delivered,4.0,Y
1216553,280537,2022-02-24,Toys,Lego,1,288.59,20.0,14.98,245.85,Card,Shipped,5.0,Yes
8793366,742195,2026-01-02,Sports,Puma,4,275.81,5.0,2.21,1050.29,Card,Processing,1.0,
8414568,193582,2021-08-01,Electronics,Apple,5,544.49,0.0,17.29,2739.74,Bank Transfer,Delivered,2.0,No
4569828,344873,2024-01-23,Electronics,Apple,5,568.18,20.0,18.76,2291.48,Bank Transfer,Returned,5.0,N
3459807,609604,2023-12-02,Electronics,Sony,5,254.8,15.0,6.79,1089.69,Apple Pay,Returned,5.0,Yes
8498261,107840,2023-06-12,Beauty,L'Oreal,4,926.61,10.0,7.2,3343.0,Apple Pay,Delivered,3.0,No
3183433,286204,2021-04-22,Electronics,Sony,2,281.3,20.0,7.03,457.11,Google Pay,Delivered,3.0,Y
7553038,654383,2022-04-05,Electronics,Sony,4,579.64,5.0,21.7,2224.33,Card,Cancelled,1.0,Y
6624309,432651,2021-01-14,Clothing,Zara,1,263.24,10.0,16.52,253.44,Bank Transfer,Processing,2.0,No
5241346,625231,2022-11-03,Home,IKEA,2,158.33,5.0,5.27,306.1,Card,Returned,3.0,
4790272,780357,2023-02-13,Clothing,Adidas,5,230.12,20.0,9.82,930.3,Bank Transfer,Cancelled,5.0,Y
5563201,559608,2025-04-24,Sports,Puma,2,188.27,10.0,19.82,358.71,PayPal,Delivered,,Yes
8371449,819861,2024-02-28,Home,Philips,3,505.55,5.0,22.43,1463.25,Bank Transfer,Delivered,,
7549252,770156,2022-07-29,Electronics,Sony,4,481.27,,16.72,1941.8,Google Pay,Cancelled,5.0,
2030616,866951,2023-12-22,Sports,Puma,2,708.45,,6.64,1423.54,Apple Pay,Shipped,,Y
5392228,336695,2026-01-16,Home,IKEA,4,225.33,20.0,21.19,742.25,Apple Pay,Cancelled,5.0,Yes
1799859,349953,2022-04-10,Electronics,Sony,2,386.48,5.0,8.4,742.71,Bank Transfer,Processing,1.0,
7048016,428188,2021-02-07,Clothing,Adidas,5,988.39,20.0,14.83,3968.39,Card,Shipped,,Yes
7333192,619120,2024-08-11,Electronics,Sony,1,857.42,0.0,3.09,860.51,Bank Transfer,Cancelled,5.0,N
7402505,820318,2022-10-22,Home,Philips,5,647.33,15.0,22.44,2773.59,Bank Transfer,Returned,,Y
6721313,602086,2025-03-27,Pet,Purina,2,596.14,0.0,19.53,1211.81,Apple Pay,Processing,,Y
3047398,335994,2026-05-19,Electronics,Apple,2,400.06,5.0,8.92,769.03,PayPal,Delivered,3.0,No
5868410,847473,2025-03-11,Beauty,L'Oreal,2,980.21,15.0,5.37,1671.73,Card,Processing,4.0,Y
5487518,532271,2021-12-01,Beauty,L'Oreal,5,708.62,0.0,8.23,3551.33,Bank Transfer,Cancelled,2.0,No
9317883,453319,2024-08-17,Electronics,Samsung,5,775.62,5.0,10.71,3694.9,Bank Transfer,Delivered,,Y
4796501,687629,2022-09-27,Electronics,Samsung,3,490.57,5.0,9.43,1407.55,Card,Cancelled,,
8617389,740980,2024-08-02,Sports,Puma,3,25.83,15.0,5.96,71.83,Card,Delivered,3.0,Yes
8947478,863594,2025-11-13,Office,HP,2,232.95,0.0,0.8,466.7,Bank Transfer,Processing,2.0,N
6915406,785147,2022-04-04,Pet,Purina,3,888.03,0.0,5.13,2669.22,Apple Pay,Returned,5.0,No
7577774,388594,2023-07-05,Electronics,Sony,4,345.41,,22.11,1403.75,Card,Shipped,1.0,
5189074,777815,2026-01-01,Office,HP,3,711.77,,14.69,2150.0,PayPal,Shipped,3.0,
2321801,330130,2022-03-28,Clothing,Zara,4,290.04,5.0,6.88,1109.03,Google Pay,Returned,5.0,Yes
1463814,150538,2025-06-21,Home,Philips,5,32.29,5.0,8.98,162.36,Bank Transfer,Processing,5.0,Y
1265598,175027,2025-07-02,Home,IKEA,1,165.57,,1.3,166.87,Apple Pay,Returned,5.0,
4548143,900267,2023-06-13,Electronics,Apple,1,723.73,,5.88,729.61,PayPal,Delivered,1.0,Y
3989533,636547,2021-11-30,Home,Philips,1,263.42,10.0,14.61,251.69,PayPal,Processing,1.0,
8796236,776633,2021-01-06,Electronics,Apple,5,77.49,10.0,21.37,370.07,Card,Cancelled,1.0,N
3448967,486599,2024-03-16,Beauty,Nivea,4,555.37,15.0,5.28,1893.54,Card,Processing,1.0,No
9313792,267214,2022-02-23,Home,Philips,1,282.99,10.0,16.58,271.27,Google Pay,Shipped,3.0,N
8110249,636484,2023-09-02,Clothing,Zara,2,682.13,20.0,5.08,1096.49,Card,Processing,4.0,Y
5825985,903238,2024-12-13,Clothing,Nike,1,463.88,20.0,20.26,391.36,Card,Delivered,5.0,Yes
3647510,930975,2024-07-18,Beauty,L'Oreal,2,482.94,15.0,22.59,843.59,Card,Returned,1.0,N
7341024,313746,2026-02-19,Home,Philips,5,975.77,20.0,2.74,3905.82,Apple Pay,Returned,1.0,No
5308360,426948,2023-12-29,Home,Philips,4,739.59,5.0,18.96,2829.4,Card,Processing,1.0,N
1144309,413228,2021-01-15,Home,IKEA,4,66.73,15.0,13.82,240.7,Apple Pay,Processing,5.0,
2630327,826198,2024-10-25,Electronics,Sony,2,683.69,10.0,22.21,1252.85,Bank Transfer,Cancelled,,Y
8268370,414117,2024-05-30,Electronics,Samsung,3,412.57,5.0,3.36,1179.18,Card,Cancelled,3.0,Y
8319157,990231,2023-08-07,Electronics,Samsung,4,569.37,15.0,20.26,1956.12,Apple Pay,Delivered,3.0,
8967952,679147,2021-09-15,Clothing,Nike,5,878.48,20.0,19.88,3533.8,Bank Transfer,Shipped,,N
7695135,489665,2023-01-21,Books,Penguin,3,937.38,15.0,13.13,2403.45,Card,Shipped,1.0,No
7674647,273202,2025-08-31,Books,Penguin,3,496.32,5.0,12.65,1427.16,Bank Transfer,Delivered,2.0,N
3082931,835348,2021-08-28,Grocery,Nestle,1,478.39,,16.08,494.47,Google Pay,Shipped,1.0,Yes
5371950,835341,2021-08-31,Home,Philips,2,526.08,15.0,4.87,899.21,Bank Transfer,Returned,5.0,
8601353,872190,2025-04-03,Electronics,Apple,5,150.59,15.0,0.78,640.79,Google Pay,Processing,4.0,Y
1120221,587355,2023-11-18,Clothing,Zara,5,652.65,,9.57,3272.82,Google Pay,Delivered,4.0,N
6552178,723460,2024-06-27,Home,Philips,5,206.98,15.0,11.83,891.49,PayPal,Delivered,4.0,Yes
5239443,189100,2021-07-22,Clothing,Nike,4,921.42,5.0,14.99,3516.39,Apple Pay,Delivered,1.0,N
7481776,997871,2023-02-15,Beauty,Nivea,2,633.98,15.0,14.81,1092.58,PayPal,Processing,5.0,No
4564446,229230,2022-12-24,Books,Penguin,5,831.19,15.0,10.15,3542.71,Bank Transfer,Cancelled,2.0,Y
5432866,735547,2023-09-25,Sports,Puma,1,490.87,10.0,15.8,457.58,Apple Pay,Delivered,3.0,
7659007,638916,2021-11-07,Clothing,Adidas,1,358.19,20.0,6.41,292.96,PayPal,Delivered,5.0,Yes
7711881,698980,2025-08-03,Sports,Wilson,1,448.3,5.0,14.43,440.31,Card,Returned,5.0,N
8404086,495520,2024-01-17,Beauty,L'Oreal,2,705.32,15.0,9.51,1208.55,Google Pay,Cancelled,2.0,N
1248244,284838,2023-07-12,Pet,Purina,4,887.44,5.0,24.38,3396.65,Apple Pay,Cancelled,2.0,No
5409464,263346,2024-08-21,Books,Penguin,3,428.36,,22.84,1307.92,Bank Transfer,Processing,1.0,No
9941173,362768,2025-06-23,Home,IKEA,1,69.64,,22.77,92.41,Card,Delivered,2.0,Y
1538428,547482,2022-09-18,Sports,Puma,4,353.41,5.0,20.64,1363.6,Google Pay,Returned,,
6108605,328189,2023-10-31,Beauty,L'Oreal,2,63.96,10.0,21.29,136.42,Card,Shipped,4.0,Y
2657419,697182,2025-11-23,Books,Penguin,1,670.66,5.0,4.1,641.23,Card,Shipped,2.0,
1778563,854552,2023-05-03,Clothing,Nike,1,49.61,20.0,18.67,58.36,Card,Cancelled,2.0,N
8981252,894558,2021-09-11,Home,IKEA,2,416.26,20.0,22.32,688.34,PayPal,Cancelled,5.0,
2319791,920268,2026-03-06,Office,HP,1,447.67,0.0,14.13,461.8,Bank Transfer,Processing,,N
4120192,154665,2026-04-27,Electronics,Samsung,3,512.24,,0.33,1537.05,Google Pay,Returned,4.0,Y
9523363,619072,2024-03-11,Electronics,Sony,1,191.71,5.0,17.44,199.56,Google Pay,Processing,3.0,N
4360463,814747,2021-02-27,Home,IKEA,1,996.65,,4.51,1001.16,PayPal,Processing,1.0,
6394745,512727,2022-12-04,Clothing,Adidas,4,825.1,10.0,24.57,2994.93,Google Pay,Delivered,1.0,No
7042329,851989,2024-10-21,Clothing,Nike,3,443.07,,11.36,1340.57,PayPal,Delivered,5.0,
5951447,767914,2023-10-31,Electronics,Samsung,4,85.19,5.0,5.98,329.7,Card,Delivered,,N
4989085,464885,2023-10-06,Electronics,Samsung,4,824.61,0.0,21.81,3320.25,Card,Delivered,3.0,
5406631,502628,2023-11-14,Home,Philips,3,52.33,0.0,17.72,174.71,Card,Shipped,3.0,N
9622680,640075,2024-07-11,Electronics,Samsung,5,593.16,5.0,23.14,2840.65,Google Pay,Returned,3.0,No
3774844,986534,2024-05-31,Toys,Lego,2,491.86,20.0,15.44,802.42,Card,Shipped,3.0,Yes
7625386,272803,2021-05-20,Sports,Puma,1,106.55,5.0,2.94,104.16,Card,Returned,1.0,Yes
5780236,670659,2021-12-11,Home,Philips,2,368.77,5.0,10.19,710.85,Apple Pay,Returned,,No
3014051,865351,2023-02-02,Beauty,L'Oreal,3,58.54,0.0,15.83,191.45,Card,Cancelled,5.0,
9385800,142686,2025-02-05,Electronics,Samsung,3,156.62,20.0,11.8,387.69,Google Pay,Returned,5.0,Y
3637677,649636,2023-05-19,Books,Penguin,2,943.32,10.0,17.67,1715.65,Bank Transfer,Delivered,2.0,
6094231,194793,2024-09-15,Toys,Lego,3,730.16,20.0,21.49,1773.87,Bank Transfer,Cancelled,5.0,
2355551,947190,2024-01-01,Sports,Wilson,1,952.7,15.0,9.69,819.49,Google Pay,Shipped,,
4492427,367579,2024-11-23,Books,Penguin,1,7.81,15.0,19.99,26.63,Card,Delivered,5.0,Yes
5461738,758976,2026-04-11,Sports,Puma,4,444.75,15.0,1.61,1513.76,Google Pay,Delivered,,
5470478,205954,2021-01-04,Home,IKEA,1,160.69,15.0,1.64,138.23,Apple Pay,Cancelled,3.0,No
6533877,380521,2025-05-21,Electronics,Apple,2,308.59,10.0,7.65,563.11,Card,Delivered,,Yes
3496536,872703,2023-02-10,Clothing,Adidas,3,50.77,20.0,0.88,122.73,Apple Pay,Processing,4.0,No
8123863,187786,2021-11-14,Electronics,Sony,1,852.67,5.0,6.51,816.55,Google Pay,Delivered,1.0,Yes
7978238,245884,2025-07-30,Clothing,Adidas,1,987.74,0.0,10.0,997.74,Card,Processing,4.0,No
9398750,913440,2023-07-15,Toys,Lego,4,935.81,0.0,14.83,3758.07,Card,Returned,5.0,Y
1881668,746869,2025-04-04,Clothing,Adidas,3,601.44,20.0,12.92,1456.38,Card,Cancelled,1.0,
8844046,982828,2022-09-29,Sports,Puma,3,145.88,10.0,14.72,408.6,PayPal,Delivered,5.0,
2987870,791763,2023-06-07,Sports,Wilson,4,624.13,0.0,2.6,2499.12,Card,Returned,,No
1600824,819982,2025-06-24,Electronics,Sony,3,337.89,,24.59,1038.26,Card,Returned,4.0,N
8496615,834430,2024-02-08,Clothing,Adidas,2,372.83,0.0,6.44,752.1,Google Pay,Delivered,1.0,Yes
1530705,185991,2022-12-27,Electronics,Sony,5,445.25,0.0,1.17,2227.42,Bank Transfer,Returned,2.0,
5188149,566677,2021-10-07,Sports,Wilson,2,746.5,,9.24,1502.24,PayPal,Cancelled,,N
9488653,992307,2024-02-02,Beauty,L'Oreal,4,800.78,0.0,11.29,3214.41,Card,Processing,3.0,Y
5688032,352696,2024-03-25,Home,Philips,3,941.13,20.0,10.56,2269.27,Apple Pay,Shipped,4.0,
3208293,992339,2025-12-27,Grocery,Nestle,5,173.1,,0.26,865.76,Google Pay,Returned,3.0,Y
2575428,500926,2024-04-04,Clothing,Adidas,2,701.76,15.0,16.47,1209.46,PayPal,Shipped,1.0,
1619061,941704,2021-02-04,Electronics,Apple,1,358.51,0.0,10.23,368.74,Google Pay,Returned,2.0,N
2917025,553951,2023-02-14,Home,IKEA,5,762.75,15.0,16.87,3258.56,Card,Processing,1.0,Yes
9084242,516536,2023-05-12,Electronics,Apple,5,711.42,5.0,20.68,3399.92,Bank Transfer,Shipped,1.0,N
9596664,272757,2023-01-18,Books,Penguin,2,909.96,10.0,13.24,1651.17,Card,Shipped,5.0,Y
3963137,441277,2025-02-17,Toys,Lego,5,525.1,5.0,10.58,2504.8,Bank Transfer,Cancelled,1.0,Y
5128426,559411,2021-12-14,Home,IKEA,2,867.4,15.0,6.1,1480.68,Bank Transfer,Cancelled,2.0,N
6151509,232466,2026-06-24,Clothing,Adidas,1,181.34,20.0,23.19,168.26,Apple Pay,Processing,3.0,No
4853070,752636,2021-11-03,Sports,Wilson,2,427.14,20.0,16.46,699.88,Card,Shipped,1.0,
6932617,611669,2022-11-19,Sports,Wilson,1,62.38,,14.06,76.44,Bank Transfer,Shipped,3.0,
6598777,322313,2026-01-11,Electronics,Sony,1,803.38,15.0,9.73,692.6,Apple Pay,Delivered,4.0,Yes
6647593,224976,2025-08-27,Electronics,Apple,1,294.9,10.0,23.16,288.57,Apple Pay,Delivered,5.0,N
3152674,552209,2021-09-30,Sports,Puma,3,506.9,10.0,16.56,1385.19,Card,Delivered,,
1163272,729857,2022-12-04,Books,Penguin,2,500.78,20.0,16.65,817.9,Google Pay,Cancelled,5.0,Y
7631438,659996,2023-01-07,Electronics,Apple,3,817.98,20.0,5.75,1968.9,Google Pay,Cancelled,4.0,
8896975,528053,2021-08-13,Home,Philips,5,594.09,,10.45,2980.9,Card,Cancelled,1.0,
9678523,223826,2023-03-10,Sports,Wilson,3,149.5,15.0,8.99,390.21,Card,Processing,4.0,N
3409044,792594,2023-06-19,Electronics,Samsung,2,37.86,20.0,10.29,70.87,Bank Transfer,Processing,3.0,Yes
7430660,409828,2025-08-24,Beauty,L'Oreal,1,223.87,,24.07,247.94,Card,Delivered,3.0,Y
4211376,391160,2024-11-04,Home,Philips,5,434.21,0.0,18.38,2189.43,Card,Cancelled,1.0,Yes
3020075,360273,2025-04-14,Home,Philips,4,767.12,10.0,24.17,2785.8,Apple Pay,Processing,2.0,Y
9472072,497252,2024-01-11,Home,Philips,4,472.79,15.0,9.21,1616.7,Card,Shipped,2.0,No
9354464,885988,2021-04-18,Home,IKEA,5,366.69,,4.71,1838.16,Bank Transfer,Processing,1.0,
8425168,686546,2024-06-23,Pet,Purina,3,767.46,5.0,23.18,2210.44,Google Pay,Returned,3.0,Yes
4934648,104203,2023-01-17,Home,IKEA,1,325.86,,3.56,329.42,PayPal,Returned,4.0,Yes
1012938,299060,2024-10-17,Toys,Lego,4,98.43,20.0,14.9,329.88,Google Pay,Cancelled,1.0,N
8057607,654028,2025-01-27,Clothing,Adidas,5,786.87,20.0,12.45,3159.93,Bank Transfer,Shipped,2.0,
6855737,560086,2026-02-07,Beauty,Nivea,5,403.77,10.0,6.32,1823.28,Card,Cancelled,5.0,Y
3466342,707212,2023-05-20,Beauty,Nivea,3,69.62,0.0,3.3,212.16,Apple Pay,Shipped,2.0,Y
4956166,122056,2023-07-12,Beauty,L'Oreal,2,397.01,0.0,5.39,799.41,Card,Shipped,2.0,Yes
1549507,132304,2026-01-03,Grocery,Nestle,1,375.97,5.0,7.08,364.25,Card,Processing,1.0,
5484115,758009,2023-08-24,Electronics,Apple,3,757.45,20.0,9.41,1827.29,Google Pay,Returned,,No
3784250,735046,2023-10-13,Electronics,Sony,5,988.02,0.0,6.08,4946.18,Card,Delivered,3.0,Y
1047764,354006,2026-05-01,Electronics,Sony,4,225.96,0.0,11.95,915.79,PayPal,Processing,2.0,N
3227012,975909,2024-05-27,Grocery,Nestle,5,503.58,15.0,5.61,2145.83,Bank Transfer,Processing,1.0,
7586824,373045,2024-10-23,Clothing,Nike,4,220.66,5.0,7.19,845.7,Apple Pay,Shipped,,Yes
1919311,316641,2021-09-23,Pet,Purina,2,420.66,10.0,23.66,780.85,PayPal,Processing,5.0,
2852732,281248,2023-11-21,Clothing,Nike,2,827.3,0.0,0.63,1655.23,Card,Shipped,2.0,No
6039834,398615,2021-01-01,Home,IKEA,1,859.33,0.0,10.88,870.21,PayPal,Processing,3.0,
7524762,255619,2023-12-03,Pet,Purina,3,908.03,0.0,11.87,2735.96,Bank Transfer,Cancelled,4.0,
8684347,668684,2024-10-15,Electronics,Samsung,1,475.32,15.0,24.24,428.26,Card,Shipped,1.0,No
4801512,310184,2022-06-25,Books,Penguin,1,76.77,0.0,2.96,79.73,Google Pay,Processing,,No
6115930,386497,2022-05-28,Home,Philips,3,820.81,,0.49,2462.92,Bank Transfer,Shipped,,Y
6629283,426249,2025-11-09,Toys,Lego,3,942.69,20.0,19.91,2282.37,Apple Pay,Delivered,5.0,Y
7243357,714190,2025-05-08,Home,Philips,3,506.13,5.0,21.02,1463.49,Google Pay,Cancelled,5.0,Y
8176922,894212,2025-01-03,Clothing,Zara,1,126.94,10.0,6.64,120.89,Apple Pay,Returned,3.0,No
9277762,363069,2023-09-20,Home,IKEA,5,532.5,20.0,2.13,2132.13,Apple Pay,Shipped,4.0,Yes
4688938,972787,2022-12-26,Office,HP,2,86.96,5.0,9.11,174.33,Apple Pay,Delivered,4.0,Y
4816096,816730,2026-04-26,Clothing,Nike,4,898.76,0.0,22.02,3617.06,PayPal,Returned,3.0,Y
8055423,568080,2022-07-09,Books,Penguin,3,929.74,0.0,0.35,2789.57,Card,Cancelled,5.0,N
4828665,929518,2023-06-23,Home,Philips,2,640.93,,24.11,1305.97,Bank Transfer,Returned,5.0,Y
2201227,947935,2023-11-26,Home,IKEA,1,534.84,20.0,19.29,447.16,Card,Cancelled,3.0,No
8251755,996626,2025-08-16,Beauty,L'Oreal,5,406.49,20.0,17.11,1643.07,Bank Transfer,Cancelled,2.0,No
1608148,276139,2021-05-22,Toys,Lego,4,908.32,5.0,12.33,3463.95,Card,Cancelled,3.0,Yes
3083539,671869,2023-05-28,Grocery,Nestle,5,240.08,0.0,15.48,1215.88,Card,Delivered,1.0,Yes
4243141,474294,2022-09-16,Clothing,Adidas,3,26.88,,0.36,81.0,Apple Pay,Shipped,5.0,No
4681708,614650,2023-08-16,Books,Penguin,1,323.63,,19.03,342.66,PayPal,Processing,,
1921433,540366,2021-07-27,Electronics,Samsung,4,132.45,15.0,5.77,456.1,Google Pay,Cancelled,2.0,Yes
8126861,997264,2021-02-18,Electronics,Samsung,1,412.49,0.0,0.99,413.48,PayPal,Returned,2.0,Yes
5779928,227716,2026-02-15,Sports,Wilson,3,969.0,15.0,2.63,2473.58,Apple Pay,Delivered,5.0,Yes
6526715,906425,2024-08-24,Grocery,Nestle,2,594.12,20.0,21.73,972.32,Google Pay,Delivered,1.0,N
4898028,319094,2022-12-26,Electronics,Sony,1,7.69,,23.99,31.68,Card,Returned,3.0,Yes
4369642,698259,2023-04-30,Home,IKEA,1,391.09,,8.63,399.72,PayPal,Delivered,5.0,Yes
4475856,501873,2023-04-23,Electronics,Samsung,2,9.07,0.0,0.02,18.16,Card,Cancelled,,
4760508,314771,2021-01-12,Sports,Puma,2,954.78,10.0,4.02,,Apple Pay,Processing,4.0,No
7980786,397845,2023-10-10,Electronics,Samsung,2,944.76,10.0,16.54,1717.11,Google Pay,Returned,3.0,No
3269821,949935,2022-12-17,Electronics,Sony,2,610.77,0.0,10.3,1231.84,Bank Transfer,Cancelled,5.0,Yes
5193923,213392,2025-11-25,Beauty,Nivea,2,980.53,15.0,11.61,1678.51,Bank Transfer,Cancelled,4.0,No
9746358,946776,2021-05-18,Electronics,Apple,4,622.81,20.0,3.61,1996.6,Apple Pay,Cancelled,,N
4544238,125323,2021-10-03,Office,HP,1,327.41,0.0,7.56,334.97,Apple Pay,Processing,2.0,Yes
1686582,223806,2022-10-02,Books,Penguin,5,749.53,20.0,23.98,3022.1,Card,Shipped,1.0,Y
8195068,696963,2022-04-09,Electronics,Apple,2,804.78,10.0,11.23,1459.83,Google Pay,Processing,,
1649648,883564,2021-07-12,Office,HP,1,831.92,10.0,15.21,763.94,Bank Transfer,Processing,5.0,
3661691,113857,2025-10-30,Electronics,Apple,2,350.1,,11.5,711.7,Apple Pay,Delivered,4.0,No
2894443,671774,2026-01-07,Clothing,Zara,1,399.56,15.0,11.05,350.68,Apple Pay,Delivered,,No
6644586,410811,2022-09-21,Beauty,L'Oreal,1,338.13,,21.51,359.64,Card,Returned,,Y
1315337,806649,2021-04-07,Home,Philips,4,766.44,0.0,15.63,3081.39,Bank Transfer,Delivered,5.0,Yes
1687353,898035,2024-05-16,Clothing,Adidas,1,836.33,15.0,13.32,724.2,Bank Transfer,Processing,4.0,Yes
5172982,859500,2021-12-15,Electronics,Samsung,3,347.7,,22.98,1066.08,Apple Pay,Cancelled,4.0,Yes
9090091,780928,2025-11-20,Beauty,L'Oreal,5,511.61,15.0,16.23,2190.57,Google Pay,Delivered,3.0,No
2720162,243229,2024-08-21,Clothing,Zara,3,151.39,10.0,13.72,422.47,Card,Shipped,5.0,No
1360589,178835,2022-02-22,Home,Philips,3,540.89,20.0,19.54,1317.68,Apple Pay,Shipped,3.0,No
7764204,624677,2023-07-05,Electronics,Apple,2,572.02,5.0,7.97,1094.81,Card,Delivered,,No
9587050,491881,2022-07-01,Beauty,Nivea,2,674.3,0.0,14.57,1363.17,Google Pay,Shipped,3.0,Yes
6368719,700391,2022-07-22,Books,Penguin,3,875.58,20.0,23.65,2125.04,Apple Pay,Shipped,1.0,Yes
4506353,944605,2021-04-27,Sports,Wilson,4,323.28,20.0,19.86,1054.36,Apple Pay,Cancelled,1.0,No
6576418,426370,2021-05-18,Electronics,Sony,5,999.3,5.0,17.5,4764.18,Card,Delivered,3.0,
5507495,558405,2022-02-16,Clothing,Zara,5,263.66,10.0,13.78,1200.25,Bank Transfer,Returned,3.0,N
8488820,627467,2024-06-07,Pet,Purina,3,146.02,20.0,8.94,359.39,Google Pay,Cancelled,3.0,No
8753207,810161,2025-08-13,Home,IKEA,1,429.48,,0.28,429.76,Bank Transfer,Delivered,3.0,No
5202827,474151,2022-09-17,Clothing,Nike,4,69.92,15.0,2.31,240.04,Card,Processing,3.0,Yes
4244565,895460,2023-06-12,Grocery,Nestle,2,875.29,20.0,17.58,1418.04,Google Pay,Returned,2.0,Yes
8176757,654061,2024-09-10,Electronics,Apple,3,280.08,15.0,18.15,732.35,Card,Cancelled,1.0,Y
3607342,439411,2022-03-03,Sports,Puma,5,930.09,20.0,23.72,3744.08,Apple Pay,Processing,,Yes
8278215,100885,2024-07-28,Clothing,Zara,5,704.33,,15.7,3537.35,PayPal,Processing,4.0,Y
9316988,229919,2022-08-17,Toys,Lego,4,868.73,0.0,2.25,3477.17,Card,Returned,,Y
3949374,563800,2021-06-12,Home,IKEA,3,298.31,,20.4,915.33,Card,Processing,5.0,
3228306,852843,2026-05-20,Office,HP,1,67.75,5.0,20.54,84.9,Google Pay,Shipped,2.0,Y
8871257,571389,2025-02-25,Electronics,Samsung,4,598.96,,7.82,2403.66,Card,Processing,4.0,N
1655711,467224,2022-08-10,Toys,Lego,1,596.42,15.0,3.75,510.71,Card,Processing,4.0,
7225386,419605,2022-12-22,Grocery,Nestle,5,653.24,0.0,21.78,3287.98,Bank Transfer,Delivered,5.0,Yes
5955932,665492,2026-06-15,Electronics,Apple,2,549.52,20.0,23.4,902.63,Apple Pay,Processing,,Yes
8757363,518804,2021-09-15,Beauty,L'Oreal,3,619.39,15.0,16.6,1596.04,Bank Transfer,Cancelled,5.0,N
7710593,455850,2022-05-28,Sports,Puma,4,821.14,,20.84,3305.4,Card,Returned,4.0,No
4492359,921126,2021-07-20,Electronics,Sony,4,990.7,0.0,22.12,3984.92,PayPal,Processing,1.0,
8690749,866649,2021-02-22,Home,Philips,5,323.04,20.0,15.25,1307.41,Card,Delivered,2.0,Yes
4506811,816610,2025-09-30,Electronics,Sony,5,521.44,10.0,23.79,2370.27,Bank Transfer,Returned,2.0,Y
1557424,699172,2025-12-27,Electronics,Samsung,1,641.27,0.0,8.01,649.28,Apple Pay,Cancelled,2.0,N
8412161,616213,2021-07-07,Books,Penguin,4,643.7,20.0,10.65,2070.49,Apple Pay,Processing,3.0,N
5749566,218589,2025-09-06,Sports,Wilson,3,526.71,0.0,14.36,1594.49,Card,Processing,2.0,
1945007,779129,2024-11-11,Office,HP,1,128.16,20.0,19.54,122.07,Bank Transfer,Shipped,4.0,N
3111204,495898,2022-01-15,Clothing,Nike,1,371.88,15.0,1.26,317.36,Google Pay,Returned,4.0,
6822134,500960,2025-01-03,Pet,Purina,5,232.48,20.0,10.1,940.02,Card,Delivered,3.0,Yes
4225241,313819,2023-12-22,Pet,Purina,5,364.38,0.0,6.13,1828.03,Card,Delivered,2.0,
3773546,683939,2022-07-14,Electronics,Apple,1,867.98,10.0,2.31,783.49,PayPal,Shipped,4.0,N
3661987,104063,2023-04-13,Beauty,L'Oreal,3,732.01,20.0,24.32,1781.14,Google Pay,Delivered,,Yes
3740637,391106,2026-01-07,Electronics,Samsung,3,764.9,15.0,15.0,1965.49,Apple Pay,Processing,5.0,Yes
4292468,766404,2023-09-15,Beauty,Nivea,5,654.47,15.0,6.02,2787.52,Apple Pay,Delivered,5.0,Y
9249993,727220,2022-04-04,Electronics,Sony,3,712.16,0.0,12.31,2148.79,PayPal,Processing,4.0,Y
9265083,857373,2022-03-31,Books,Penguin,3,456.61,15.0,22.84,1187.2,Card,Returned,2.0,Y
9133974,874441,2023-09-20,Electronics,Apple,4,671.24,15.0,24.96,2307.18,Google Pay,Cancelled,3.0,Y
9807835,969711,2024-11-28,Electronics,Sony,5,786.64,15.0,1.94,3345.16,Bank Transfer,Shipped,,Y
8333204,863762,2022-11-01,Clothing,Nike,1,111.57,,22.45,134.02,Card,Shipped,3.0,
6151916,635780,2021-02-09,Books,Penguin,3,613.13,0.0,9.5,1848.89,Card,Shipped,5.0,Y
2547060,308540,2026-03-13,Grocery,Nestle,4,77.84,15.0,7.98,272.64,Bank Transfer,Shipped,1.0,
6827538,584002,2022-09-17,Home,IKEA,4,821.28,20.0,1.61,2629.71,Card,Cancelled,,Yes
9161360,730018,2025-03-06,Beauty,L'Oreal,2,224.83,10.0,9.52,414.21,PayPal,Shipped,3.0,No
3540657,975134,2025-03-19,Books,Penguin,2,576.47,10.0,12.61,1050.26,PayPal,Shipped,5.0,No
5533748,642022,2024-02-10,Home,Philips,4,947.59,0.0,23.89,3814.25,Bank Transfer,Returned,5.0,No
7420545,528831,2026-04-27,Clothing,Nike,1,802.45,,3.3,805.75,Card,Cancelled,,No
9815009,880801,2021-08-25,Electronics,Apple,5,642.41,,23.34,3235.39,Card,Shipped,2.0,Yes
4375959,846721,2025-03-22,Clothing,Adidas,5,541.18,,15.25,2721.15,Apple Pay,Cancelled,4.0,
9035641,420168,2021-04-30,Home,Philips,1,258.1,5.0,5.78,250.98,Bank Transfer,Processing,1.0,No
4016553,837035,2025-04-11,Electronics,Apple,4,146.4,0.0,9.2,594.8,PayPal,Delivered,5.0,Yes
2132588,278585,2023-08-10,Clothing,Adidas,4,202.14,5.0,20.98,789.11,Card,Delivered,3.0,Y
8420602,571217,2023-04-04,Books,Penguin,5,463.95,5.0,2.85,2206.61,Card,Cancelled,2.0,No
3993120,750152,2022-03-07,Grocery,Nestle,4,569.84,15.0,11.53,1948.99,Google Pay,Processing,4.0,N
6422635,801330,2023-04-20,Electronics,Samsung,4,933.6,15.0,18.31,3192.55,Card,Processing,,Yes
1181855,656747,2024-02-04,Electronics,Apple,3,485.89,0.0,11.12,1468.79,Card,Processing,2.0,Y
5065312,306948,2024-11-20,Electronics,Apple,1,411.33,5.0,16.6,407.36,PayPal,Processing,1.0,No
5308885,476881,2022-03-04,Grocery,Nestle,3,940.51,0.0,12.65,2834.18,Bank Transfer,Returned,,N
1229874,651750,2023-02-28,Electronics,Sony,3,499.36,0.0,0.37,1498.45,Apple Pay,Delivered,2.0,Yes
2795978,103690,2023-05-31,Office,HP,2,396.41,15.0,17.02,690.92,Google Pay,Processing,4.0,Yes
5279441,811509,2022-03-17,Sports,Puma,4,107.19,15.0,0.39,364.84,PayPal,Delivered,4.0,Yes
5321884,508066,2024-11-23,Pet,Purina,2,961.59,,16.43,1939.61,Google Pay,Shipped,5.0,Yes
6995199,707488,2023-08-14,Clothing,Zara,1,201.15,10.0,11.23,192.26,Card,Shipped,4.0,No
1608326,546556,2023-02-18,Beauty,L'Oreal,5,740.33,20.0,4.77,2966.09,Bank Transfer,Delivered,,No
6413119,524937,2022-05-15,Clothing,Adidas,2,956.21,20.0,12.95,1542.89,Card,Shipped,4.0,N
7241153,452332,2023-01-06,Beauty,Nivea,3,714.92,5.0,8.87,2046.39,PayPal,Cancelled,,Y
8223149,751820,2023-07-04,Electronics,Samsung,5,887.44,20.0,13.2,3562.96,Card,Cancelled,5.0,Y
7903439,712817,2021-11-24,Electronics,Samsung,4,826.49,,23.49,3329.45,Card,Returned,4.0,No
3760865,869477,2026-01-06,Beauty,Nivea,1,367.77,5.0,21.96,371.34,Google Pay,Shipped,3.0,N
7879992,833482,2021-03-12,Clothing,Nike,3,208.36,5.0,20.82,614.65,PayPal,Returned,1.0,N
3741619,885145,2026-03-04,Office,HP,5,722.38,0.0,11.76,3623.66,Apple Pay,Delivered,2.0,Yes
7778228,171036,2026-02-22,Clothing,Nike,1,853.05,15.0,7.65,732.74,Bank Transfer,Delivered,5.0,Y
4254954,616635,2023-06-09,Home,IKEA,1,7.87,15.0,3.2,9.89,Card,Cancelled,,Yes
8126401,881994,2022-02-13,Books,Penguin,3,627.42,,16.98,1899.24,PayPal,Cancelled,2.0,N
7370965,359660,2023-08-20,Clothing,Nike,5,394.9,,9.24,1983.74,Card,Processing,4.0,No
3920852,771461,2021-11-19,Grocery,Nestle,2,80.74,15.0,3.62,140.88,Bank Transfer,Cancelled,2.0,Yes
9771626,780258,2024-09-09,Electronics,Sony,3,904.1,20.0,15.78,2185.62,Bank Transfer,Processing,2.0,Y
5381160,405016,2025-07-11,Electronics,Sony,2,596.93,10.0,22.94,1097.41,Card,Shipped,,
3977763,760262,2025-11-28,Electronics,Sony,4,605.41,20.0,23.2,1960.51,Apple Pay,Cancelled,3.0,No
7286028,121785,2026-02-18,Electronics,Sony,4,649.57,0.0,15.91,2614.19,Bank Transfer,Cancelled,1.0,
6484675,526769,2024-06-29,Clothing,Nike,5,309.56,15.0,11.77,1327.4,Card,Delivered,,N
8208272,856321,2021-07-16,Office,HP,4,300.11,,15.31,1215.75,Card,Delivered,4.0,
5959571,759829,2025-05-10,Electronics,Samsung,3,848.12,,24.98,2569.34,Card,Shipped,3.0,Yes
9988491,263666,2022-07-01,Home,Philips,2,429.82,0.0,19.22,878.86,Apple Pay,Returned,1.0,N
7672282,764516,2021-12-12,Home,IKEA,4,665.49,5.0,5.11,2533.97,Card,Cancelled,2.0,No
6482402,916691,2021-01-12,Grocery,Nestle,1,766.85,5.0,16.71,745.22,PayPal,Shipped,2.0,Y
5153944,516617,2026-04-04,Home,Philips,1,100.53,,18.82,119.35,Bank Transfer,Delivered,2.0,Y
5635199,920483,2021-01-23,Grocery,Nestle,1,520.12,10.0,9.49,477.6,PayPal,Processing,,
8793476,383386,2023-08-11,Home,IKEA,2,585.32,10.0,5.97,1059.55,Bank Transfer,Cancelled,2.0,Yes
2353392,987376,2022-12-01,Sports,Puma,2,264.82,20.0,23.23,446.94,PayPal,Returned,2.0,No
9388506,286804,2024-08-01,Sports,Wilson,5,321.68,15.0,20.41,1387.55,Apple Pay,Cancelled,,Y
1403072,904781,2023-12-29,Beauty,Nivea,2,192.11,0.0,1.52,385.74,Bank Transfer,Delivered,3.0,
5080844,176978,2022-08-09,Clothing,Zara,3,981.79,5.0,18.1,2816.2,Card,Processing,5.0,
3714182,954931,2021-06-05,Grocery,Nestle,1,660.66,10.0,16.18,610.77,PayPal,Delivered,,
1798980,913776,2025-01-21,Clothing,Zara,2,723.31,5.0,10.99,1385.28,Google Pay,Cancelled,1.0,
5433071,734873,2022-11-13,Clothing,Zara,1,374.43,10.0,12.72,349.71,PayPal,Shipped,,No
7556522,110620,2025-10-01,Sports,Wilson,2,176.02,5.0,17.85,352.29,Card,Cancelled,5.0,No
7300717,466424,2024-06-27,Toys,Lego,4,283.0,10.0,8.04,1026.84,Card,Shipped,,
3120925,377435,2024-11-24,Sports,Puma,1,930.63,15.0,18.74,809.78,Card,Cancelled,3.0,No
2819915,937075,2022-10-09,Electronics,Apple,5,711.59,10.0,10.55,3212.71,Card,Processing,1.0,Yes
2929294,842412,2025-09-22,Home,IKEA,4,192.85,15.0,24.52,680.21,Card,Processing,2.0,
4259878,531111,2025-08-14,Electronics,Apple,1,944.32,15.0,6.65,809.32,Bank Transfer,Shipped,2.0,No
5340717,818308,2021-05-11,Sports,Wilson,2,684.01,5.0,3.82,1303.44,Card,Delivered,,N
2787713,670684,2022-06-21,Pet,Purina,4,951.28,10.0,16.0,,Google Pay,Processing,,No
7552387,418419,2024-10-07,Clothing,Nike,4,885.75,15.0,12.19,3023.74,Bank Transfer,Returned,4.0,Y
1830710,259456,2024-03-10,Electronics,Samsung,4,469.61,5.0,7.85,1792.37,Card,Delivered,2.0,
8872093,584516,2024-06-20,Electronics,Apple,1,35.86,,4.93,40.79,Google Pay,Cancelled,1.0,N
5500552,973437,2024-12-03,Electronics,Sony,1,503.67,0.0,1.7,505.37,Bank Transfer,Cancelled,4.0,
8671369,371949,2025-05-02,Clothing,Nike,2,26.32,20.0,13.45,55.56,Bank Transfer,Returned,2.0,N
3946912,608080,2024-06-28,Sports,Wilson,2,966.39,,22.44,1955.22,PayPal,Delivered,3.0,Y
2629446,277861,2021-07-07,Sports,Wilson,3,693.31,15.0,15.14,1783.08,Google Pay,Delivered,2.0,Yes
5454530,589792,2021-02-20,Beauty,L'Oreal,2,549.7,15.0,0.8,935.29,PayPal,Cancelled,2.0,Y
7384761,635116,2022-07-04,Beauty,L'Oreal,5,853.0,10.0,19.16,3857.66,Card,Processing,4.0,
9228089,147592,2021-07-13,Home,IKEA,5,573.98,,18.19,2888.09,Bank Transfer,Shipped,2.0,
4146335,383975,2021-01-07,Home,IKEA,1,976.43,5.0,24.26,951.87,PayPal,Processing,4.0,No
5703343,635068,2022-01-10,Home,Philips,1,51.74,15.0,3.4,47.38,Card,Processing,3.0,Yes
1218079,203421,2023-11-11,Electronics,Samsung,2,458.46,0.0,6.45,923.37,Card,Processing,3.0,Yes
7142750,880924,2024-07-10,Home,IKEA,1,65.37,0.0,18.2,83.57,Card,Returned,4.0,Y
5371241,719326,2024-07-05,Electronics,Samsung,3,976.88,0.0,13.56,2944.2,PayPal,Shipped,1.0,Y
7561270,543125,2022-05-21,Sports,Wilson,5,28.07,,17.95,158.3,PayPal,Processing,4.0,
6804437,173142,2021-08-04,Home,Philips,5,881.3,0.0,13.95,4420.45,Bank Transfer,Delivered,2.0,N
8958402,472430,2022-01-24,Home,IKEA,5,443.58,0.0,1.87,2219.77,PayPal,Processing,3.0,Y
1142578,170253,2021-07-23,Home,IKEA,3,278.82,5.0,20.13,814.77,Card,Shipped,5.0,Y
6854348,788750,2023-07-27,Beauty,L'Oreal,3,197.02,,9.9,600.96,Bank Transfer,Cancelled,,Y
2812234,563977,2022-07-11,Sports,Puma,4,574.96,10.0,22.47,2092.33,Apple Pay,Returned,2.0,
4134308,120700,2022-03-31,Clothing,Nike,4,509.41,10.0,23.84,1857.72,Card,Shipped,,No
6306668,272111,2022-05-02,Beauty,L'Oreal,1,794.23,20.0,10.91,646.29,Apple Pay,Cancelled,4.0,Y
2833371,631799,2025-07-21,Electronics,Sony,2,728.95,20.0,10.7,1177.02,PayPal,Returned,1.0,Yes
6258301,844744,2024-04-11,Clothing,Nike,5,71.78,10.0,18.16,341.17,Google Pay,Processing,5.0,N
2408184,269478,2023-10-04,Office,HP,4,329.7,0.0,11.74,1330.54,Card,Cancelled,3.0,N
7320357,823986,2021-10-21,Home,Philips,5,229.88,15.0,19.6,996.59,Card,Cancelled,3.0,N
3113558,197573,2025-10-07,Home,IKEA,4,267.19,5.0,0.8,1016.12,Apple Pay,Delivered,3.0,
7758357,521447,2025-02-28,Home,Philips,1,180.46,10.0,22.07,184.48,PayPal,Shipped,2.0,Yes
7023580,766865,2025-07-04,Electronics,Apple,2,429.83,5.0,18.89,835.57,Card,Shipped,2.0,Y
2310387,822372,2022-04-03,Clothing,Nike,4,806.68,15.0,21.76,2764.47,Google Pay,Processing,,
3790296,389192,2022-10-08,Electronics,Samsung,1,519.8,20.0,11.24,427.08,Google Pay,Cancelled,2.0,Yes
3463981,734382,2026-01-16,Electronics,Sony,4,438.81,5.0,23.96,1691.44,Card,Shipped,,N
2096160,419189,2024-02-24,Electronics,Apple,1,717.11,15.0,12.26,621.8,Card,Cancelled,,
3665581,319036,2024-01-27,Toys,Lego,2,418.99,0.0,24.24,862.22,Card,Delivered,5.0,Y
6400889,653745,2022-04-22,Clothing,Adidas,1,271.95,0.0,15.24,287.19,Bank Transfer,Shipped,5.0,
8857261,317797,2021-02-04,Sports,Puma,3,506.48,5.0,22.39,1465.86,Card,Shipped,1.0,N
9270064,348757,2025-08-09,Beauty,Nivea,4,710.36,10.0,22.68,2579.98,Card,Processing,2.0,
9672228,450167,2024-10-01,Electronics,Samsung,3,381.64,10.0,5.98,1036.41,Card,Cancelled,1.0,N
2611421,382139,2023-05-10,Electronics,Sony,1,43.3,0.0,9.43,52.73,Bank Transfer,Delivered,2.0,Y
2564875,171884,2025-03-13,Sports,Wilson,5,702.08,5.0,1.37,3336.25,Card,Shipped,,No
8794214,178522,2021-02-25,Home,Philips,1,649.65,,0.57,650.22,Card,Cancelled,3.0,No
9084221,833159,2022-01-15,Home,IKEA,5,759.91,0.0,21.01,3820.56,Card,Processing,,Y
8123030,971028,2024-01-01,Electronics,Sony,5,71.03,0.0,14.67,369.82,Bank Transfer,Cancelled,1.0,No
9163531,648612,2023-04-17,Pet,Purina,1,207.86,0.0,10.52,218.38,Bank Transfer,Delivered,3.0,N
6274025,790786,2023-02-10,Clothing,Zara,1,314.55,15.0,11.22,278.59,PayPal,Processing,,No
7893684,486094,2024-11-07,Books,Penguin,2,311.7,0.0,18.52,641.92,PayPal,Returned,1.0,N
7839919,590667,2022-02-19,Clothing,Zara,1,480.27,15.0,12.07,420.3,Bank Transfer,Returned,4.0,N
4330414,636366,2021-01-15,Clothing,Zara,2,551.48,15.0,3.51,941.03,Bank Transfer,Delivered,,No
5483039,684739,2023-10-16,Clothing,Adidas,1,103.14,10.0,22.79,115.62,PayPal,Delivered,5.0,Y
3121539,872512,2023-02-05,Beauty,Nivea,5,108.33,5.0,3.05,517.62,Apple Pay,Delivered,2.0,No
7986024,152158,2022-02-23,Electronics,Apple,4,719.06,,5.63,2881.87,PayPal,Processing,1.0,No
8288814,276741,2022-01-16,Electronics,Apple,1,547.29,20.0,12.83,450.66,PayPal,Shipped,1.0,Y
1500695,411297,2021-01-01,Books,Penguin,1,362.0,0.0,24.83,386.83,Google Pay,Delivered,1.0,Y
1793786,784790,2021-08-19,Electronics,Apple,1,755.99,10.0,10.44,690.83,Card,Processing,4.0,Y
4067344,870793,2023-09-24,Home,IKEA,1,131.62,,0.14,131.76,Card,Processing,3.0,No
3992397,848092,2021-07-08,Beauty,L'Oreal,2,949.26,15.0,5.89,1619.63,PayPal,Processing,5.0,Yes
9574749,954593,2022-11-24,Pet,Purina,2,130.86,0.0,7.88,269.6,Bank Transfer,Delivered,3.0,N
7792162,683262,2022-11-25,Sports,Wilson,5,801.41,15.0,3.43,3409.42,Card,Cancelled,4.0,
4952769,382864,2025-05-02,Electronics,Samsung,4,31.03,5.0,19.7,137.61,Google Pay,Cancelled,3.0,Yes
1019489,473137,2021-11-14,Home,Philips,4,770.88,5.0,23.94,2953.28,Card,Delivered,5.0,Yes
9538854,739281,2023-12-28,Beauty,L'Oreal,5,266.98,0.0,13.15,1348.05,Card,Delivered,4.0,Yes
2465469,875783,2024-12-02,Electronics,Samsung,3,714.32,5.0,9.34,2045.15,Card,Returned,3.0,No
9565456,343389,2022-12-04,Electronics,Samsung,4,15.43,10.0,13.64,69.19,Apple Pay,Returned,4.0,Yes
2823204,511628,2022-04-19,Clothing,Zara,5,765.43,15.0,22.17,3275.25,PayPal,Returned,4.0,No
3460761,688297,2021-04-04,Books,Penguin,2,141.14,10.0,8.97,263.02,Google Pay,Shipped,1.0,
2810442,519132,2023-02-07,Electronics,Samsung,1,591.02,,7.68,598.7,Card,Processing,3.0,N
8174208,280735,2026-02-19,Electronics,Sony,4,809.01,5.0,2.27,3076.51,Bank Transfer,Processing,3.0,
5290120,607116,2023-07-01,Electronics,Apple,3,130.56,,24.88,416.56,Apple Pay,Returned,3.0,
4361407,928131,2021-11-30,Sports,Wilson,1,612.26,0.0,17.56,629.82,Apple Pay,Returned,2.0,N
7844198,372128,2024-11-02,Electronics,Samsung,5,835.0,0.0,11.21,4186.21,Bank Transfer,Shipped,5.0,
3737523,740052,2021-02-04,Books,Penguin,2,784.27,0.0,19.54,1588.08,Google Pay,Returned,2.0,N
8533073,445656,2023-11-01,Home,Philips,3,443.62,10.0,17.0,1214.77,Bank Transfer,Cancelled,2.0,
3277838,850835,2024-04-02,Sports,Wilson,5,86.16,15.0,17.47,383.65,Bank Transfer,Delivered,4.0,Y
3163785,333117,2021-06-28,Clothing,Zara,2,757.8,5.0,17.56,1457.38,Bank Transfer,Cancelled,5.0,No
7941381,371337,2026-04-10,Sports,Puma,1,842.41,15.0,24.29,740.34,PayPal,Cancelled,2.0,No
2873452,739579,2025-02-08,Home,IKEA,5,443.14,10.0,16.39,2010.52,Bank Transfer,Shipped,4.0,Y
5761148,841018,2025-12-30,Electronics,Apple,2,314.29,5.0,13.42,610.57,Card,Cancelled,,Y
6413542,356091,2025-03-23,Books,Penguin,1,183.21,10.0,0.34,165.23,Bank Transfer,Cancelled,5.0,
6770598,984780,2022-08-07,Books,Penguin,2,913.75,,15.23,1842.73,Card,Shipped,4.0,No
5419354,792941,2025-05-06,Clothing,Adidas,5,463.55,10.0,18.71,2104.68,Card,Processing,2.0,Y
1585847,132017,2026-01-10,Home,Philips,2,441.13,5.0,12.06,850.21,Card,Shipped,,N
2631266,993147,2023-11-30,Electronics,Samsung,4,137.57,5.0,22.42,545.19,Bank Transfer,Processing,3.0,Yes
9101959,752688,2026-04-27,Home,Philips,2,42.12,5.0,22.07,102.1,Card,Delivered,,No
7643648,522155,2024-05-31,Electronics,Samsung,1,497.02,10.0,7.06,454.38,Google Pay,Processing,1.0,No
5794784,431904,2026-03-09,Electronics,Apple,2,571.4,0.0,16.5,1159.3,Apple Pay,Processing,2.0,Y
1376914,552739,2024-12-23,Electronics,Samsung,5,973.3,20.0,18.3,3911.5,Card,Processing,1.0,Y
3486369,898588,2023-07-15,Electronics,Apple,2,946.15,10.0,18.24,1721.31,Apple Pay,Delivered,4.0,N
9787168,360494,2021-10-17,Sports,Wilson,3,41.0,0.0,12.94,135.94,Bank Transfer,Returned,,N
3634512,923564,2022-02-16,Toys,Lego,5,659.27,15.0,10.58,2812.48,Bank Transfer,Processing,5.0,No
4420187,382162,2024-11-29,Clothing,Zara,5,918.7,0.0,3.92,4597.42,Card,Cancelled,5.0,N
2248236,299125,2025-04-03,Clothing,Adidas,2,399.46,0.0,23.96,822.88,Apple Pay,Returned,5.0,No
8356946,176063,2022-08-12,Sports,Wilson,4,840.5,15.0,12.15,2869.85,Apple Pay,Cancelled,4.0,No
4231399,756289,2022-05-06,Beauty,L'Oreal,4,573.71,20.0,19.89,1855.76,Card,Processing,,Yes
2124363,867896,2021-06-23,Clothing,Adidas,2,87.36,5.0,24.73,190.71,PayPal,Returned,,Yes
7133505,273675,2022-05-25,Electronics,Samsung,2,81.37,0.0,14.2,176.94,Google Pay,Returned,4.0,No
8217155,707279,2025-01-25,Electronics,Apple,4,679.06,5.0,14.0,2594.43,Google Pay,Cancelled,1.0,Yes
5813096,565123,2022-06-10,Electronics,Sony,3,153.68,10.0,6.68,421.62,Card,Cancelled,3.0,No
6504410,709676,2025-10-10,Electronics,Samsung,3,779.74,0.0,22.5,2361.72,Apple Pay,Cancelled,3.0,No
3378217,863623,2025-01-31,Electronics,Apple,4,301.85,,10.43,1217.83,Card,Returned,,No
7111107,255378,2025-03-22,Toys,Lego,3,251.99,0.0,1.21,757.18,Card,Delivered,2.0,Yes
1270279,735709,2024-05-20,Beauty,Nivea,2,566.34,15.0,10.71,973.49,PayPal,Processing,1.0,Yes
3152346,374710,2025-04-13,Clothing,Zara,2,380.81,10.0,0.97,686.43,Apple Pay,Cancelled,5.0,No
3232818,581706,2025-06-15,Clothing,Adidas,3,319.4,20.0,4.92,771.48,Card,Processing,,Yes
9263059,652172,2021-08-26,Electronics,Samsung,4,698.16,10.0,16.6,2529.98,Card,Delivered,4.0,
3346418,270431,2022-10-08,Sports,Wilson,5,226.02,,5.06,,Card,Delivered,5.0,Y
9742394,245353,2022-02-13,Home,IKEA,2,421.2,10.0,12.08,770.24,PayPal,Delivered,4.0,No
8757860,916277,2025-02-06,Sports,Wilson,3,277.81,0.0,4.66,838.09,Apple Pay,Shipped,4.0,N
9890890,244806,2023-01-14,Home,IKEA,5,620.43,5.0,17.45,2964.49,PayPal,Cancelled,3.0,N
5786038,850518,2024-06-30,Office,HP,4,572.36,5.0,16.12,2191.09,PayPal,Delivered,2.0,N
8708967,562087,2023-08-25,Sports,Puma,5,821.72,5.0,11.34,3914.51,Card,Shipped,4.0,Y
5142996,478630,2022-11-10,Clothing,Zara,2,140.78,,10.45,292.01,Google Pay,Delivered,4.0,N
7590323,424808,2023-07-19,Electronics,Sony,3,481.41,,2.21,1446.44,Apple Pay,Returned,4.0,N
6347469,887875,2024-10-31,Toys,Lego,4,475.56,0.0,19.75,1921.99,PayPal,Delivered,4.0,N
9597109,520223,2023-04-17,Home,Philips,1,322.89,10.0,2.29,292.89,Card,Cancelled,2.0,Yes
6299833,352175,2025-08-01,Home,IKEA,1,673.72,20.0,20.11,559.09,Google Pay,Delivered,,No
1782146,221463,2023-12-24,Electronics,Samsung,2,139.55,15.0,12.6,249.84,PayPal,Cancelled,5.0,Yes
2104080,853043,2026-06-07,Electronics,Apple,1,972.91,0.0,18.06,990.97,Google Pay,Processing,4.0,Yes
3291007,316205,2023-08-29,Clothing,Adidas,3,730.84,0.0,3.61,2196.13,PayPal,Delivered,3.0,No
5427233,853377,2024-05-31,Electronics,Sony,2,782.96,20.0,18.02,1270.76,Card,Shipped,4.0,Y
3826216,814498,2021-05-18,Electronics,Apple,3,268.62,0.0,24.38,830.24,Google Pay,Processing,1.0,Y
3701806,420335,2024-09-06,Beauty,L'Oreal,1,789.86,5.0,4.18,754.55,Card,Returned,2.0,Yes
6313825,171540,2025-10-18,Toys,Lego,2,970.1,0.0,19.61,1959.81,Bank Transfer,Returned,3.0,Y
5705900,211553,2022-07-23,Pet,Purina,2,540.87,15.0,9.7,929.18,Card,Delivered,3.0,Y
2784520,338676,2026-02-04,Home,Philips,1,382.3,20.0,24.81,330.65,Card,Shipped,4.0,Yes
3288227,516292,2022-02-18,Beauty,L'Oreal,2,345.89,5.0,6.85,664.04,Card,Returned,2.0,Y
3758614,436981,2025-04-22,Sports,Wilson,1,146.15,10.0,3.6,135.13,Bank Transfer,Processing,5.0,No
6749801,616278,2022-09-24,Clothing,Zara,5,870.37,20.0,18.48,3499.96,Card,Returned,3.0,
7781548,204830,2022-12-09,Home,IKEA,2,287.31,15.0,11.07,499.5,Apple Pay,Delivered,4.0,Yes
2460225,295833,2024-03-27,Beauty,Nivea,5,775.54,,22.37,3900.07,PayPal,Processing,5.0,No
6959019,147165,2022-09-28,Toys,Lego,5,963.32,20.0,12.08,3865.36,Card,Returned,2.0,
7380539,158031,2021-04-27,Clothing,Nike,5,230.15,,17.23,1167.98,PayPal,Processing,,Yes
5339071,948798,2022-09-01,Beauty,L'Oreal,4,290.15,0.0,2.28,1162.88,Bank Transfer,Cancelled,1.0,No
8826637,726538,2025-05-22,Toys,Lego,3,370.71,5.0,1.6,1058.12,Google Pay,Returned,1.0,Y
1258616,124414,2023-05-21,Home,Philips,2,692.13,5.0,22.14,1337.19,PayPal,Returned,4.0,Yes
8420015,888976,2021-07-27,Toys,Lego,4,544.12,5.0,20.26,2087.92,Bank Transfer,Shipped,,N
3644442,327077,2022-04-07,Electronics,Apple,1,92.51,0.0,5.02,97.53,Google Pay,Delivered,2.0,Y
9016969,816491,2023-04-06,Electronics,Samsung,3,642.4,10.0,24.93,1759.41,Card,Cancelled,1.0,No
5216954,136399,2023-11-18,Electronics,Samsung,4,982.88,,24.43,3955.95,PayPal,Returned,,
4978285,618479,2022-11-19,Beauty,Nivea,1,40.42,15.0,20.85,55.21,Card,Cancelled,4.0,Yes
4470953,838117,2023-01-23,Beauty,Nivea,3,899.95,20.0,8.92,2168.8,Apple Pay,Returned,,
6370773,654210,2025-07-26,Clothing,Zara,4,980.84,0.0,16.5,3939.86,Card,Shipped,,Yes
3177993,954495,2024-02-17,Clothing,Adidas,5,650.15,5.0,19.54,3107.75,Google Pay,Processing,,No
8435716,859129,2021-04-11,Clothing,Nike,4,597.75,10.0,22.02,2173.92,Card,Cancelled,,No
7577051,742964,2022-03-16,Electronics,Samsung,1,910.99,15.0,12.28,786.62,Card,Processing,,Yes
4582621,563771,2023-08-21,Grocery,Nestle,3,878.89,15.0,24.36,2265.53,Card,Returned,5.0,No
8631568,459077,2022-11-17,Office,HP,5,672.44,0.0,13.23,3375.43,Google Pay,Cancelled,,N
9392735,795127,2026-02-23,Beauty,L'Oreal,2,677.4,0.0,13.93,1368.73,Card,Cancelled,,Yes
6439318,978568,2021-03-15,Electronics,Samsung,2,13.99,0.0,17.06,45.04,Google Pay,Delivered,4.0,Yes
3060720,387912,2026-01-12,Electronics,Apple,2,43.51,5.0,17.46,100.13,Google Pay,Processing,4.0,N
8617719,223802,2023-01-28,Grocery,Nestle,1,515.79,0.0,14.07,529.86,PayPal,Processing,,
6155624,743031,2021-08-29,Pet,Purina,1,330.29,15.0,6.41,287.16,Card,Shipped,5.0,Yes
3665293,826282,2021-07-16,Electronics,Samsung,1,202.27,5.0,19.94,212.1,Bank Transfer,Cancelled,3.0,N
7298727,281076,2026-01-20,Toys,Lego,5,360.39,5.0,20.69,1732.54,PayPal,Shipped,3.0,Y
5618910,199856,2021-10-18,Home,Philips,5,66.2,15.0,20.49,301.84,Apple Pay,Cancelled,5.0,N
7581653,332852,2021-11-13,Electronics,Sony,5,100.55,,12.67,515.42,Apple Pay,Shipped,2.0,N
8535430,519121,2025-05-03,Electronics,Apple,2,549.42,5.0,6.82,1050.72,Apple Pay,Cancelled,4.0,Y
8632861,344546,2025-10-19,Electronics,Sony,2,228.64,15.0,11.37,400.06,Card,Returned,4.0,No
2758579,619069,2022-12-02,Beauty,L'Oreal,3,406.62,5.0,5.93,1164.8,PayPal,Returned,,Yes
5810619,571664,2021-12-16,Sports,Puma,2,15.26,0.0,23.42,53.94,Google Pay,Shipped,4.0,Yes
1220821,496250,2024-07-17,Home,IKEA,3,580.32,,2.79,1743.75,Bank Transfer,Delivered,4.0,Yes
4009962,887074,2022-03-01,Beauty,Nivea,5,153.3,15.0,21.03,672.55,PayPal,Processing,4.0,N
9208738,276787,2023-12-27,Home,Philips,2,142.3,20.0,14.9,242.58,Card,Shipped,1.0,Yes
9920339,342973,2023-01-24,Electronics,Samsung,2,839.23,5.0,2.06,1596.6,Apple Pay,Delivered,2.0,No
7729416,347187,2022-08-03,Home,Philips,2,961.97,5.0,0.31,1828.05,Bank Transfer,Processing,1.0,Y
3171469,959989,2025-09-08,Electronics,Samsung,2,7.81,0.0,16.37,31.99,Bank Transfer,Delivered,,Y
1102606,397419,2023-04-03,Beauty,L'Oreal,1,457.89,5.0,0.09,435.09,Apple Pay,Shipped,1.0,N
4709967,585045,2024-07-05,Clothing,Nike,1,54.44,10.0,22.67,71.67,Card,Cancelled,3.0,
2022985,673591,2023-12-11,Grocery,Nestle,3,401.4,5.0,13.87,1157.86,Card,Delivered,4.0,
8270081,708103,2025-09-26,Home,Philips,1,397.24,5.0,0.72,378.1,Card,Returned,1.0,N
5748544,508518,2024-07-08,Clothing,Adidas,1,532.93,0.0,19.93,552.86,PayPal,Cancelled,4.0,No
2640719,322200,2022-01-17,Electronics,Samsung,1,883.0,5.0,21.67,860.52,Google Pay,Delivered,,No
8049752,573638,2024-07-13,Clothing,Nike,5,741.61,,2.48,3710.53,Google Pay,Returned,4.0,Yes
8953910,849663,2021-03-04,Home,Philips,3,700.05,0.0,14.34,2114.49,Google Pay,Cancelled,5.0,Yes
6571369,370401,2024-05-20,Home,IKEA,3,337.55,15.0,11.99,872.74,Card,Cancelled,,
9645801,446153,2022-06-26,Pet,Purina,1,803.58,20.0,16.86,659.72,Apple Pay,Shipped,4.0,Yes
6871734,620442,2023-04-17,Books,Penguin,4,352.48,,4.78,1414.7,PayPal,Processing,4.0,Y
1800827,722454,2021-12-01,Sports,Wilson,5,603.1,20.0,18.74,2431.14,Apple Pay,Returned,5.0,Y
7763837,216334,2025-07-05,Home,Philips,3,985.89,5.0,0.68,2810.47,Apple Pay,Returned,4.0,Y
3325178,324235,2025-01-06,Electronics,Sony,3,848.74,20.0,15.81,2052.79,Bank Transfer,Shipped,2.0,Yes
1365825,182682,2024-05-20,Electronics,Samsung,1,623.37,20.0,1.48,500.18,Bank Transfer,Shipped,2.0,Y
6287789,148463,2025-02-11,Beauty,L'Oreal,2,113.71,5.0,19.01,235.06,PayPal,Shipped,2.0,Y
3470382,116160,2022-08-12,Pet,Purina,2,7.45,10.0,15.47,28.88,PayPal,Delivered,1.0,
7816886,936179,2023-03-05,Office,HP,5,797.07,20.0,4.13,3192.41,Bank Transfer,Delivered,1.0,
1055740,105481,2026-05-06,Clothing,Zara,2,570.4,0.0,5.33,1146.13,Card,Shipped,,
2784069,999246,2022-11-15,Sports,Puma,3,51.11,,19.03,172.36,Card,Returned,1.0,Y
3491504,603734,2024-07-05,Sports,Puma,2,529.91,0.0,2.21,1062.03,Bank Transfer,Cancelled,2.0,Yes
6640016,435098,2022-06-26,Clothing,Nike,2,724.57,5.0,15.29,1391.97,Card,Processing,3.0,No
7201843,501759,2022-03-08,Electronics,Apple,2,807.17,20.0,8.79,1300.26,Google Pay,Returned,5.0,
3236079,989101,2023-03-17,Toys,Lego,3,228.15,0.0,0.6,685.05,Google Pay,Delivered,3.0,
5426345,708440,2024-04-21,Sports,Puma,4,459.25,,10.6,1847.6,Apple Pay,Delivered,5.0,No
5780373,401167,2022-05-28,Electronics,Samsung,5,671.38,10.0,24.64,3045.85,Google Pay,Delivered,1.0,No
2756238,305399,2024-05-06,Electronics,Apple,1,185.31,,9.84,195.15,PayPal,Delivered,4.0,No
7275685,519355,2022-08-10,Books,Penguin,1,719.62,0.0,7.69,727.31,Google Pay,Cancelled,1.0,No
7161376,267843,2026-05-17,Clothing,Adidas,5,566.01,0.0,23.3,2853.35,Card,Shipped,4.0,
5102491,964261,2022-10-21,Clothing,Nike,1,287.12,0.0,20.57,307.69,Google Pay,Shipped,,No
9238579,895408,2025-11-10,Electronics,Apple,1,149.67,,6.64,156.31,Bank Transfer,Shipped,1.0,No
5929451,777426,2022-12-26,Sports,Wilson,2,848.89,,2.75,1700.53,Card,Processing,5.0,
4370153,259669,2021-04-04,Electronics,Samsung,3,203.5,20.0,6.14,494.54,Apple Pay,Processing,,Yes
7434185,932288,2021-03-26,Beauty,L'Oreal,5,497.77,20.0,0.07,1991.15,Card,Processing,3.0,
2789128,131936,2022-12-19,Office,HP,2,81.22,20.0,10.48,140.43,Card,Returned,1.0,No
1681019,115918,2026-03-22,Electronics,Apple,2,888.55,0.0,7.02,1784.12,Apple Pay,Returned,5.0,Yes
6941318,506083,2022-03-17,Home,IKEA,4,609.88,15.0,1.17,2074.76,Card,Delivered,4.0,
3781052,252230,2023-08-25,Electronics,Samsung,5,393.72,5.0,2.32,1872.49,Card,Shipped,2.0,Yes
5280991,797105,2022-11-30,Sports,Puma,2,405.06,0.0,11.07,821.19,Apple Pay,Delivered,2.0,N
8795484,668931,2024-07-10,Toys,Lego,1,426.35,10.0,0.61,384.33,Apple Pay,Processing,4.0,Y
3549920,159894,2023-02-16,Electronics,Apple,4,53.57,15.0,3.5,185.64,PayPal,Delivered,5.0,
1949212,692177,2021-10-10,Beauty,L'Oreal,1,559.26,20.0,13.04,460.45,Card,Processing,,Yes
8774783,497923,2021-11-06,Electronics,Samsung,4,280.26,0.0,19.65,1140.69,Card,Delivered,5.0,Yes
7833256,366515,2023-05-19,Clothing,Adidas,1,133.41,20.0,23.57,130.3,Google Pay,Processing,2.0,No
1754830,236292,2025-09-06,Clothing,Adidas,5,586.7,0.0,12.03,2945.53,Card,Returned,3.0,N
9938245,183381,2022-07-14,Office,HP,4,909.36,10.0,0.03,3273.73,Card,Cancelled,4.0,Yes
3926689,585374,2021-11-26,Beauty,Nivea,4,815.74,,24.72,3287.68,Google Pay,Delivered,5.0,
1261503,783832,2026-01-17,Clothing,Nike,3,853.86,5.0,11.88,2445.38,Bank Transfer,Returned,5.0,Y
5538221,980783,2022-04-07,Sports,Wilson,1,242.59,20.0,17.51,211.58,Card,Cancelled,5.0,
1874872,418139,2023-11-04,Beauty,L'Oreal,1,903.93,20.0,8.8,731.94,Card,Shipped,1.0,No
5646357,115143,2021-04-11,Clothing,Nike,3,335.1,10.0,20.85,925.62,Card,Shipped,3.0,Yes
3576529,137192,2023-07-02,Clothing,Zara,3,803.76,10.0,21.64,,Bank Transfer,Returned,4.0,
1840611,663064,2021-10-28,Toys,Lego,1,833.88,10.0,24.94,775.43,Bank Transfer,Delivered,3.0,Y
9242411,163807,2023-07-11,Electronics,Apple,3,13.3,20.0,20.16,52.08,Card,Processing,4.0,N
9167756,650401,2023-07-25,Clothing,Nike,3,776.93,10.0,14.35,2112.06,PayPal,Returned,1.0,Y
6445559,981458,2023-04-14,Grocery,Nestle,4,370.33,20.0,5.61,1190.67,Apple Pay,Returned,,No
3430911,235187,2022-11-27,Clothing,Nike,4,135.65,20.0,16.23,450.31,Apple Pay,Returned,,No
6721592,144894,2022-02-18,Electronics,Sony,4,204.41,15.0,9.8,704.79,Google Pay,Processing,4.0,N
8744390,386880,2025-01-22,Clothing,Zara,4,347.86,15.0,2.08,1184.8,PayPal,Returned,2.0,No
8488656,918721,2023-04-13,Electronics,Sony,5,592.36,5.0,2.31,2816.02,Google Pay,Cancelled,2.0,
8963007,223141,2021-05-29,Home,IKEA,3,596.91,,9.95,1800.68,Apple Pay,Processing,1.0,No
4755628,553519,2025-07-07,Sports,Wilson,5,867.84,5.0,6.28,4128.52,Card,Delivered,4.0,
9883244,195459,2023-08-18,Clothing,Nike,1,100.19,20.0,17.11,97.26,Bank Transfer,Shipped,4.0,
8963182,299345,2025-07-16,Electronics,Sony,1,265.9,15.0,24.69,250.7,PayPal,Returned,4.0,Y
3639866,128964,2023-01-24,Clothing,Adidas,5,19.18,,4.92,100.82,Google Pay,Shipped,5.0,Y
2936897,623933,2022-11-30,Clothing,Adidas,2,71.79,10.0,0.09,129.31,Apple Pay,Delivered,,Y
3568064,768480,2024-02-20,Books,Penguin,4,413.04,10.0,12.03,1498.97,PayPal,Cancelled,4.0,Yes
8138165,236641,2025-09-22,Electronics,Apple,2,972.5,,16.78,1961.78,Apple Pay,Cancelled,5.0,
5978579,880784,2021-07-03,Pet,Purina,2,869.42,,0.83,1739.67,Card,Processing,3.0,Yes
8815998,392836,2022-10-06,Home,Philips,5,169.98,,17.99,867.89,Card,Processing,4.0,No
3710229,820131,2021-01-29,Home,Philips,5,283.61,20.0,22.48,1156.92,Bank Transfer,Returned,4.0,N
7415186,956831,2022-09-14,Sports,Wilson,3,823.31,20.0,24.93,2000.87,Apple Pay,Processing,5.0,Y
5864286,986699,2024-03-13,Electronics,Samsung,3,539.16,15.0,0.29,1375.15,Apple Pay,Shipped,2.0,No
5470877,301249,2022-11-28,Electronics,Sony,5,473.94,10.0,15.06,2147.79,Apple Pay,Delivered,,Yes
4858332,795222,2026-01-31,Sports,Wilson,5,289.12,0.0,6.35,1451.95,Card,Shipped,2.0,No
1359187,569252,2026-03-10,Home,IKEA,2,186.92,15.0,18.53,336.29,PayPal,Shipped,1.0,No
9596863,508632,2025-08-04,Electronics,Sony,4,999.16,20.0,1.75,3199.06,Card,Returned,1.0,Y
2798180,445825,2023-01-20,Books,Penguin,4,63.71,5.0,6.8,248.9,Google Pay,Cancelled,5.0,Yes
3733759,761717,2025-11-23,Books,Penguin,3,901.83,,1.94,2707.43,Bank Transfer,Processing,3.0,
5491309,380990,2025-01-04,Electronics,Sony,5,486.18,15.0,16.49,2082.75,Card,Shipped,2.0,
8347285,372464,2021-02-23,Electronics,Sony,4,504.12,0.0,1.07,2017.55,PayPal,Shipped,5.0,
1062173,772769,2023-02-11,Clothing,Nike,2,32.5,10.0,16.9,75.4,Google Pay,Shipped,2.0,Y
4937368,766483,2024-09-23,Books,Penguin,2,778.21,10.0,1.58,1402.36,Card,Returned,4.0,N
9391550,354900,2022-11-03,Home,IKEA,5,204.92,5.0,14.19,987.56,Google Pay,Delivered,1.0,
3072211,357347,2021-02-08,Grocery,Nestle,4,579.58,,9.54,2327.86,Apple Pay,Returned,,No
8895087,163107,2021-10-03,Grocery,Nestle,3,492.1,0.0,4.96,1481.26,Card,Processing,4.0,Yes
9712946,716484,2023-07-10,Electronics,Sony,5,286.79,,1.94,1435.89,Bank Transfer,Processing,5.0,Y
4471768,926240,2025-11-15,Clothing,Zara,5,387.86,15.0,7.35,1655.76,PayPal,Returned,4.0,Yes
7267380,719179,2025-01-18,Clothing,Zara,5,626.17,0.0,23.36,3154.21,Bank Transfer,Delivered,3.0,N
6680107,283790,2026-04-06,Toys,Lego,1,801.47,10.0,24.39,745.71,Bank Transfer,Shipped,5.0,N
1116966,466597,2021-11-23,Beauty,L'Oreal,1,804.72,5.0,6.94,771.42,Apple Pay,Delivered,2.0,No
6944994,549287,2021-12-21,Beauty,Nivea,1,330.92,10.0,3.67,301.5,Card,Processing,,Y
1028334,734758,2022-12-23,Electronics,Apple,5,680.9,20.0,19.54,2743.14,Bank Transfer,Cancelled,3.0,N
2882649,831965,2022-05-22,Books,Penguin,1,269.19,15.0,8.17,236.98,Bank Transfer,Cancelled,4.0,Y
9281387,687472,2021-12-10,Electronics,Samsung,1,683.23,10.0,3.92,618.83,Card,Delivered,5.0,Y
4954009,769391,2023-12-27,Clothing,Adidas,2,135.12,,24.29,294.53,Card,Delivered,1.0,N
2231271,647536,2023-04-21,Clothing,Adidas,3,346.32,20.0,9.99,841.16,PayPal,Returned,4.0,N
3834672,163758,2025-12-12,Toys,Lego,3,295.64,10.0,4.49,802.72,Apple Pay,Shipped,2.0,No
5713484,470385,2021-10-12,Office,HP,4,495.04,0.0,18.01,1998.17,Google Pay,Cancelled,4.0,Yes
1291281,673493,2026-04-24,Sports,Puma,1,267.41,0.0,6.52,273.93,PayPal,Returned,,Y
2951637,532694,2023-03-23,Toys,Lego,1,809.91,15.0,16.74,705.16,Google Pay,Returned,,No
9495460,664232,2021-02-18,Beauty,L'Oreal,3,629.71,0.0,1.14,1890.27,Card,Shipped,2.0,Yes
1688187,309052,2024-07-10,Pet,Purina,5,89.48,10.0,7.18,409.84,Card,Processing,1.0,Yes
9764425,846217,2025-10-16,Home,Philips,3,478.57,20.0,20.46,1169.03,Google Pay,Cancelled,4.0,Yes
4223638,662461,2024-11-12,Beauty,Nivea,3,826.7,10.0,12.73,2244.82,Card,Processing,,Yes
9859891,544721,2025-09-13,Electronics,Sony,1,747.64,10.0,24.19,697.07,PayPal,Processing,4.0,No
8408170,794561,2023-02-09,Clothing,Zara,2,462.51,5.0,1.37,880.14,PayPal,Processing,1.0,
2929736,173488,2022-12-27,Sports,Puma,1,292.49,20.0,11.69,245.68,Bank Transfer,Cancelled,3.0,Y
2991571,848207,2022-11-10,Office,HP,5,818.13,0.0,24.42,4115.07,Card,Processing,4.0,Yes
4662996,380069,2026-02-08,Beauty,Nivea,5,59.27,20.0,15.4,252.48,Google Pay,Shipped,1.0,
8735804,879388,2025-08-12,Clothing,Nike,4,784.15,10.0,6.93,2829.87,Card,Returned,5.0,Y
1424959,740326,2024-08-21,Home,Philips,5,394.66,,10.38,1983.68,Card,Processing,4.0,
9591169,856144,2025-06-11,Electronics,Samsung,4,33.18,15.0,16.34,129.15,PayPal,Cancelled,,
5294915,888747,2021-01-11,Beauty,Nivea,5,929.88,0.0,19.21,4668.61,Card,Shipped,,
9578458,175795,2022-09-13,Pet,Purina,3,581.79,0.0,18.47,1763.84,PayPal,Cancelled,5.0,Yes
5344581,363801,2022-10-22,Electronics,Sony,2,455.11,,5.9,916.12,Card,Processing,1.0,N
8218488,201258,2022-11-28,Pet,Purina,5,468.31,10.0,14.4,2121.8,Google Pay,Returned,1.0,
7107453,258345,2024-02-27,Sports,Wilson,1,696.29,0.0,14.95,711.24,Google Pay,Processing,,
4168777,161560,2026-01-13,Clothing,Nike,1,54.98,15.0,8.6,55.33,Card,Cancelled,2.0,Y
3564025,313224,2024-10-29,Office,HP,4,388.51,10.0,5.76,1404.4,PayPal,Processing,,No
2754420,996080,2023-04-26,Electronics,Sony,2,529.89,,24.72,1084.5,Card,Cancelled,3.0,N
5684555,548897,2021-10-09,Sports,Wilson,2,825.58,10.0,17.63,1503.67,Card,Cancelled,4.0,No
3729008,993559,2022-03-17,Electronics,Sony,5,553.32,5.0,16.95,2645.22,Bank Transfer,Returned,,N
9381629,147087,2023-04-27,Clothing,Zara,3,912.52,0.0,20.08,2757.64,Card,Delivered,1.0,No
1917955,155376,2022-12-04,Home,IKEA,1,313.54,5.0,22.76,320.62,Card,Returned,3.0,No
5532119,768071,2021-06-04,Home,Philips,4,393.48,10.0,23.55,1440.08,Bank Transfer,Processing,1.0,
1670633,195649,2021-11-10,Electronics,Sony,2,752.01,15.0,7.38,1285.8,PayPal,Shipped,3.0,
3517757,952550,2024-07-29,Office,HP,5,87.69,,24.79,463.24,PayPal,Delivered,3.0,Yes
8602553,637751,2023-03-20,Electronics,Apple,5,441.05,0.0,10.91,2216.16,Card,Delivered,4.0,N
2310600,591957,2022-04-28,Books,Penguin,4,726.03,20.0,17.19,2340.49,Bank Transfer,Shipped,1.0,
4745160,625470,2023-02-20,Pet,Purina,2,77.48,10.0,15.8,155.26,PayPal,Shipped,4.0,No
7071357,488238,2026-03-08,Home,Philips,2,715.17,,14.91,1445.25,Apple Pay,Cancelled,1.0,
9838094,204104,2021-04-19,Beauty,Nivea,4,138.3,10.0,11.03,508.91,Bank Transfer,Cancelled,4.0,Yes
4924962,427876,2022-05-11,Beauty,Nivea,2,922.02,10.0,12.61,1672.25,Google Pay,Returned,,No
1833614,142066,2026-04-13,Home,Philips,5,726.54,0.0,19.02,3651.72,Bank Transfer,Processing,4.0,No
6438123,232777,2024-04-02,Electronics,Samsung,3,653.61,10.0,11.76,1776.51,Card,Cancelled,3.0,Y
6451810,657281,2022-05-21,Electronics,Sony,4,716.17,20.0,4.04,2295.78,PayPal,Delivered,2.0,No
5161510,134798,2024-06-23,Electronics,Sony,1,815.22,10.0,5.48,739.18,PayPal,Delivered,1.0,
3982851,564885,2026-03-21,Electronics,Apple,4,796.1,0.0,23.99,3208.39,Google Pay,Returned,5.0,Y
8473058,796523,2023-02-09,Books,Penguin,5,718.81,,14.32,3608.37,Bank Transfer,Processing,3.0,Y
5347546,234430,2023-05-06,Beauty,L'Oreal,5,103.77,10.0,4.05,471.02,Card,Returned,3.0,Y
2067549,514384,2023-03-14,Sports,Puma,3,731.05,0.0,10.37,2203.52,PayPal,Shipped,5.0,N
3879924,900485,2023-11-10,Sports,Puma,4,267.54,10.0,20.7,983.84,PayPal,Returned,5.0,
2958338,842022,2022-09-08,Clothing,Zara,2,404.98,15.0,19.36,707.83,PayPal,Processing,1.0,No
7188057,567752,2023-06-24,Pet,Purina,5,897.32,,22.59,4509.19,Apple Pay,Returned,1.0,
2489951,125815,2021-10-29,Books,Penguin,5,50.23,,9.42,260.57,Card,Cancelled,1.0,Y
4917955,872407,2022-03-07,Electronics,Samsung,4,881.65,10.0,12.07,3186.01,Card,Shipped,,N
7672402,649988,2021-02-19,Electronics,Samsung,5,86.32,20.0,2.07,347.35,PayPal,Shipped,,Yes
8242472,383104,2026-01-08,Grocery,Nestle,4,255.94,5.0,8.16,980.73,Google Pay,Processing,1.0,
1095550,194766,2026-06-15,Clothing,Zara,4,993.18,15.0,21.09,3397.9,Card,Cancelled,1.0,Y
1934406,362152,2024-11-12,Clothing,Nike,4,787.44,,23.62,3173.38,Apple Pay,Processing,5.0,Y
7720541,939273,2024-06-14,Home,Philips,4,883.93,,3.31,3539.03,PayPal,Cancelled,4.0,Y
8102893,441221,2021-04-17,Electronics,Sony,2,417.88,,23.75,859.51,Bank Transfer,Processing,4.0,Yes
1033306,189952,2021-01-09,Clothing,Adidas,3,497.18,15.0,13.31,1281.12,Card,Processing,1.0,N
6425593,416501,2024-04-27,Home,IKEA,1,42.71,10.0,10.72,49.16,Apple Pay,Shipped,,Yes
7712691,135854,2024-06-29,Electronics,Sony,1,17.56,10.0,16.96,32.76,Google Pay,Cancelled,3.0,No
2798147,502900,2026-01-08,Pet,Purina,4,58.51,20.0,17.47,204.7,Apple Pay,Shipped,2.0,
8505138,160987,2023-07-15,Toys,Lego,2,979.86,,22.44,1982.16,Card,Shipped,4.0,No
4550176,868193,2025-10-15,Home,Philips,4,404.22,0.0,4.0,1620.88,PayPal,Processing,4.0,No
7051081,373685,2023-05-25,Clothing,Adidas,2,991.38,,16.76,1999.52,Card,Returned,5.0,
6537216,428421,2023-09-02,Electronics,Sony,3,548.75,20.0,12.87,1329.87,Google Pay,Shipped,,N
1951579,870935,2021-04-11,Home,Philips,5,967.1,10.0,20.38,4372.33,Bank Transfer,Delivered,2.0,
6914099,236320,2025-04-27,Sports,Puma,1,695.98,0.0,2.29,698.27,Bank Transfer,Returned,,No
2974410,372944,2024-03-03,Electronics,Sony,5,878.21,10.0,22.69,3974.64,Apple Pay,Cancelled,5.0,No
6184061,933169,2023-07-05,Clothing,Adidas,4,339.15,15.0,3.24,1156.35,Google Pay,Shipped,3.0,Y
1641166,498650,2021-06-12,Clothing,Nike,5,809.8,15.0,18.14,3459.79,PayPal,Cancelled,3.0,Y
4945193,946116,2023-07-13,Clothing,Adidas,2,601.17,15.0,18.37,1040.36,Google Pay,Returned,,Y
8721020,222826,2022-08-02,Home,Philips,5,570.92,20.0,3.95,2287.63,PayPal,Delivered,5.0,No
8463101,997434,2021-03-01,Home,IKEA,4,499.35,20.0,18.53,1616.45,Card,Delivered,,
9623979,810716,2024-12-31,Clothing,Zara,1,896.7,,21.27,917.97,Bank Transfer,Shipped,1.0,No
3464117,418499,2026-04-24,Sports,Wilson,2,51.42,10.0,21.89,114.45,Apple Pay,Delivered,,
9089315,198627,2024-08-12,Sports,Wilson,4,847.25,15.0,1.49,2882.14,Card,Cancelled,1.0,
9414094,545466,2022-02-13,Electronics,Apple,4,716.94,,6.19,2873.95,PayPal,Processing,,Y
4628061,982257,2024-10-23,Sports,Puma,3,502.2,0.0,11.92,1518.52,Card,Shipped,3.0,Y
2167943,357310,2022-02-12,Home,IKEA,2,749.19,,3.54,1501.92,Google Pay,Delivered,2.0,Yes
2647188,627160,2022-01-16,Electronics,Apple,3,960.51,5.0,18.29,2755.74,PayPal,Cancelled,4.0,N
2742614,684242,2025-03-19,Beauty,Nivea,4,758.36,15.0,6.21,2584.63,Card,Delivered,,
1946444,315389,2025-10-09,Books,Penguin,5,230.07,20.0,9.01,929.29,Card,Delivered,3.0,Y
9189632,446142,2022-01-21,Electronics,Apple,5,19.58,15.0,11.85,95.06,Card,Processing,1.0,Yes
8761112,455114,2024-11-05,Clothing,Zara,3,568.86,0.0,3.62,1710.2,PayPal,Processing,4.0,Yes
1244559,634060,2024-09-12,Home,IKEA,1,194.69,0.0,15.64,210.33,Card,Returned,5.0,Y
1423172,921686,2025-08-24,Sports,Wilson,2,264.96,15.0,17.07,467.5,PayPal,Cancelled,5.0,N
3761583,510089,2023-05-21,Sports,Wilson,5,488.86,0.0,0.52,2444.82,Apple Pay,Shipped,1.0,
2063975,712515,2021-07-29,Beauty,L'Oreal,5,491.9,10.0,18.32,2231.87,PayPal,Shipped,1.0,
5462361,604524,2022-07-24,Home,IKEA,1,337.76,20.0,8.37,278.58,Apple Pay,Processing,5.0,No
1082566,209773,2024-06-17,Clothing,Zara,4,57.75,5.0,24.92,244.37,Card,Delivered,5.0,Yes
3627430,236024,2025-10-27,Toys,Lego,2,276.29,,5.69,558.27,Google Pay,Returned,5.0,
1755259,784274,2021-04-02,Clothing,Nike,2,934.25,15.0,4.62,1592.84,Google Pay,Shipped,5.0,N
7553886,954255,2022-04-14,Toys,Lego,1,439.62,0.0,18.29,457.91,PayPal,Cancelled,2.0,Y
1605427,570403,2024-04-04,Beauty,L'Oreal,3,277.8,5.0,5.63,797.36,Card,Shipped,1.0,N
3116775,649187,2025-09-23,Sports,Wilson,1,799.61,,6.46,806.07,Card,Cancelled,3.0,Yes
3809891,685782,2022-06-05,Beauty,Nivea,3,903.14,5.0,12.65,2586.6,PayPal,Cancelled,3.0,Yes
1617676,854326,2021-03-29,Sports,Wilson,3,541.37,5.0,8.95,1551.85,Card,Cancelled,2.0,No
8504265,985004,2022-03-27,Clothing,Zara,4,974.36,5.0,16.98,3719.55,Google Pay,Processing,3.0,
1651589,975336,2021-06-20,Books,Penguin,2,268.35,5.0,17.34,527.21,Card,Processing,1.0,No
4496571,709603,2026-05-15,Clothing,Adidas,3,610.87,,20.56,1853.17,Apple Pay,Returned,2.0,No
3522093,835351,2023-01-01,Home,IKEA,1,726.8,20.0,15.49,596.93,Google Pay,Returned,4.0,Yes
8506105,645342,2023-02-17,Clothing,Zara,2,959.83,5.0,3.27,1826.95,Bank Transfer,Shipped,2.0,Yes
1793465,661637,2024-08-01,Books,Penguin,3,858.2,0.0,16.89,2591.49,PayPal,Cancelled,,N
3308088,131738,2021-11-21,Electronics,Apple,2,471.52,15.0,2.56,804.14,Card,Delivered,3.0,
1863339,972013,2021-03-03,Beauty,L'Oreal,2,761.17,,14.0,1536.34,Apple Pay,Returned,1.0,N
7364705,405477,2022-01-05,Electronics,Samsung,2,19.69,,16.81,56.19,Google Pay,Cancelled,2.0,
8310148,879279,2023-06-26,Home,IKEA,5,735.55,5.0,6.67,3500.53,PayPal,Processing,2.0,Y
2945447,264659,2022-04-24,Electronics,Samsung,2,359.39,0.0,0.18,718.96,Bank Transfer,Shipped,5.0,
1635637,309688,2025-02-05,Clothing,Adidas,4,713.17,0.0,2.61,2855.29,Apple Pay,Returned,4.0,Y
1817774,488342,2023-08-03,Beauty,L'Oreal,4,670.63,20.0,19.28,2165.3,PayPal,Delivered,4.0,Yes
4826249,508146,2026-03-07,Clothing,Adidas,3,165.2,10.0,19.84,465.88,Bank Transfer,Shipped,5.0,Yes
9045753,646389,2024-12-22,Beauty,L'Oreal,4,376.48,5.0,11.1,1441.72,PayPal,Processing,3.0,No
9370891,439969,2021-05-25,Books,Penguin,1,661.81,10.0,23.35,618.98,Apple Pay,Shipped,5.0,Y
5090563,202110,2022-10-31,Home,IKEA,3,858.38,,16.13,2591.27,Google Pay,Processing,,Yes
1050456,529394,2021-01-11,Grocery,Nestle,2,484.07,5.0,23.09,942.82,Bank Transfer,Cancelled,2.0,N
2680610,462156,2023-10-26,Home,Philips,1,841.62,20.0,6.14,679.44,PayPal,Cancelled,1.0,N
2788945,232505,2021-11-02,Clothing,Adidas,2,221.97,10.0,17.23,416.78,Card,Returned,2.0,
4254106,702832,2024-05-15,Grocery,Nestle,2,315.03,20.0,17.91,521.96,Card,Returned,2.0,No
4618696,168013,2023-05-15,Clothing,Zara,1,346.51,15.0,12.68,307.21,Card,Returned,1.0,Yes
2416963,145691,2022-07-27,Clothing,Nike,4,65.08,5.0,20.16,267.46,PayPal,Delivered,2.0,
5618273,415093,2021-01-04,Toys,Lego,5,740.63,20.0,6.22,2968.74,Card,Cancelled,5.0,N
6840132,954535,2023-09-20,Books,Penguin,4,891.31,10.0,22.12,3230.84,PayPal,Cancelled,1.0,
7891794,937774,2023-01-26,Electronics,Samsung,1,925.4,,6.79,932.19,Card,Processing,2.0,Y
8467003,782745,2025-03-29,Clothing,Adidas,1,298.21,,4.6,302.81,Card,Delivered,5.0,Y
3864497,659605,2024-01-01,Home,Philips,3,429.16,0.0,0.66,1288.14,Card,Returned,,Yes
9115131,428886,2025-12-13,Electronics,Samsung,2,783.39,10.0,16.45,1426.55,Card,Delivered,5.0,N
4009069,537872,2026-03-28,Sports,Wilson,1,111.53,10.0,17.2,117.58,Google Pay,Shipped,1.0,No
6644052,412812,2026-05-21,Toys,Lego,2,464.9,10.0,3.73,840.55,PayPal,Delivered,,No
1415710,434285,2025-01-24,Clothing,Zara,2,795.45,15.0,7.36,1359.62,Google Pay,Returned,4.0,N
8708280,469744,2022-04-18,Home,Philips,5,308.65,,10.08,1553.33,Bank Transfer,Returned,3.0,
3383985,385914,2023-06-30,Home,IKEA,4,940.1,,2.87,3763.27,Bank Transfer,Processing,3.0,
2534030,441089,2022-04-17,Toys,Lego,3,91.53,15.0,4.72,238.12,PayPal,Processing,,Y
5059564,885107,2023-07-05,Home,Philips,2,968.16,0.0,3.47,1939.79,Bank Transfer,Cancelled,5.0,N
5226172,884873,2025-10-03,Clothing,Adidas,4,906.23,5.0,3.08,3446.75,Card,Delivered,3.0,Y
9687708,645367,2021-04-19,Books,Penguin,5,542.71,,19.7,2733.25,Apple Pay,Cancelled,3.0,Y
5021195,625396,2021-07-14,Home,Philips,3,346.83,10.0,5.65,942.09,PayPal,Shipped,1.0,No
8226528,109029,2025-02-03,Electronics,Apple,2,17.06,10.0,15.96,46.67,Card,Shipped,1.0,No
1483663,651685,2023-11-04,Clothing,Adidas,2,560.78,0.0,25.0,1146.56,Apple Pay,Cancelled,,Y
1514863,227783,2023-07-12,Clothing,Adidas,1,832.07,0.0,19.2,851.27,Bank Transfer,Processing,4.0,
8669470,255982,2023-09-27,Grocery,Nestle,3,997.04,,13.3,3004.42,Bank Transfer,Shipped,2.0,N
5774871,432514,2024-11-01,Office,HP,5,627.07,5.0,0.36,2978.94,Google Pay,Processing,2.0,No
7064350,862111,2025-05-21,Clothing,Adidas,4,127.24,,16.32,525.28,Card,Delivered,4.0,
6618712,441387,2024-04-19,Grocery,Nestle,5,350.06,15.0,2.11,1489.86,Apple Pay,Returned,1.0,Y
8956118,922824,2023-01-27,Beauty,Nivea,4,116.03,20.0,15.35,386.65,Apple Pay,Shipped,1.0,Y
6207391,443476,2023-03-14,Beauty,Nivea,3,639.19,10.0,18.34,1744.15,PayPal,Cancelled,,
5480905,700949,2022-09-03,Home,Philips,4,975.41,10.0,23.6,3535.08,Bank Transfer,Returned,2.0,N
5923521,172190,2025-12-08,Toys,Lego,1,386.32,0.0,20.99,407.31,Google Pay,Returned,1.0,
6129394,573761,2024-03-27,Toys,Lego,4,206.29,20.0,9.49,669.62,Bank Transfer,Shipped,4.0,No
7477887,393194,2022-10-07,Pet,Purina,1,376.11,20.0,15.62,316.51,Card,Cancelled,4.0,Y
7177367,602999,2023-06-14,Toys,Lego,2,896.87,15.0,3.43,1528.11,PayPal,Delivered,1.0,
6858001,576202,2026-06-11,Electronics,Apple,2,67.62,,12.75,147.99,Apple Pay,Cancelled,3.0,N
8967423,481855,2022-07-28,Grocery,Nestle,5,118.61,10.0,20.62,554.37,Google Pay,Returned,2.0,No
3115245,877663,2025-11-18,Pet,Purina,4,54.09,0.0,10.06,226.42,Card,Cancelled,1.0,No
7934266,499012,2023-01-01,Pet,Purina,4,645.62,5.0,10.15,2463.51,Card,Returned,,
4044588,955249,2021-07-24,Electronics,Sony,5,323.68,0.0,5.96,1624.36,Bank Transfer,Delivered,4.0,N
9466715,181967,2023-12-22,Clothing,Nike,3,96.04,5.0,20.9,294.61,Google Pay,Returned,4.0,Yes
3350619,707091,2021-03-08,Electronics,Samsung,2,144.78,,1.19,290.75,Google Pay,Processing,4.0,No
1921726,940294,2023-08-04,Clothing,Adidas,1,758.19,,13.48,771.67,Bank Transfer,Shipped,3.0,N
4692262,158825,2021-03-26,Clothing,Zara,2,496.73,,19.71,1013.17,Bank Transfer,Returned,4.0,No
8044604,241118,2023-03-11,Grocery,Nestle,2,911.2,15.0,4.3,1553.34,PayPal,Processing,1.0,No
9546948,151093,2021-08-06,Pet,Purina,2,145.03,,2.43,292.49,PayPal,Processing,3.0,No
2195770,649151,2023-07-07,Toys,Lego,3,523.32,,12.05,1582.01,Apple Pay,Shipped,,Yes
9588101,616080,2023-07-15,Toys,Lego,4,974.08,,13.96,3910.28,Bank Transfer,Shipped,,N
1495750,703564,2022-08-26,Office,HP,2,796.44,20.0,7.81,1282.11,Apple Pay,Processing,2.0,N
6640339,994539,2024-01-17,Electronics,Apple,1,656.98,,12.99,669.97,Card,Delivered,,Yes
1859409,364155,2025-07-01,Clothing,Nike,1,527.76,,21.15,548.91,Google Pay,Returned,5.0,
2796173,922029,2024-11-21,Clothing,Adidas,5,617.6,0.0,14.0,3102.0,Apple Pay,Cancelled,3.0,
9089277,357283,2023-09-18,Beauty,L'Oreal,4,997.33,10.0,15.83,3606.22,Bank Transfer,Shipped,4.0,
6068994,837061,2022-01-23,Sports,Puma,1,608.0,5.0,1.95,579.55,Google Pay,Cancelled,5.0,Y
3914973,701656,2025-04-20,Pet,Purina,5,25.96,15.0,10.56,120.89,Card,Delivered,3.0,N
1209159,882918,2021-10-31,Books,Penguin,5,653.98,0.0,13.31,3283.21,Card,Cancelled,2.0,
1080731,455099,2022-08-03,Grocery,Nestle,4,883.71,20.0,22.8,2850.67,Apple Pay,Delivered,3.0,Y
5038872,479141,2024-03-11,Beauty,Nivea,3,828.72,,19.67,2505.83,PayPal,Processing,2.0,No
5667137,935621,2024-12-04,Electronics,Apple,2,896.72,5.0,13.5,1717.27,Google Pay,Shipped,4.0,Y
5737443,774759,2026-04-24,Beauty,Nivea,2,873.96,5.0,11.88,1672.4,Apple Pay,Processing,4.0,N
8222668,488114,2021-06-18,Sports,Puma,2,350.2,10.0,6.48,636.84,Card,Returned,,Yes
1814094,522130,2021-09-24,Sports,Puma,1,158.52,20.0,6.06,132.88,Card,Returned,1.0,No
2825589,422319,2021-12-10,Electronics,Sony,1,702.68,20.0,10.11,572.25,Apple Pay,Returned,,No
1049843,587138,2025-04-14,Clothing,Zara,3,725.2,,5.11,2180.71,Google Pay,Delivered,2.0,No
9786558,727322,2024-04-01,Clothing,Zara,2,253.98,5.0,11.56,494.12,Card,Processing,5.0,Y
7321743,456989,2023-09-27,Grocery,Nestle,5,976.57,10.0,12.91,4407.48,Card,Returned,3.0,No
3930917,657977,2024-02-05,Electronics,Sony,4,822.29,0.0,15.54,3304.7,PayPal,Shipped,1.0,Yes
8816382,632196,2025-05-30,Sports,Puma,5,368.17,10.0,12.23,1669.0,Apple Pay,Shipped,4.0,No
5271876,275948,2025-07-10,Electronics,Samsung,2,713.34,20.0,13.56,1154.9,Google Pay,Delivered,5.0,Y
7629684,130484,2024-09-28,Grocery,Nestle,2,244.2,5.0,11.45,475.43,Apple Pay,Cancelled,1.0,N
2259651,255561,2023-12-23,Beauty,L'Oreal,1,41.47,,22.15,63.62,Card,Shipped,3.0,Y
7761163,362275,2023-12-15,Clothing,Nike,2,620.96,5.0,15.84,1195.66,Apple Pay,Returned,5.0,N
3116865,820625,2025-04-12,Electronics,Samsung,3,10.48,0.0,17.89,49.33,Google Pay,Processing,3.0,Yes
3964390,331873,2024-08-23,Beauty,L'Oreal,5,748.66,0.0,22.91,3766.21,Card,Returned,4.0,N
5584954,690112,2022-02-04,Beauty,L'Oreal,1,182.71,20.0,15.94,162.11,Card,Returned,4.0,N
7113717,239887,2024-09-14,Electronics,Sony,5,685.97,15.0,14.64,2930.01,Card,Delivered,4.0,No
9083350,218238,2021-02-02,Electronics,Samsung,4,747.42,0.0,2.69,2992.37,Card,Delivered,,Yes
6027741,293567,2024-06-12,Electronics,Apple,3,772.64,,21.44,2339.36,PayPal,Returned,1.0,No
4453386,903549,2022-02-15,Home,Philips,5,253.17,10.0,16.78,1156.04,Apple Pay,Processing,4.0,
4982956,531078,2023-04-07,Beauty,L'Oreal,4,513.79,20.0,4.88,1649.01,PayPal,Delivered,,N
2576873,863321,2023-04-09,Electronics,Samsung,5,193.56,,7.94,975.74,Bank Transfer,Shipped,1.0,No
8175828,749807,2023-07-21,Clothing,Zara,2,988.54,15.0,0.25,1680.77,Google Pay,Cancelled,2.0,Yes
3874551,152538,2025-09-03,Clothing,Nike,2,857.85,,3.01,1718.71,Google Pay,Shipped,2.0,Y
2783020,951158,2023-04-18,Sports,Puma,1,730.61,0.0,4.25,734.86,Card,Cancelled,1.0,N
4645237,204042,2024-05-11,Electronics,Sony,2,865.37,0.0,10.38,1741.12,Apple Pay,Delivered,3.0,Yes
8655872,672216,2025-07-02,Home,IKEA,4,224.67,20.0,17.33,736.27,PayPal,Returned,1.0,
9378088,814412,2022-07-24,Books,Penguin,5,947.92,,15.34,4754.94,Card,Cancelled,4.0,Y
8068641,378637,2023-07-21,Beauty,Nivea,5,262.16,10.0,18.78,1198.5,Bank Transfer,Delivered,2.0,Yes
9446609,849373,2021-12-14,Electronics,Sony,4,778.66,15.0,21.79,2669.23,Card,Shipped,1.0,N
2550010,212132,2025-06-22,Electronics,Apple,3,787.17,0.0,0.48,2361.99,Google Pay,Returned,3.0,Y
1185672,314270,2021-11-11,Electronics,Samsung,5,266.35,0.0,18.51,1350.26,Bank Transfer,Delivered,3.0,N
2246683,374409,2022-06-30,Clothing,Nike,1,52.51,,1.48,53.99,Apple Pay,Returned,4.0,Y
9956425,170016,2024-03-20,Clothing,Nike,2,838.98,0.0,24.85,1702.81,Card,Cancelled,2.0,N
6205686,762847,2026-06-02,Electronics,Apple,4,302.76,,0.48,1211.52,Apple Pay,Delivered,2.0,
2605822,698963,2022-07-10,Clothing,Adidas,1,346.01,20.0,10.98,287.79,Card,Processing,1.0,Y
8712333,651946,2026-02-06,Home,IKEA,2,685.55,10.0,17.11,1251.1,Google Pay,Processing,2.0,N
7755343,772170,2026-05-19,Clothing,Adidas,2,549.83,15.0,11.91,946.62,Bank Transfer,Returned,2.0,No
2501450,182309,2024-10-09,Sports,Wilson,2,84.91,5.0,5.27,166.6,Card,Shipped,,
6852321,996690,2023-02-23,Clothing,Nike,1,549.33,10.0,9.69,504.09,PayPal,Delivered,2.0,
5656972,176348,2025-08-18,Home,IKEA,3,369.5,,10.98,1119.48,Bank Transfer,Shipped,,Yes
1196829,932791,2023-03-18,Beauty,Nivea,5,737.63,0.0,17.78,3705.93,Apple Pay,Cancelled,5.0,No
2396056,991947,2023-04-27,Office,HP,2,328.92,0.0,18.58,676.42,Google Pay,Shipped,2.0,N
6108795,327940,2022-02-23,Beauty,L'Oreal,1,165.52,0.0,12.02,177.54,Google Pay,Cancelled,4.0,Y
5171917,774484,2025-09-12,Books,Penguin,5,316.35,5.0,4.15,1506.81,Card,Returned,,
6264743,978983,2021-01-31,Sports,Puma,5,660.46,15.0,18.19,2825.14,Card,Shipped,4.0,N
5178763,281788,2022-08-12,Books,Penguin,2,864.77,,10.78,1740.32,Card,Shipped,2.0,No
9000551,636321,2023-12-19,Clothing,Zara,2,733.06,0.0,20.35,1486.47,Bank Transfer,Cancelled,4.0,No
7462825,553079,2022-09-13,Clothing,Nike,1,238.46,10.0,13.26,227.87,Google Pay,Delivered,5.0,Y
9198009,122910,2024-12-16,Clothing,Adidas,3,763.74,5.0,17.99,2194.65,PayPal,Processing,4.0,Yes
3306220,719036,2022-09-05,Beauty,L'Oreal,2,317.64,5.0,11.55,615.07,Card,Returned,3.0,
5085387,485985,2021-04-21,Home,IKEA,5,754.29,10.0,11.92,,Google Pay,Cancelled,1.0,Y
9031717,988804,2022-11-19,Home,Philips,3,120.65,10.0,12.6,338.36,Bank Transfer,Returned,,N
8415696,610313,2025-05-26,Home,Philips,4,569.66,10.0,23.4,2074.18,Google Pay,Processing,5.0,Yes
2730565,844780,2024-01-29,Pet,Purina,1,480.79,,1.98,482.77,Apple Pay,Cancelled,4.0,No
9797861,946674,2024-07-21,Grocery,Nestle,2,580.73,0.0,15.79,1177.25,Card,Cancelled,4.0,N
8134698,397535,2023-08-25,Home,Philips,4,418.44,10.0,23.06,1529.44,Google Pay,Returned,3.0,
5101152,330618,2022-04-29,Electronics,Sony,4,240.76,15.0,19.7,838.28,Apple Pay,Delivered,,Yes
2149853,310119,2021-05-24,Grocery,Nestle,1,357.97,15.0,12.79,317.06,Apple Pay,Returned,3.0,
6884262,727130,2023-07-12,Home,IKEA,4,287.45,5.0,17.0,1109.31,Apple Pay,Processing,4.0,Yes
1689381,617593,2021-07-23,Sports,Wilson,2,732.21,10.0,15.74,1333.72,Card,Delivered,,No
5379670,346647,2022-12-19,Books,Penguin,2,907.95,0.0,4.47,1820.37,Google Pay,Cancelled,5.0,N
8734624,546110,2022-03-10,Grocery,Nestle,5,165.32,10.0,12.51,756.45,Card,Shipped,4.0,Y
3958190,574159,2022-10-08,Books,Penguin,4,38.83,10.0,18.0,157.79,Apple Pay,Delivered,2.0,Y
5931383,808418,2022-05-13,Home,Philips,2,758.76,20.0,22.87,1236.89,Card,Delivered,5.0,Y
9737171,484995,2026-06-02,Home,IKEA,5,646.65,0.0,23.44,3256.69,Card,Delivered,3.0,Y
6522828,670924,2023-08-18,Beauty,Nivea,5,38.27,,3.45,194.8,Google Pay,Shipped,4.0,No
9578656,297997,2023-08-31,Clothing,Zara,4,54.82,10.0,11.58,208.93,Google Pay,Cancelled,4.0,Yes
4428610,936932,2024-05-05,Electronics,Apple,3,776.29,,24.55,2353.42,Apple Pay,Cancelled,2.0,No
9323850,605579,2023-10-30,Toys,Lego,3,179.23,15.0,11.31,468.35,Bank Transfer,Delivered,3.0,
3211247,861075,2025-02-10,Clothing,Nike,5,164.8,,6.19,830.19,PayPal,Processing,3.0,
7747734,176224,2021-05-04,Home,IKEA,5,226.59,,22.0,1154.95,PayPal,Processing,3.0,No
6128293,953574,2025-08-01,Beauty,L'Oreal,5,684.39,20.0,11.2,2748.76,Bank Transfer,Processing,5.0,N
8948513,981644,2023-10-30,Home,Philips,4,506.74,0.0,15.71,2042.67,Apple Pay,Returned,1.0,Yes
5972402,369023,2023-08-15,Home,IKEA,4,958.78,10.0,17.01,3468.62,Card,Cancelled,,Yes
3466692,527095,2026-01-21,Beauty,L'Oreal,2,43.5,10.0,2.07,80.37,Google Pay,Returned,,Yes
9546360,311145,2021-12-03,Toys,Lego,4,62.6,,22.39,272.79,Google Pay,Shipped,2.0,No
7275956,108682,2024-07-15,Office,HP,3,961.73,5.0,23.59,2764.52,Card,Returned,2.0,N
6891010,883058,2023-02-25,Electronics,Samsung,4,105.17,,12.76,433.44,Google Pay,Returned,4.0,Y
8974813,657830,2022-03-24,Electronics,Sony,2,816.9,5.0,14.86,1566.97,PayPal,Shipped,,N
3514873,907752,2022-08-21,Books,Penguin,2,924.26,5.0,5.49,1761.58,Bank Transfer,Processing,,N
8437102,499210,2026-03-11,Clothing,Nike,1,714.04,15.0,11.15,618.08,Google Pay,Returned,1.0,No
4856625,639265,2024-08-21,Sports,Wilson,5,572.16,15.0,3.56,2435.24,Google Pay,Cancelled,2.0,Yes
3058840,610736,2024-03-01,Electronics,Apple,3,187.59,15.0,4.81,483.16,Card,Cancelled,2.0,Y
1479269,180124,2024-10-16,Beauty,Nivea,2,641.77,20.0,17.81,1044.64,Google Pay,Returned,1.0,No
9686110,523355,2022-09-28,Electronics,Apple,5,834.5,,11.57,4184.07,Apple Pay,Cancelled,1.0,
4114624,745759,2023-08-28,Beauty,Nivea,4,703.9,5.0,3.25,2678.07,Bank Transfer,Shipped,2.0,
8812609,634845,2022-09-13,Books,Penguin,2,393.67,,7.57,794.91,Bank Transfer,Cancelled,3.0,Y
7407516,934909,2021-05-29,Beauty,L'Oreal,3,874.48,20.0,22.89,2121.64,Google Pay,Shipped,1.0,
3008337,706371,2021-07-05,Clothing,Zara,1,659.98,5.0,8.35,635.33,Card,Cancelled,1.0,No
2105967,712995,2022-01-11,Sports,Puma,3,515.11,0.0,18.74,1564.07,PayPal,Cancelled,2.0,No
1328138,546270,2024-03-21,Sports,Wilson,4,209.09,10.0,5.05,757.77,PayPal,Cancelled,2.0,No
1838202,142067,2025-06-07,Toys,Lego,4,719.07,20.0,10.63,2311.65,Card,Cancelled,2.0,
2342585,468916,2021-11-03,Beauty,Nivea,2,706.6,,9.1,1422.3,Card,Returned,,Y
6010228,992486,2025-06-05,Clothing,Zara,2,699.81,10.0,17.51,1277.17,PayPal,Delivered,4.0,Y
8899466,580723,2025-05-23,Home,Philips,4,417.92,15.0,23.38,1444.31,Bank Transfer,Delivered,2.0,Y
4526105,106712,2022-12-03,Home,Philips,1,273.02,0.0,7.55,280.57,Card,Shipped,,N
1583469,298978,2024-06-04,Home,Philips,2,346.06,20.0,12.85,566.55,Google Pay,Shipped,,
1118027,413895,2021-08-11,Books,Penguin,3,993.24,10.0,23.39,2705.14,Apple Pay,Shipped,1.0,Yes
2666695,829804,2022-10-30,Home,Philips,1,358.07,0.0,22.86,380.93,Card,Delivered,4.0,
9944223,824916,2026-06-18,Home,IKEA,4,827.51,5.0,8.9,3153.44,Card,Returned,5.0,No
9553757,773268,2025-03-19,Beauty,L'Oreal,2,713.7,15.0,5.62,1218.91,PayPal,Delivered,3.0,Yes
6985645,105774,2022-01-12,Home,IKEA,2,263.7,15.0,22.63,470.92,Google Pay,Delivered,2.0,
9733071,667041,2023-05-29,Books,Penguin,5,882.32,,22.18,4433.78,Bank Transfer,Processing,,No
2862114,225875,2026-04-15,Grocery,Nestle,2,705.2,5.0,14.28,1354.16,Apple Pay,Shipped,4.0,
6840342,961787,2026-02-09,Electronics,Samsung,5,815.74,10.0,15.28,,Apple Pay,Cancelled,4.0,Y
3070558,417355,2024-01-06,Home,IKEA,2,870.01,,6.65,1746.67,Card,Delivered,4.0,N
2742782,637386,2023-05-24,Sports,Puma,5,384.4,0.0,19.73,1941.73,Google Pay,Returned,,N
8430811,883139,2023-02-28,Toys,Lego,5,565.7,20.0,4.4,2267.2,Apple Pay,Delivered,4.0,No
9372915,430880,2023-10-31,Clothing,Zara,4,41.38,0.0,5.16,170.68,PayPal,Delivered,5.0,No
3535979,914291,2024-04-04,Electronics,Sony,1,357.25,0.0,18.91,376.16,Bank Transfer,Shipped,2.0,N
4396237,669406,2022-05-21,Beauty,Nivea,3,536.29,20.0,21.9,1309.0,Bank Transfer,Delivered,,N
6207506,776381,2021-11-05,Clothing,Adidas,4,219.35,10.0,16.11,805.77,Apple Pay,Processing,3.0,No
6676334,699752,2025-08-16,Clothing,Nike,3,711.86,20.0,20.29,1728.75,Apple Pay,Processing,5.0,N
8329601,678160,2025-06-14,Office,HP,4,46.19,5.0,7.47,182.99,Card,Cancelled,3.0,
8073960,396229,2023-11-13,Electronics,Sony,5,27.57,20.0,12.05,122.33,Card,Cancelled,,No
3644839,651160,2021-07-27,Pet,Purina,5,921.54,5.0,13.11,4390.42,Bank Transfer,Cancelled,1.0,
8642108,531422,2022-11-09,Sports,Wilson,2,47.45,0.0,11.29,106.19,Card,Shipped,2.0,Y
5465938,668370,2021-04-25,Beauty,Nivea,5,53.0,15.0,12.65,237.9,Card,Shipped,,N
8240530,958330,2023-01-13,Home,Philips,3,799.0,15.0,13.8,2051.25,Card,Processing,,N
2069504,643020,2021-12-26,Office,HP,3,552.48,15.0,23.46,1432.28,Card,Shipped,5.0,Y
6127354,528134,2022-04-14,Home,IKEA,1,138.06,0.0,4.87,142.93,Bank Transfer,Shipped,1.0,Y
2510423,732049,2023-07-27,Home,IKEA,2,298.6,,12.46,609.66,Google Pay,Shipped,4.0,
2019723,760566,2025-11-25,Clothing,Zara,1,229.25,0.0,14.21,243.46,Bank Transfer,Cancelled,2.0,N
4623980,709285,2021-07-15,Electronics,Sony,3,693.52,,24.78,2105.34,Google Pay,Processing,1.0,Y
2364060,422709,2023-04-04,Electronics,Apple,3,349.17,,21.93,1069.44,Card,Shipped,5.0,No
6596086,574503,2026-01-18,Clothing,Nike,1,253.09,,9.79,262.88,Bank Transfer,Processing,5.0,Y
5374314,416575,2022-03-19,Sports,Puma,2,892.38,10.0,18.21,1624.49,Google Pay,Delivered,5.0,Yes
1579338,237304,2024-02-29,Sports,Wilson,1,999.56,10.0,15.65,915.25,Bank Transfer,Processing,5.0,
3029974,630912,2022-07-03,Clothing,Adidas,4,113.98,15.0,21.94,409.47,Card,Cancelled,4.0,
4432353,565759,2022-08-26,Clothing,Adidas,2,267.5,0.0,3.94,538.94,Apple Pay,Cancelled,4.0,
4567973,714746,2025-09-26,Home,Philips,2,801.91,10.0,14.26,1457.7,Apple Pay,Returned,4.0,N
8059025,247143,2025-04-27,Beauty,Nivea,2,200.11,,14.18,414.4,PayPal,Delivered,2.0,N
4843605,676710,2026-01-01,Electronics,Sony,3,923.35,15.0,5.8,2360.34,Apple Pay,Returned,4.0,N
7655407,910034,2021-05-02,Clothing,Zara,2,675.43,10.0,10.97,1226.74,PayPal,Processing,1.0,
4865605,270887,2022-03-16,Books,Penguin,5,558.07,5.0,6.08,2656.91,Google Pay,Processing,2.0,
8439903,365021,2024-03-30,Clothing,Adidas,2,538.61,0.0,18.16,1095.38,Google Pay,Delivered,,Y
6393350,767591,2024-05-12,Electronics,Apple,4,282.7,,21.6,1152.4,PayPal,Returned,4.0,Yes
8432435,110072,2025-05-14,Electronics,Apple,3,389.26,10.0,0.95,1051.95,PayPal,Cancelled,4.0,No
1237558,544782,2023-10-31,Sports,Wilson,5,308.21,,19.58,1560.63,Bank Transfer,Cancelled,3.0,No
5743009,871893,2026-01-05,Books,Penguin,4,577.67,15.0,19.94,1984.02,Apple Pay,Processing,3.0,N
5514743,793683,2022-12-30,Electronics,Samsung,3,11.02,15.0,13.8,41.9,Bank Transfer,Shipped,,Yes
9216850,693398,2024-11-20,Books,Penguin,3,664.19,0.0,3.69,1996.26,Card,Processing,4.0,No
1359421,138010,2025-05-28,Electronics,Samsung,1,652.54,5.0,4.16,624.07,Apple Pay,Returned,2.0,
7692623,486256,2024-07-18,Home,Philips,3,87.3,5.0,23.16,271.96,Google Pay,Processing,2.0,N
3802977,541312,2024-10-28,Electronics,Apple,2,230.42,,12.05,472.89,Bank Transfer,Cancelled,,No
4227865,521673,2024-02-22,Books,Penguin,5,394.98,,20.89,1995.79,PayPal,Returned,2.0,N
4962387,395231,2021-03-22,Beauty,L'Oreal,1,530.34,,6.94,537.28,Bank Transfer,Cancelled,,Yes
1770900,791003,2025-09-19,Electronics,Samsung,1,500.9,,20.32,521.22,PayPal,Cancelled,1.0,Y
8117348,887494,2024-07-06,Home,IKEA,2,735.31,20.0,1.03,1177.53,Apple Pay,Shipped,,N
2858371,802206,2024-12-16,Electronics,Apple,1,688.79,10.0,21.81,641.72,PayPal,Cancelled,1.0,Yes
8305241,119221,2025-08-04,Clothing,Nike,2,843.43,0.0,5.26,1692.12,Card,Returned,3.0,
4673508,194871,2025-03-13,Clothing,Adidas,4,628.1,20.0,2.73,2012.65,Bank Transfer,Cancelled,3.0,No
2224493,194404,2025-02-16,Electronics,Sony,2,817.57,10.0,5.7,1477.33,Google Pay,Cancelled,,
6211329,987455,2021-04-13,Electronics,Sony,5,874.82,20.0,4.67,3503.95,Apple Pay,Shipped,3.0,Y
3600268,105052,2024-01-13,Home,Philips,1,106.5,,15.87,122.37,PayPal,Processing,2.0,Y
8673734,502041,2024-02-04,Home,Philips,5,587.25,10.0,5.1,2647.72,Card,Shipped,4.0,
1046167,381936,2025-04-27,Home,Philips,3,617.37,,9.43,1861.54,Card,Cancelled,,Y
3166106,586921,2026-06-11,Books,Penguin,3,20.04,,24.18,84.3,Bank Transfer,Delivered,1.0,No
5319140,385168,2024-08-26,Home,Philips,2,283.13,0.0,19.52,585.78,Card,Processing,5.0,Yes
5901052,934569,2021-02-14,Electronics,Sony,1,921.44,20.0,6.6,743.75,Card,Cancelled,4.0,No
6963848,919503,2025-02-23,Beauty,Nivea,3,721.88,10.0,20.31,1969.39,Apple Pay,Processing,3.0,Y
7516811,490734,2023-02-05,Sports,Puma,2,219.17,,17.41,455.75,Apple Pay,Cancelled,2.0,No
1249612,766723,2022-11-14,Clothing,Nike,5,636.2,0.0,0.66,3181.66,Apple Pay,Delivered,5.0,No
8986992,885764,2022-10-20,Pet,Purina,3,481.38,0.0,11.93,1456.07,Apple Pay,Returned,,Yes
2324318,993654,2023-09-01,Books,Penguin,2,705.47,10.0,14.52,1284.37,Apple Pay,Shipped,2.0,N
2167630,604805,2024-03-11,Home,Philips,5,225.51,5.0,10.91,1082.08,Google Pay,Returned,3.0,No
2399180,905972,2021-11-18,Toys,Lego,2,977.12,10.0,5.2,1764.02,Bank Transfer,Returned,2.0,
3098535,452889,2022-05-12,Sports,Wilson,4,221.62,5.0,24.9,867.06,Google Pay,Cancelled,4.0,Y
6795281,507328,2024-07-02,Grocery,Nestle,4,901.44,,0.92,3606.68,Google Pay,Returned,4.0,Y
1828434,578306,2025-02-22,Home,IKEA,3,705.69,10.0,2.97,1908.33,Card,Processing,,N
5157444,942562,2024-12-09,Electronics,Sony,5,878.33,5.0,8.54,4180.61,PayPal,Processing,5.0,Y
2147786,222169,2022-04-27,Electronics,Apple,4,513.22,10.0,18.3,1865.89,Card,Returned,1.0,No
1388249,607221,2022-11-03,Clothing,Zara,3,32.14,20.0,18.04,95.18,Apple Pay,Processing,5.0,Yes
7817038,471716,2023-02-03,Pet,Purina,5,746.38,,11.6,3743.5,Google Pay,Cancelled,2.0,
6008164,251723,2021-09-19,Home,Philips,4,68.97,20.0,11.41,232.11,Card,Processing,4.0,
7392839,535362,2021-04-24,Clothing,Zara,1,377.86,15.0,5.36,326.54,PayPal,Shipped,,No
1813067,255462,2026-05-21,Clothing,Zara,1,695.4,10.0,6.69,632.55,Google Pay,Returned,5.0,N
6811435,119045,2022-02-25,Home,Philips,4,73.39,,3.49,297.05,Apple Pay,Shipped,1.0,Yes
9794454,280432,2023-10-10,Grocery,Nestle,3,451.35,0.0,19.44,1373.49,Card,Processing,2.0,N
8926946,953596,2023-01-27,Beauty,Nivea,3,900.37,15.0,16.47,2312.41,Card,Delivered,5.0,Y
4347878,372874,2026-04-09,Electronics,Sony,1,324.61,0.0,6.16,330.77,Apple Pay,Delivered,,No
8170321,485630,2023-09-04,Beauty,L'Oreal,1,711.72,0.0,22.32,734.04,Card,Delivered,3.0,Y
8702060,999556,2022-10-25,Electronics,Samsung,1,509.97,0.0,16.29,526.26,PayPal,Shipped,1.0,N
2438450,233293,2024-02-10,Toys,Lego,2,496.67,,15.09,1008.43,Apple Pay,Processing,5.0,N
8114606,718216,2021-10-22,Beauty,Nivea,2,813.17,15.0,4.16,1386.55,Bank Transfer,Returned,2.0,
3688432,924345,2023-09-07,Clothing,Nike,2,99.14,5.0,11.13,199.5,PayPal,Shipped,2.0,Yes
4580435,401093,2026-02-06,Clothing,Nike,1,451.37,15.0,14.11,397.77,Card,Delivered,,
2282447,532968,2021-11-30,Home,Philips,5,521.14,10.0,0.13,2345.26,PayPal,Processing,4.0,N
2984942,370449,2021-05-16,Clothing,Zara,1,287.25,15.0,20.28,264.44,Bank Transfer,Cancelled,3.0,No
8760892,638746,2024-08-18,Clothing,Adidas,2,898.66,20.0,24.31,1462.17,Bank Transfer,Returned,4.0,N
4985145,401231,2022-04-17,Electronics,Apple,3,160.11,15.0,21.9,430.18,Card,Returned,4.0,N
3194953,875442,2026-04-25,Clothing,Zara,1,265.76,10.0,8.69,247.87,PayPal,Returned,5.0,Y
5736350,541192,2021-06-18,Clothing,Zara,2,917.65,5.0,15.26,1758.79,Card,Cancelled,5.0,No
4497168,824902,2023-02-15,Electronics,Apple,4,554.26,15.0,2.54,,PayPal,Cancelled,1.0,
7324448,386969,2025-07-02,Clothing,Adidas,1,653.88,,4.63,658.51,Google Pay,Delivered,5.0,
3262707,554560,2022-04-04,Beauty,Nivea,2,673.83,5.0,6.2,1286.48,Apple Pay,Delivered,4.0,Yes
6930089,452220,2024-12-05,Home,Philips,4,87.67,15.0,11.57,309.65,Card,Returned,,Yes
6861237,914741,2026-04-19,Sports,Wilson,3,569.25,10.0,12.82,1549.8,PayPal,Delivered,5.0,Y
9576403,609392,2026-05-14,Grocery,Nestle,4,985.76,20.0,1.97,3156.4,Google Pay,Shipped,5.0,N
6958661,325930,2022-07-22,Home,IKEA,5,361.05,,5.56,1810.81,Card,Cancelled,,Yes
4860228,850219,2022-05-07,Clothing,Adidas,3,387.64,5.0,20.18,1124.95,PayPal,Delivered,3.0,Yes
2810676,969920,2021-01-10,Toys,Lego,4,94.99,5.0,6.68,367.64,Google Pay,Cancelled,3.0,N
7510657,615245,2025-09-26,Electronics,Apple,3,408.43,10.0,23.46,1126.22,Card,Shipped,5.0,Yes
3948056,521427,2021-12-21,Sports,Puma,3,713.04,,11.24,2150.36,Card,Shipped,1.0,Yes
1305452,850969,2026-02-03,Clothing,Nike,2,268.76,0.0,14.48,552.0,Bank Transfer,Returned,,N
4982634,545773,2025-08-24,Home,IKEA,4,514.96,5.0,19.78,1976.63,Card,Returned,2.0,No
7371302,195815,2022-05-28,Pet,Purina,5,428.62,10.0,17.98,1946.77,Apple Pay,Processing,2.0,
5621432,167571,2022-12-26,Electronics,Sony,5,942.81,,12.74,4726.79,Card,Shipped,3.0,
4937292,235759,2026-01-31,Electronics,Samsung,3,42.16,15.0,7.83,115.34,Google Pay,Processing,2.0,Yes
7921991,316153,2025-02-28,Home,IKEA,3,413.42,20.0,6.16,998.37,Bank Transfer,Processing,1.0,
4628895,256870,2025-08-17,Home,Philips,5,788.93,10.0,24.58,3574.76,Google Pay,Returned,1.0,No
1733899,340363,2022-01-28,Sports,Wilson,3,815.63,20.0,22.28,1979.79,Bank Transfer,Cancelled,4.0,N
7008597,865633,2026-02-02,Home,Philips,5,20.69,15.0,24.57,112.5,Card,Shipped,,N
3415951,127405,2024-05-07,Electronics,Apple,1,955.36,20.0,2.14,766.43,Card,Processing,1.0,
9207467,208281,2023-01-01,Grocery,Nestle,4,479.84,0.0,9.77,1929.13,PayPal,Returned,4.0,
6990526,365524,2026-04-02,Beauty,L'Oreal,1,359.97,15.0,22.66,328.63,PayPal,Processing,2.0,Y
7521484,263276,2021-01-03,Electronics,Samsung,5,792.4,10.0,14.86,3580.66,Apple Pay,Delivered,4.0,Y
6953519,603093,2023-11-14,Home,Philips,5,426.16,10.0,24.83,1942.55,Bank Transfer,Processing,5.0,Y
2516963,912335,2023-04-04,Books,Penguin,2,246.42,,12.92,505.76,Card,Processing,,Y
8456068,203759,2025-02-19,Electronics,Samsung,4,117.42,15.0,7.77,407.0,Apple Pay,Processing,2.0,
1482605,518518,2022-09-19,Clothing,Nike,1,298.54,5.0,1.03,284.64,Bank Transfer,Shipped,4.0,Yes
5182808,781218,2023-04-22,Sports,Puma,5,56.5,,13.97,296.47,Bank Transfer,Processing,4.0,
4246378,858650,2026-03-10,Clothing,Zara,4,937.58,5.0,20.17,3582.97,Card,Returned,3.0,Yes
2847932,296539,2024-08-29,Home,Philips,1,596.74,,12.95,609.69,PayPal,Cancelled,,Yes
4314110,974892,2022-02-01,Sports,Puma,3,262.19,20.0,0.95,630.21,Google Pay,Delivered,3.0,Y
7354564,103141,2023-02-20,Home,Philips,5,188.71,,17.94,961.49,Card,Cancelled,1.0,Yes
6572734,193493,2024-09-20,Beauty,Nivea,3,189.75,15.0,16.75,500.61,Bank Transfer,Delivered,5.0,No
1821706,548461,2021-03-02,Home,Philips,1,429.83,20.0,20.55,364.41,Bank Transfer,Returned,5.0,Yes
2481208,741615,2021-08-09,Books,Penguin,5,935.83,0.0,5.71,4684.86,Card,Processing,3.0,
1924649,153343,2024-01-29,Electronics,Samsung,5,609.13,15.0,16.06,2604.86,Apple Pay,Returned,,N
8948688,676293,2025-04-15,Books,Penguin,1,147.71,20.0,14.37,132.54,Google Pay,Shipped,3.0,No
3442299,328880,2021-10-26,Clothing,Adidas,2,724.25,0.0,7.11,1455.61,Google Pay,Cancelled,2.0,No
5065980,660449,2025-06-13,Books,Penguin,4,384.89,,14.96,1554.52,PayPal,Cancelled,,
6419968,542372,2024-05-01,Beauty,Nivea,3,504.19,0.0,14.94,1527.51,PayPal,Cancelled,5.0,N
9449113,463543,2021-04-02,Books,Penguin,1,554.64,20.0,1.0,444.71,PayPal,Shipped,5.0,Y
9618215,149319,2026-05-22,Beauty,Nivea,2,368.47,20.0,12.02,601.57,PayPal,Cancelled,2.0,Y
7254100,783241,2022-04-05,Sports,Wilson,3,671.4,5.0,17.12,1930.61,Bank Transfer,Cancelled,5.0,N
5804464,208181,2022-08-31,Sports,Wilson,1,813.59,,6.13,819.72,Bank Transfer,Delivered,2.0,
9985655,870200,2024-07-24,Beauty,Nivea,5,647.91,,10.66,3250.21,Apple Pay,Delivered,3.0,No
8708789,679688,2025-08-03,Grocery,Nestle,4,604.84,10.0,5.0,2182.42,Google Pay,Processing,3.0,
9334865,812054,2023-05-25,Toys,Lego,3,18.72,0.0,23.13,79.29,Card,Returned,4.0,Yes
4623388,540013,2024-04-13,Electronics,Apple,1,316.47,0.0,9.23,325.7,Bank Transfer,Delivered,4.0,No
8351155,975465,2024-04-13,Books,Penguin,2,834.01,15.0,5.98,1423.8,Google Pay,Cancelled,2.0,Y
1669451,804272,2026-03-09,Electronics,Samsung,4,672.35,10.0,11.94,2432.4,Card,Returned,2.0,
5135353,877121,2024-12-07,Clothing,Nike,2,623.04,15.0,9.13,1068.3,Card,Shipped,,Yes
1245360,224410,2024-11-22,Pet,Purina,3,549.77,20.0,7.31,1326.76,Card,Processing,,Yes
8552884,378223,2024-02-08,Beauty,L'Oreal,5,73.61,15.0,11.84,324.68,Apple Pay,Delivered,2.0,Yes
6143968,817807,2021-05-23,Electronics,Samsung,3,233.66,,7.7,708.68,PayPal,Cancelled,4.0,Y
8021993,392294,2022-03-11,Clothing,Nike,5,647.73,10.0,12.14,2926.93,Card,Returned,5.0,Yes
4135118,287738,2026-02-01,Electronics,Samsung,4,594.92,,24.95,2404.63,Card,Delivered,,N
6052044,603015,2025-06-22,Beauty,Nivea,3,891.02,0.0,19.41,2692.47,PayPal,Shipped,3.0,Yes
9575139,944230,2023-09-05,Electronics,Samsung,1,323.33,10.0,10.39,301.39,Card,Processing,4.0,
4069507,931817,2022-09-15,Clothing,Adidas,4,663.94,,16.17,2671.93,Apple Pay,Shipped,4.0,Yes
3936244,838368,2021-07-26,Beauty,L'Oreal,4,754.53,5.0,6.33,2873.54,Apple Pay,Cancelled,3.0,No
9981421,999518,2024-08-29,Electronics,Sony,4,757.25,0.0,8.05,3037.05,Apple Pay,Processing,4.0,Yes
5737381,149990,2022-06-08,Clothing,Nike,3,144.34,10.0,21.94,411.66,Google Pay,Returned,5.0,No
4982761,924624,2026-03-18,Beauty,L'Oreal,4,318.26,10.0,21.94,1167.68,Apple Pay,Delivered,1.0,
9325143,324625,2026-01-21,Clothing,Adidas,1,933.5,,23.3,956.8,Card,Processing,5.0,No
3240471,809683,2025-02-08,Books,Penguin,5,355.82,15.0,9.84,1522.07,Card,Shipped,,Y
6953586,775567,2022-05-15,Clothing,Nike,1,753.4,20.0,6.22,608.94,Card,Delivered,5.0,Y
5432979,191428,2023-12-18,Electronics,Samsung,2,513.06,10.0,6.42,929.93,PayPal,Shipped,,Yes
1596547,508647,2023-02-10,Office,HP,4,696.12,0.0,24.43,2808.91,Google Pay,Returned,4.0,Yes
9172674,229801,2026-04-22,Electronics,Samsung,5,828.06,15.0,5.48,3524.73,Card,Processing,5.0,N
8415989,801184,2021-12-10,Toys,Lego,2,591.69,15.0,8.39,1014.26,Card,Returned,5.0,Y
8219142,569020,2023-12-29,Clothing,Nike,1,586.51,20.0,7.1,476.31,Google Pay,Delivered,3.0,Yes
6986141,408541,2025-11-05,Electronics,Sony,5,268.59,5.0,23.41,1299.21,Card,Shipped,1.0,No
9778070,815086,2025-11-12,Electronics,Apple,1,752.4,0.0,14.47,766.87,PayPal,Shipped,3.0,N
2086118,632486,2025-08-08,Electronics,Sony,1,295.54,20.0,19.73,256.16,PayPal,Delivered,1.0,Yes
7426927,622150,2022-01-16,Sports,Puma,3,725.33,,24.64,2200.63,PayPal,Processing,3.0,N
9957719,512177,2024-12-20,Beauty,Nivea,1,740.54,10.0,6.43,672.92,Bank Transfer,Processing,2.0,
8785490,221799,2022-07-09,Clothing,Adidas,1,784.89,0.0,23.73,808.62,Card,Returned,3.0,Y
7572568,735553,2024-05-13,Electronics,Sony,1,126.65,15.0,10.32,117.97,Apple Pay,Cancelled,2.0,No
4174540,995354,2021-05-02,Sports,Puma,3,573.21,0.0,13.19,1732.82,Card,Shipped,,
1958312,602467,2021-06-08,Sports,Wilson,5,369.63,,21.93,1870.08,Card,Delivered,4.0,No
6188100,210970,2023-09-24,Beauty,L'Oreal,1,620.69,0.0,4.22,624.91,Card,Delivered,1.0,Y
4854740,256377,2021-08-05,Clothing,Nike,5,192.7,0.0,15.68,979.18,Card,Cancelled,,
9471819,505132,2024-11-10,Home,IKEA,4,930.62,,18.11,3740.59,Apple Pay,Cancelled,2.0,No
1211370,743443,2024-11-28,Sports,Puma,1,179.01,15.0,7.56,159.72,Card,Processing,1.0,N
4486218,836507,2026-01-08,Sports,Puma,3,922.12,0.0,15.23,2781.59,Card,Delivered,3.0,Yes
3731434,310973,2021-12-10,Clothing,Nike,3,594.6,,5.02,1788.82,Card,Shipped,,
4673998,275241,2022-03-21,Electronics,Apple,5,941.26,0.0,7.03,4713.33,PayPal,Processing,1.0,Yes
8619356,646038,2021-07-14,Home,Philips,3,881.59,10.0,23.36,2403.65,Card,Shipped,,Y
3747779,370123,2021-05-30,Sports,Wilson,3,984.89,5.0,23.81,2830.75,Google Pay,Delivered,1.0,Yes
4436216,536840,2026-05-17,Books,Penguin,2,895.13,10.0,18.59,1629.82,Card,Shipped,1.0,Yes
2524331,879277,2023-07-05,Sports,Wilson,3,450.32,,7.42,1358.38,Apple Pay,Shipped,,Y
2874283,662787,2023-08-31,Electronics,Sony,3,416.97,10.0,21.59,1147.41,PayPal,Returned,4.0,No
1309262,402611,2024-04-10,Clothing,Adidas,1,709.78,20.0,7.62,575.44,Card,Cancelled,3.0,
2247610,616399,2025-01-26,Pet,Purina,1,273.34,20.0,7.85,226.52,Google Pay,Delivered,,Y
3229024,764443,2026-02-10,Clothing,Nike,1,10.76,15.0,24.95,34.1,Bank Transfer,Shipped,4.0,
5600579,949558,2024-11-20,Clothing,Zara,5,614.51,0.0,8.22,3080.77,Card,Cancelled,2.0,No
7410913,671259,2026-04-16,Toys,Lego,2,990.29,20.0,0.88,1585.34,Google Pay,Shipped,2.0,
1086366,325050,2022-11-15,Beauty,L'Oreal,5,564.19,10.0,7.25,2546.11,Card,Returned,4.0,N
5886731,927024,2023-05-30,Clothing,Zara,2,616.5,15.0,8.05,1056.1,Google Pay,Processing,5.0,No
4702726,896563,2024-05-07,Sports,Wilson,3,394.32,10.0,18.11,1082.77,Card,Delivered,5.0,Y
5739416,753846,2021-05-07,Home,Philips,4,510.68,10.0,4.88,1843.33,Bank Transfer,Delivered,3.0,No
8923689,453463,2024-05-14,Clothing,Nike,3,774.69,,19.92,2343.99,PayPal,Delivered,5.0,
2450561,609581,2025-05-07,Beauty,Nivea,2,89.83,5.0,21.52,192.2,Google Pay,Returned,4.0,
2218421,207855,2024-10-18,Electronics,Samsung,4,758.28,20.0,18.06,2444.56,Google Pay,Cancelled,3.0,
9937431,108977,2023-07-01,Electronics,Samsung,3,602.6,5.0,5.02,1722.43,Card,Cancelled,1.0,
9551754,894585,2021-08-28,Home,Philips,1,954.66,15.0,11.04,822.5,Card,Returned,3.0,Y
7585855,864708,2024-05-30,Home,IKEA,1,508.71,10.0,7.37,465.21,PayPal,Delivered,3.0,N
4356673,789210,2025-04-12,Electronics,Apple,5,982.63,0.0,20.69,4933.84,Card,Delivered,1.0,No
1445348,463728,2026-02-20,Clothing,Adidas,5,442.74,0.0,0.8,2214.5,PayPal,Delivered,4.0,N
6917914,843231,2025-10-24,Clothing,Adidas,4,976.7,10.0,5.07,3521.19,Google Pay,Delivered,2.0,N
4613881,380529,2025-07-09,Beauty,Nivea,5,947.46,10.0,10.95,4274.52,Card,Delivered,5.0,Y
2713880,159180,2022-09-27,Electronics,Sony,4,786.46,15.0,17.34,2691.3,Card,Shipped,4.0,Y
4137385,666793,2022-01-11,Home,Philips,2,227.16,5.0,1.34,432.94,PayPal,Returned,,Y
3201693,755833,2025-02-10,Electronics,Samsung,2,377.68,10.0,6.62,686.44,Apple Pay,Delivered,2.0,N
5888909,561636,2025-01-14,Home,IKEA,3,334.57,15.0,1.71,854.86,Google Pay,Cancelled,,No
5069539,414430,2024-04-24,Books,Penguin,4,951.82,,16.62,3823.9,Bank Transfer,Returned,,N
3401013,896765,2026-06-12,Clothing,Zara,2,415.09,10.0,22.85,770.01,Apple Pay,Delivered,2.0,No
7732957,983305,2021-03-08,Books,Penguin,1,586.47,10.0,2.79,530.61,PayPal,Cancelled,4.0,No
1659277,205653,2025-05-21,Electronics,Sony,5,982.5,10.0,4.94,4426.19,Apple Pay,Returned,4.0,No
3951250,339662,2022-07-25,Electronics,Samsung,4,139.14,0.0,4.79,561.35,Card,Processing,2.0,
9156354,632691,2025-09-05,Clothing,Nike,2,984.52,15.0,11.16,1684.84,Bank Transfer,Shipped,2.0,Yes
1877142,387901,2024-10-05,Electronics,Samsung,4,360.52,20.0,1.95,1155.61,Card,Delivered,2.0,Y
6022231,383469,2024-02-07,Electronics,Apple,2,735.46,,22.01,1492.93,Card,Delivered,,
8820864,840568,2022-03-26,Electronics,Sony,4,172.56,20.0,2.89,555.08,Bank Transfer,Cancelled,,Y
7740149,358316,2024-08-24,Home,Philips,4,557.51,10.0,8.24,2015.28,Google Pay,Cancelled,4.0,Y
8448419,531639,2026-05-20,Home,Philips,2,973.03,0.0,12.79,1958.85,Bank Transfer,Delivered,3.0,Y
2228639,255542,2022-05-06,Home,Philips,5,379.32,20.0,22.14,1539.42,Apple Pay,Returned,1.0,N
4496321,236526,2022-04-20,Pet,Purina,3,490.79,10.0,21.33,1346.46,Google Pay,Shipped,,No
3874269,368766,2024-03-28,Home,Philips,2,29.79,10.0,1.16,54.78,Apple Pay,Delivered,,
6348521,304797,2024-12-21,Electronics,Apple,2,682.9,15.0,16.33,1177.26,Card,Shipped,2.0,Yes
5800934,527523,2025-12-19,Home,IKEA,2,749.27,5.0,20.46,1444.07,PayPal,Returned,3.0,
1209703,688093,2022-09-01,Grocery,Nestle,1,722.25,15.0,5.25,619.16,PayPal,Shipped,2.0,
8811272,760630,2022-09-03,Books,Penguin,3,350.2,,6.24,1056.84,Card,Delivered,2.0,Y
3725082,727566,2022-08-23,Beauty,Nivea,5,577.54,15.0,14.67,2469.21,PayPal,Processing,3.0,N
9676696,161268,2022-10-11,Electronics,Sony,5,823.72,10.0,1.45,3708.19,Bank Transfer,Delivered,5.0,N
6893430,658660,2022-11-21,Home,IKEA,2,130.61,,23.37,284.59,PayPal,Shipped,5.0,No
3220016,974979,2025-09-12,Beauty,L'Oreal,4,856.63,0.0,15.35,3441.87,Card,Shipped,1.0,Yes
7689937,738562,2026-02-01,Electronics,Sony,5,592.42,,10.04,2972.14,PayPal,Delivered,3.0,
8497906,634108,2023-04-20,Electronics,Apple,1,288.48,0.0,15.58,304.06,Google Pay,Processing,1.0,
1484604,256085,2021-07-01,Electronics,Apple,2,646.17,5.0,13.33,1241.05,Bank Transfer,Cancelled,4.0,Y
2346683,533902,2022-03-10,Clothing,Zara,4,174.51,15.0,5.21,598.54,Google Pay,Processing,,No
8127752,383285,2022-01-31,Home,Philips,2,731.47,0.0,16.66,1479.6,Apple Pay,Delivered,5.0,Y
9762539,393382,2023-01-02,Clothing,Adidas,5,930.69,5.0,8.03,4428.81,Card,Shipped,2.0,
7357710,603470,2026-01-06,Home,IKEA,3,752.26,10.0,13.69,2044.79,Card,Shipped,5.0,Yes
7824617,829203,2022-04-30,Clothing,Zara,5,608.34,10.0,15.21,2752.74,Apple Pay,Processing,1.0,N
4627539,420651,2021-09-30,Electronics,Apple,3,879.46,0.0,14.13,2652.51,Bank Transfer,Shipped,5.0,No
5222453,380029,2023-11-27,Electronics,Samsung,5,57.34,5.0,11.68,284.05,PayPal,Processing,,No
2921090,615193,2023-08-30,Office,HP,3,101.11,15.0,22.12,279.95,Bank Transfer,Processing,5.0,N
3904868,324815,2026-04-07,Sports,Puma,3,811.93,,24.55,2460.34,Bank Transfer,Processing,5.0,
2154247,622985,2023-04-04,Clothing,Zara,3,709.23,5.0,21.93,2043.24,PayPal,Delivered,3.0,Y
5795543,485545,2022-03-22,Home,IKEA,2,671.9,20.0,22.69,1097.73,Card,Processing,,
4474945,728104,2023-05-01,Electronics,Samsung,4,213.62,5.0,22.82,834.58,Bank Transfer,Shipped,5.0,Yes
5517917,593406,2024-03-03,Sports,Puma,1,962.76,10.0,4.58,871.06,Apple Pay,Delivered,,No
4216596,353401,2026-06-18,Electronics,Sony,3,425.13,15.0,15.12,1099.2,Bank Transfer,Processing,,Y
9916290,454832,2022-08-27,Clothing,Adidas,4,248.94,0.0,15.11,1010.87,Google Pay,Cancelled,,N
2445761,284715,2022-10-21,Clothing,Zara,3,232.78,5.0,5.35,668.77,PayPal,Cancelled,5.0,No
9206037,735156,2022-02-14,Beauty,L'Oreal,1,576.54,,24.73,601.27,Apple Pay,Processing,4.0,
1793477,895781,2025-05-30,Electronics,Samsung,4,339.88,0.0,17.48,1377.0,Google Pay,Processing,,N
7168724,290005,2021-08-02,Electronics,Apple,5,66.63,5.0,24.32,340.81,Bank Transfer,Cancelled,4.0,N
9510817,875114,2021-09-04,Electronics,Samsung,5,102.15,20.0,16.61,425.21,Card,Shipped,2.0,
3285731,708747,2025-11-08,Beauty,Nivea,5,817.6,15.0,10.44,3485.24,Google Pay,Processing,3.0,N
3649834,827891,2021-02-20,Toys,Lego,1,91.6,0.0,24.93,116.53,Google Pay,Returned,2.0,Yes
2952590,573026,2021-09-03,Clothing,Adidas,4,677.61,5.0,6.66,2581.58,Bank Transfer,Shipped,2.0,No
3167613,660739,2026-01-04,Clothing,Adidas,2,721.58,,24.07,1467.23,PayPal,Returned,4.0,No
8608618,256688,2023-12-26,Electronics,Samsung,5,294.76,15.0,24.03,1276.76,Apple Pay,Returned,5.0,
1471097,628426,2023-01-30,Home,Philips,2,83.75,5.0,16.49,175.62,Apple Pay,Returned,,
3643736,441842,2024-09-02,Sports,Wilson,3,107.65,0.0,5.93,328.88,PayPal,Processing,,Yes
1264090,654153,2024-08-17,Home,Philips,3,180.38,20.0,12.9,445.81,Card,Returned,1.0,N
7454873,823630,2021-06-09,Electronics,Sony,5,907.8,0.0,8.62,4547.62,Bank Transfer,Delivered,,N
2458037,241628,2022-08-15,Toys,Lego,4,416.36,20.0,10.65,1343.0,Bank Transfer,Shipped,5.0,Y
6523055,776398,2023-11-06,Office,HP,3,879.3,5.0,15.54,2521.54,Card,Cancelled,5.0,
8403468,898394,2021-11-29,Sports,Puma,1,605.62,20.0,18.38,502.88,Card,Processing,,N
7239123,951395,2021-06-16,Toys,Lego,3,374.54,15.0,7.8,962.88,Bank Transfer,Returned,4.0,
2375459,323536,2021-08-01,Electronics,Apple,2,541.96,0.0,20.02,1103.94,Bank Transfer,Returned,2.0,Y
8113778,430685,2023-05-01,Sports,Puma,5,629.54,20.0,18.92,2537.08,Card,Cancelled,4.0,N
7580191,752788,2024-08-20,Electronics,Samsung,3,162.86,20.0,15.39,406.25,Google Pay,Returned,5.0,N
9236427,617714,2021-03-20,Clothing,Nike,2,742.72,0.0,23.43,1508.87,Card,Shipped,5.0,
2500409,603743,2021-04-17,Electronics,Sony,5,766.19,10.0,14.88,,Card,Delivered,1.0,Yes
2080894,446073,2024-05-02,Clothing,Adidas,1,174.48,15.0,8.41,156.72,Card,Cancelled,1.0,Yes
1847581,224158,2024-01-07,Electronics,Samsung,3,304.07,,4.75,916.96,Apple Pay,Returned,1.0,N
4387129,234136,2025-11-20,Clothing,Zara,3,913.98,,22.47,2764.41,Card,Processing,5.0,Yes
9493233,246923,2023-08-15,Electronics,Samsung,3,855.33,5.0,2.79,2440.48,Google Pay,Returned,,N
2154057,832271,2023-08-05,Home,IKEA,5,625.12,5.0,14.1,2983.42,PayPal,Cancelled,4.0,N
7736611,368927,2022-03-13,Beauty,L'Oreal,4,332.63,5.0,14.81,1278.8,Apple Pay,Delivered,,No
9198101,335958,2024-05-09,Home,Philips,1,557.48,,24.62,582.1,Card,Cancelled,2.0,Y
2659828,192304,2021-08-13,Clothing,Adidas,2,153.05,15.0,21.93,282.12,PayPal,Cancelled,2.0,Yes
1032900,766121,2022-12-20,Grocery,Nestle,3,736.13,15.0,24.74,1901.87,Apple Pay,Returned,,No
9756767,664999,2025-03-07,Electronics,Sony,1,63.51,15.0,17.8,71.78,Card,Cancelled,,No
9938348,969297,2026-05-31,Books,Penguin,2,832.24,20.0,13.76,1345.34,Google Pay,Processing,4.0,Yes
6533549,837067,2024-01-10,Office,HP,4,125.88,,10.78,514.3,Card,Processing,4.0,No
9211797,152461,2025-01-16,Clothing,Zara,2,920.82,5.0,10.76,1760.32,Apple Pay,Processing,,N
9951253,690424,2024-01-19,Electronics,Samsung,3,666.66,,9.16,2009.14,Card,Delivered,2.0,N
6713331,280442,2025-10-04,Home,Philips,3,738.88,15.0,18.38,1902.52,PayPal,Shipped,4.0,
1496211,818029,2021-11-12,Clothing,Nike,3,305.67,10.0,20.14,845.45,Bank Transfer,Processing,4.0,
7078223,221778,2025-08-06,Office,HP,3,557.94,20.0,20.36,1359.42,PayPal,Cancelled,2.0,No
8058294,337238,2021-04-23,Clothing,Adidas,1,739.69,10.0,6.58,672.3,Bank Transfer,Shipped,1.0,Yes
2646303,690621,2023-06-15,Electronics,Samsung,4,503.68,15.0,11.4,1723.91,Google Pay,Shipped,3.0,
3097578,309090,2024-06-03,Sports,Puma,4,254.77,20.0,12.39,827.65,Card,Processing,1.0,No
2238132,627451,2024-02-03,Pet,Purina,5,204.53,20.0,2.32,820.44,Bank Transfer,Cancelled,5.0,Yes
9287328,695145,2024-12-20,Books,Penguin,5,664.09,0.0,22.1,3342.55,Bank Transfer,Delivered,3.0,Y
1797778,791960,2026-05-26,Grocery,Nestle,5,126.47,20.0,3.21,509.09,Bank Transfer,Shipped,3.0,N
7158849,422817,2021-05-29,Toys,Lego,3,125.03,15.0,4.88,323.71,Google Pay,Processing,5.0,N
5759037,542776,2025-11-01,Home,IKEA,4,942.54,,22.14,3792.3,PayPal,Returned,4.0,Y
5682979,443556,2021-02-15,Beauty,Nivea,1,515.66,15.0,22.96,461.27,PayPal,Shipped,4.0,N
3071677,104442,2021-08-18,Electronics,Apple,1,853.19,15.0,3.23,728.44,PayPal,Delivered,5.0,N
1203489,911376,2023-07-17,Clothing,Nike,2,774.63,0.0,0.84,1550.1,Card,Shipped,5.0,N
2074069,121025,2022-01-16,Sports,Puma,5,675.53,5.0,23.21,3231.98,Google Pay,Shipped,4.0,Y
8728507,961640,2024-12-01,Electronics,Sony,4,967.02,10.0,0.1,3481.37,Google Pay,Cancelled,,Y
8093282,420135,2024-12-09,Clothing,Zara,4,621.56,0.0,16.69,2502.93,Apple Pay,Shipped,3.0,N
3067125,962147,2023-02-01,Clothing,Nike,4,884.36,15.0,14.72,3021.54,Card,Cancelled,1.0,N
3025453,745266,2021-05-09,Beauty,Nivea,1,41.11,10.0,2.41,39.41,Google Pay,Cancelled,2.0,N
7233092,330966,2025-12-18,Home,IKEA,2,327.55,0.0,5.73,660.83,Apple Pay,Shipped,3.0,Yes
6841950,188673,2021-06-18,Electronics,Samsung,1,537.99,,6.76,544.75,Google Pay,Delivered,3.0,Y
6466937,879145,2024-12-20,Home,IKEA,3,332.57,,24.75,1022.46,Bank Transfer,Shipped,1.0,N
8984853,335416,2025-04-15,Home,Philips,5,361.34,20.0,1.83,1447.19,Apple Pay,Processing,4.0,No
5644756,393782,2023-11-13,Home,Philips,1,961.41,,4.04,965.45,Apple Pay,Cancelled,2.0,N
5094805,813755,2025-11-12,Grocery,Nestle,4,960.09,10.0,4.39,3460.71,PayPal,Delivered,1.0,N
4719223,756044,2025-04-17,Clothing,Nike,4,492.34,0.0,17.06,1986.42,PayPal,Processing,5.0,Yes
5499927,457640,2021-01-18,Toys,Lego,1,705.17,10.0,6.92,641.57,Apple Pay,Shipped,4.0,
8616655,382144,2025-04-15,Sports,Puma,5,928.05,15.0,6.16,3950.37,Google Pay,Processing,2.0,N
7515242,730339,2024-07-03,Home,IKEA,1,388.68,,24.62,413.3,Card,Returned,1.0,N
5500329,853680,2023-06-09,Office,HP,4,221.05,0.0,20.71,904.91,PayPal,Shipped,2.0,Y
4182737,643613,2024-01-02,Electronics,Apple,3,717.07,5.0,12.85,2056.5,PayPal,Processing,2.0,N
6969970,497700,2022-10-03,Home,IKEA,4,498.53,,5.21,1999.33,Bank Transfer,Processing,2.0,Y
8293861,124248,2024-10-11,Toys,Lego,3,726.64,5.0,4.08,2075.0,Apple Pay,Shipped,1.0,Yes
6672725,227565,2025-06-27,Electronics,Apple,2,97.59,15.0,12.34,178.24,Card,Returned,2.0,No
5223926,445856,2023-10-30,Books,Penguin,3,635.73,0.0,15.2,1922.39,Bank Transfer,Cancelled,1.0,No
6834888,463880,2021-01-06,Beauty,Nivea,4,357.11,,6.9,1435.34,Apple Pay,Returned,4.0,Y
9766216,246214,2023-01-03,Sports,Wilson,3,897.35,,12.11,2704.16,Card,Shipped,2.0,Y
7015259,218909,2023-04-08,Electronics,Apple,5,496.64,,4.02,2487.22,Google Pay,Cancelled,1.0,N
5879067,363005,2024-11-04,Electronics,Samsung,3,29.66,0.0,20.96,109.94,Apple Pay,Delivered,,
3774461,907383,2022-01-06,Electronics,Sony,1,440.26,15.0,19.08,393.3,Card,Cancelled,5.0,N
8814160,250238,2023-11-03,Office,HP,3,886.19,15.0,18.23,2278.01,Google Pay,Processing,4.0,Y
9731947,814292,2024-04-30,Clothing,Adidas,1,363.03,15.0,15.76,324.34,Bank Transfer,Returned,2.0,No
1905213,701891,2023-04-25,Electronics,Apple,1,33.75,10.0,12.12,42.49,Google Pay,Shipped,,Y
6107751,143015,2023-10-18,Home,Philips,4,147.78,0.0,13.89,605.01,PayPal,Returned,2.0,N
5990358,463857,2025-05-26,Electronics,Sony,4,688.13,15.0,21.95,2361.59,Card,Delivered,,Yes
3232950,181133,2023-10-30,Home,Philips,1,766.58,20.0,11.03,624.29,Card,Returned,2.0,
4441972,196280,2021-01-18,Books,Penguin,2,100.67,15.0,2.19,173.33,Bank Transfer,Processing,2.0,No
7491018,860143,2021-11-17,Electronics,Apple,2,8.94,,15.49,33.37,Google Pay,Cancelled,4.0,N
6667096,208223,2025-12-17,Electronics,Apple,3,565.29,5.0,9.14,1620.22,PayPal,Returned,,No
1802861,414558,2023-10-06,Home,IKEA,4,996.56,10.0,10.76,3598.38,Card,Shipped,4.0,No
5735227,432419,2022-01-30,Clothing,Zara,4,685.13,0.0,14.8,2755.32,PayPal,Shipped,4.0,Y
4028226,361045,2026-01-21,Electronics,Sony,4,212.33,10.0,4.13,768.52,Card,Processing,4.0,Yes
3571267,382420,2024-09-11,Beauty,Nivea,4,136.7,5.0,3.19,522.65,Bank Transfer,Cancelled,,N
4175538,655354,2023-12-20,Grocery,Nestle,5,565.75,0.0,13.05,2841.8,Apple Pay,Processing,2.0,Yes
9898837,152183,2024-10-01,Clothing,Adidas,3,7.35,5.0,23.6,44.55,Google Pay,Processing,5.0,N
9782409,479329,2025-12-18,Books,Penguin,1,128.87,,20.75,149.62,Apple Pay,Shipped,3.0,Yes
8106181,132684,2023-01-11,Beauty,L'Oreal,3,367.93,10.0,6.66,1000.07,Card,Processing,2.0,
5418229,182122,2025-01-22,Clothing,Zara,1,738.7,,13.05,751.75,Apple Pay,Cancelled,3.0,Y
7274494,245788,2022-05-21,Sports,Puma,3,988.14,20.0,6.29,2377.83,Card,Shipped,4.0,Yes
2387307,518724,2021-10-14,Beauty,Nivea,2,366.47,,2.74,735.68,Google Pay,Shipped,4.0,
7092448,490130,2022-06-28,Sports,Wilson,2,799.15,10.0,7.13,1445.6,Bank Transfer,Shipped,2.0,Yes
3394163,855028,2025-01-02,Home,Philips,4,436.79,20.0,7.89,1405.62,Card,Returned,5.0,
2878647,769387,2021-02-12,Home,IKEA,1,598.87,0.0,1.6,600.47,Card,Shipped,,Y
2754842,824882,2021-07-16,Beauty,Nivea,1,614.46,15.0,2.91,525.2,Google Pay,Shipped,1.0,N
4898374,353819,2025-10-13,Office,HP,4,455.23,0.0,6.3,1827.22,Apple Pay,Processing,,Yes
1094279,198420,2025-11-10,Home,IKEA,3,528.09,15.0,8.35,1354.98,Card,Shipped,1.0,Y
2104516,812658,2023-10-06,Office,HP,2,325.29,0.0,12.6,663.18,PayPal,Processing,4.0,N
8988148,444794,2021-07-19,Home,IKEA,1,197.99,20.0,23.23,181.62,PayPal,Processing,2.0,No
2004128,386925,2023-12-26,Electronics,Apple,2,637.94,,19.38,1295.26,Apple Pay,Delivered,1.0,Yes
2205411,108349,2023-10-13,Clothing,Adidas,1,321.33,10.0,19.73,308.93,PayPal,Cancelled,2.0,Y
6528321,640266,2021-10-28,Home,Philips,2,436.65,5.0,16.01,845.64,PayPal,Processing,,No
7282732,437460,2025-10-23,Electronics,Apple,5,186.85,10.0,14.39,855.22,Google Pay,Cancelled,4.0,Y
2659249,217662,2023-02-23,Home,Philips,5,563.62,5.0,6.15,2683.34,Apple Pay,Delivered,2.0,No
9485070,469478,2022-11-20,Clothing,Adidas,4,142.74,5.0,9.26,551.67,Bank Transfer,Returned,,No
6048472,942596,2025-11-21,Clothing,Adidas,5,250.21,,16.28,1267.33,Apple Pay,Cancelled,1.0,Y
1857315,929408,2023-03-18,Home,Philips,1,725.88,0.0,9.86,735.74,Bank Transfer,Shipped,,N
9344621,772339,2025-03-13,Electronics,Sony,3,431.41,20.0,17.07,1052.45,Bank Transfer,Returned,,N
4633220,859339,2024-09-12,Home,Philips,2,33.63,,1.69,68.95,Bank Transfer,Delivered,,N
9151714,984290,2022-10-03,Clothing,Adidas,2,275.5,10.0,21.55,517.45,Card,Delivered,4.0,
1486233,232015,2023-01-05,Electronics,Apple,5,644.36,15.0,24.7,2763.23,Card,Processing,,Y
9662076,735605,2025-12-03,Office,HP,5,487.01,,10.48,2445.53,Bank Transfer,Processing,1.0,N
7553211,384247,2023-11-20,Home,IKEA,2,185.59,5.0,4.01,356.63,Apple Pay,Delivered,3.0,
1001017,524844,2024-11-03,Electronics,Samsung,5,392.05,,8.27,1968.52,Card,Returned,1.0,Yes
8806255,195496,2026-01-04,Grocery,Nestle,5,90.48,10.0,2.43,409.59,Google Pay,Returned,4.0,N
6301145,811985,2021-10-23,Grocery,Nestle,3,169.26,5.0,15.86,498.25,Apple Pay,Delivered,5.0,No
7215312,704655,2024-08-12,Electronics,Sony,2,566.4,20.0,3.56,909.8,Bank Transfer,Cancelled,1.0,Y
2750737,750785,2024-12-11,Electronics,Samsung,4,255.57,10.0,12.46,932.51,Card,Returned,1.0,
7849189,860610,2025-07-09,Sports,Wilson,4,976.45,5.0,10.2,3720.71,PayPal,Processing,3.0,
8025341,653368,2023-10-23,Home,IKEA,2,681.36,0.0,18.37,1381.09,Apple Pay,Shipped,4.0,Y
1719950,598687,2022-09-13,Electronics,Samsung,3,938.02,5.0,24.36,2697.72,Card,Processing,,No
8477830,691858,2025-09-29,Electronics,Sony,2,390.28,20.0,21.1,645.55,Bank Transfer,Returned,3.0,Y
1444115,539060,2025-10-06,Sports,Puma,3,532.69,0.0,20.84,1618.91,PayPal,Returned,2.0,No
7821731,661787,2024-07-20,Clothing,Nike,3,490.54,20.0,13.81,1191.11,PayPal,Returned,3.0,Yes
5454614,512898,2021-02-26,Grocery,Nestle,3,490.42,0.0,17.98,1489.24,Google Pay,Processing,3.0,Y
8087897,415721,2025-03-09,Electronics,Sony,4,848.16,10.0,17.26,3070.64,Card,Shipped,,Y
6851123,330049,2025-02-13,Clothing,Adidas,2,793.73,20.0,7.02,1276.99,PayPal,Shipped,5.0,No
5728692,763464,2025-07-24,Electronics,Samsung,5,659.39,10.0,20.94,2988.2,Google Pay,Cancelled,2.0,No
3729876,417374,2021-08-31,Clothing,Zara,5,986.32,0.0,12.56,4944.16,Apple Pay,Delivered,1.0,No
7009906,675797,2023-09-23,Toys,Lego,3,795.07,0.0,23.86,2409.07,Apple Pay,Cancelled,4.0,Yes
4445414,239590,2024-02-24,Books,Penguin,3,859.72,0.0,7.32,2586.48,Apple Pay,Returned,2.0,N
9415745,156559,2021-09-12,Office,HP,5,512.07,20.0,7.81,2056.09,Bank Transfer,Delivered,3.0,Yes
1183689,729241,2026-02-28,Electronics,Samsung,4,728.32,5.0,2.22,2769.84,Bank Transfer,Returned,4.0,No
2395144,633230,2024-05-03,Electronics,Apple,4,327.83,15.0,12.05,1126.67,Google Pay,Delivered,1.0,N
6538608,215205,2021-01-22,Beauty,L'Oreal,3,13.16,15.0,0.28,33.84,PayPal,Returned,2.0,Y
7816328,283654,2023-07-30,Toys,Lego,5,774.96,0.0,19.2,3894.0,Google Pay,Cancelled,,No
9206859,352267,2021-05-05,Electronics,Apple,1,625.4,0.0,0.55,625.95,Apple Pay,Processing,3.0,N
6687110,325468,2022-03-08,Clothing,Zara,5,581.78,20.0,12.46,2339.58,Card,Shipped,,No
1409828,555723,2023-08-24,Sports,Puma,4,6.23,0.0,22.7,47.62,Bank Transfer,Returned,4.0,Yes
7796658,387827,2025-12-18,Electronics,Apple,3,950.07,5.0,1.47,2709.17,Bank Transfer,Delivered,,Y
8268117,672477,2022-12-15,Electronics,Sony,5,492.76,,1.7,2465.5,Bank Transfer,Delivered,3.0,
9427448,120956,2021-09-13,Toys,Lego,1,293.93,0.0,14.35,308.28,Card,Cancelled,5.0,
9703418,362576,2021-03-14,Beauty,L'Oreal,1,423.39,20.0,21.09,359.8,Google Pay,Processing,1.0,Yes
6425009,665007,2025-12-24,Clothing,Adidas,1,427.79,15.0,11.54,375.16,Bank Transfer,Returned,4.0,Yes
8862354,384095,2022-01-03,Electronics,Apple,3,985.97,0.0,9.17,2967.08,Google Pay,Shipped,1.0,Yes
6111925,655898,2021-04-05,Clothing,Nike,2,889.21,,12.92,1791.34,Card,Returned,2.0,No
6667470,374459,2022-07-08,Beauty,Nivea,2,59.43,5.0,24.94,137.86,Apple Pay,Returned,3.0,N
2293050,596221,2021-07-19,Beauty,L'Oreal,3,642.32,0.0,0.46,1927.42,Bank Transfer,Processing,,N
3388386,232197,2022-01-28,Sports,Puma,2,378.76,0.0,3.48,761.0,Google Pay,Delivered,2.0,No
2610676,522877,2025-09-11,Sports,Puma,5,97.24,,4.07,490.27,PayPal,Delivered,4.0,Yes
3041098,843306,2023-07-01,Grocery,Nestle,4,617.96,0.0,5.61,2477.45,Bank Transfer,Cancelled,1.0,Yes
5051799,208793,2024-06-19,Sports,Wilson,4,884.26,5.0,7.21,3367.4,Apple Pay,Returned,1.0,No
9714656,881100,2022-06-01,Clothing,Nike,1,480.8,5.0,9.71,466.47,Card,Shipped,2.0,No
7881251,491619,2021-10-04,Electronics,Samsung,2,248.26,5.0,1.08,472.77,Card,Cancelled,1.0,No
5082933,172430,2024-05-19,Beauty,L'Oreal,2,566.37,10.0,19.25,1038.72,Bank Transfer,Returned,5.0,Yes
3279896,786210,2025-07-25,Toys,Lego,1,165.91,0.0,11.72,177.63,Card,Returned,1.0,N
5759107,670633,2024-06-13,Clothing,Adidas,3,705.58,20.0,21.71,1715.1,Google Pay,Shipped,2.0,Y
5125784,480782,2026-02-25,Electronics,Sony,2,383.11,5.0,14.28,742.19,Bank Transfer,Cancelled,4.0,
7378366,671214,2026-01-12,Pet,Purina,3,812.53,15.0,13.81,2085.76,Bank Transfer,Processing,5.0,Yes
2025691,682470,2023-02-24,Office,HP,4,706.81,,7.95,2835.19,Google Pay,Delivered,1.0,N
5147378,984807,2021-06-18,Sports,Puma,5,624.54,15.0,5.3,2659.59,Apple Pay,Cancelled,4.0,
1849716,943538,2024-03-08,Clothing,Adidas,2,978.44,5.0,22.0,1881.04,Card,Cancelled,,N
5782963,858291,2023-02-12,Home,IKEA,5,460.7,5.0,20.06,2208.38,Google Pay,Processing,5.0,No
7032210,632000,2022-06-25,Electronics,Sony,5,933.16,15.0,18.21,3984.14,Card,Delivered,,Yes
3889399,817843,2023-07-29,Clothing,Nike,1,269.0,20.0,12.48,227.68,Card,Delivered,1.0,
2926824,709036,2022-09-28,Books,Penguin,1,647.21,10.0,12.03,594.52,Bank Transfer,Processing,,No
2514613,131891,2025-10-05,Electronics,Sony,5,762.49,0.0,21.5,3833.95,Google Pay,Delivered,,Yes
2442515,749116,2022-11-11,Pet,Purina,1,213.12,,7.91,221.03,Google Pay,Processing,1.0,
9208213,423095,2022-04-10,Electronics,Apple,1,406.92,10.0,2.05,368.28,Bank Transfer,Returned,2.0,No
9925188,567126,2021-08-12,Beauty,L'Oreal,4,765.68,5.0,10.3,2919.88,Google Pay,Delivered,,
4122273,815561,2021-03-02,Electronics,Sony,1,608.99,5.0,20.72,599.26,Bank Transfer,Processing,1.0,Yes
4161684,238633,2024-06-16,Beauty,L'Oreal,4,275.14,10.0,20.71,1011.21,Card,Processing,5.0,Yes
2550108,263339,2021-04-30,Electronics,Apple,3,980.88,10.0,13.61,2661.99,Apple Pay,Processing,,No
6642107,177958,2023-03-15,Electronics,Samsung,4,564.68,5.0,0.66,2146.44,Card,Delivered,3.0,N
8422351,707422,2021-02-16,Electronics,Apple,3,33.6,,23.26,124.06,Google Pay,Returned,5.0,Y
9319300,248820,2022-10-21,Electronics,Samsung,4,10.35,,6.57,47.97,Google Pay,Returned,2.0,Y
8484070,809485,2021-06-16,Grocery,Nestle,3,671.62,15.0,2.95,1715.58,Card,Shipped,3.0,Yes
5484940,967008,2026-05-12,Electronics,Samsung,3,225.16,15.0,19.53,593.69,Apple Pay,Processing,5.0,N
7515554,326773,2024-11-12,Electronics,Apple,3,925.17,0.0,11.55,2787.06,Google Pay,Delivered,5.0,No
6004895,607585,2022-03-29,Toys,Lego,4,872.85,20.0,3.66,2796.78,PayPal,Processing,2.0,Y
4415717,982470,2025-03-15,Books,Penguin,2,754.45,15.0,22.84,1305.4,Apple Pay,Returned,1.0,
4844011,939903,2023-09-30,Electronics,Sony,3,977.72,10.0,11.11,2650.95,Apple Pay,Shipped,3.0,Yes
2347527,989433,2022-03-25,Grocery,Nestle,2,33.42,10.0,13.98,74.14,Apple Pay,Delivered,2.0,Yes
9217998,904657,2023-12-02,Clothing,Zara,4,905.65,0.0,10.02,3632.62,PayPal,Shipped,3.0,N
1184893,451760,2025-01-20,Electronics,Apple,5,174.75,,9.61,883.36,Bank Transfer,Shipped,3.0,N
7594088,482825,2025-03-08,Home,IKEA,3,62.08,20.0,5.37,154.36,Apple Pay,Processing,3.0,N
9444668,406544,2022-06-23,Grocery,Nestle,3,601.97,5.0,2.45,1718.06,Card,Shipped,,Yes
2622305,267528,2022-07-18,Electronics,Samsung,4,440.41,20.0,6.32,1415.63,Bank Transfer,Returned,,Yes
5118956,263163,2024-05-28,Home,IKEA,2,38.9,,10.47,88.27,PayPal,Shipped,1.0,
8245935,990355,2025-04-10,Sports,Puma,4,562.0,0.0,13.49,2261.49,Apple Pay,Shipped,3.0,No
5435085,933739,2023-10-10,Clothing,Nike,3,486.42,0.0,19.04,1478.3,Bank Transfer,Cancelled,,Yes
8198829,500277,2026-03-06,Home,Philips,2,128.23,15.0,3.05,221.04,Apple Pay,Processing,3.0,Y
6288728,973600,2022-07-03,Toys,Lego,5,335.34,10.0,8.78,1517.81,Bank Transfer,Returned,4.0,N
7013945,561077,2021-01-29,Sports,Wilson,3,936.37,5.0,17.25,2685.9,Google Pay,Cancelled,,No
9371562,525344,2023-09-18,Beauty,Nivea,2,570.76,20.0,23.65,936.87,Google Pay,Cancelled,5.0,N
7168323,223584,2021-03-22,Electronics,Samsung,1,491.51,15.0,9.14,426.92,Card,Shipped,1.0,Y
1110868,730199,2023-01-17,Office,HP,4,743.01,15.0,9.2,2535.43,Card,Shipped,3.0,
1522476,252194,2025-06-16,Beauty,L'Oreal,3,751.09,5.0,10.06,2150.67,Google Pay,Returned,5.0,Y
3411189,382859,2021-07-27,Home,Philips,1,202.4,15.0,22.77,194.81,Card,Processing,4.0,Y
4666910,409636,2022-08-23,Sports,Wilson,2,142.92,10.0,12.89,270.15,Google Pay,Returned,,Yes
2001690,799273,2026-04-23,Home,IKEA,5,665.34,0.0,24.58,3351.28,Apple Pay,Returned,3.0,N
4585126,820324,2026-02-04,Electronics,Samsung,1,578.91,,9.17,588.08,PayPal,Processing,,
1739198,938219,2022-01-20,Electronics,Sony,4,725.86,10.0,20.34,2633.44,Card,Delivered,1.0,No
9032221,769905,2024-12-08,Books,Penguin,2,71.09,5.0,19.51,154.58,PayPal,Returned,2.0,No
4035644,733008,2023-10-26,Electronics,Samsung,2,361.14,0.0,9.82,732.1,Card,Returned,5.0,No
7563578,108582,2024-10-15,Clothing,Zara,3,925.13,5.0,21.16,2657.78,Bank Transfer,Processing,3.0,N
2473380,663378,2022-08-15,Home,IKEA,1,409.11,10.0,5.87,374.07,Google Pay,Returned,1.0,N
4800949,110169,2025-08-20,Office,HP,4,833.29,0.0,9.23,3342.39,Apple Pay,Cancelled,,
9599163,954827,2021-02-21,Electronics,Apple,3,505.51,10.0,18.97,1383.85,PayPal,Processing,1.0,
5866398,774166,2025-03-28,Sports,Puma,2,969.85,10.0,10.69,1756.42,Google Pay,Shipped,,No
1631012,239017,2025-01-28,Electronics,Sony,3,238.32,20.0,21.66,593.63,Google Pay,Processing,,No
1913016,497941,2024-02-26,Beauty,L'Oreal,5,117.99,0.0,21.49,611.44,Apple Pay,Shipped,1.0,N
9505089,883274,2025-12-05,Electronics,Sony,2,352.25,15.0,20.35,619.17,Bank Transfer,Shipped,2.0,Y
8999814,689209,2024-02-25,Books,Penguin,5,257.14,10.0,7.24,1164.37,Card,Processing,3.0,No
7181403,206056,2022-10-14,Clothing,Nike,2,860.05,20.0,14.7,1390.78,PayPal,Delivered,1.0,Yes
7868602,581850,2022-09-21,Sports,Puma,2,572.16,0.0,7.42,1151.74,Card,Returned,5.0,N
2047226,131841,2026-06-05,Beauty,Nivea,2,373.83,10.0,8.18,681.07,PayPal,Delivered,,
9801175,917069,2024-11-03,Home,IKEA,2,195.76,0.0,16.25,407.77,Apple Pay,Shipped,4.0,Y
9508385,552936,2021-04-27,Home,Philips,2,564.42,0.0,6.48,1135.32,Card,Delivered,5.0,N
9687206,727634,2021-09-30,Sports,Wilson,5,205.94,10.0,24.88,951.61,Card,Delivered,1.0,
4838853,812244,2024-12-29,Grocery,Nestle,4,45.78,0.0,10.03,193.15,Bank Transfer,Delivered,1.0,
5728848,542791,2023-10-01,Books,Penguin,5,117.61,20.0,3.65,474.09,Card,Cancelled,4.0,
7307915,389472,2026-05-12,Clothing,Adidas,5,829.03,10.0,12.66,3743.29,PayPal,Shipped,,Y
2054551,488124,2023-11-23,Clothing,Zara,2,183.12,,1.68,367.92,Apple Pay,Returned,,N
7751176,528270,2021-10-07,Electronics,Apple,5,679.63,15.0,22.1,2910.53,Bank Transfer,Delivered,,Y
1457379,525862,2023-01-20,Sports,Puma,1,888.77,5.0,23.15,867.48,PayPal,Processing,4.0,Yes
3024064,735205,2022-10-15,Electronics,Sony,4,404.19,15.0,12.78,1387.03,Google Pay,Delivered,3.0,Y
4319263,584429,2024-06-17,Home,Philips,2,735.08,10.0,8.04,1331.18,Apple Pay,Shipped,5.0,Yes
4269834,155862,2022-06-06,Toys,Lego,1,704.03,15.0,22.37,620.8,Bank Transfer,Processing,,Yes
3417119,204004,2023-06-22,Clothing,Nike,4,174.26,15.0,2.53,595.01,Bank Transfer,Cancelled,1.0,N
2221766,593631,2021-07-03,Electronics,Apple,4,173.64,5.0,23.82,683.65,Apple Pay,Processing,4.0,
4955683,916987,2026-02-11,Clothing,Nike,2,192.26,20.0,17.69,325.31,Card,Returned,4.0,Y
4548578,139231,2024-03-09,Grocery,Nestle,4,299.92,15.0,11.74,1031.47,Google Pay,Processing,4.0,No
8326042,777467,2021-06-04,Grocery,Nestle,5,206.95,20.0,11.32,839.12,Bank Transfer,Shipped,2.0,
2286125,838336,2022-02-25,Sports,Wilson,1,910.15,10.0,7.06,826.19,Card,Cancelled,5.0,N
5473375,831239,2023-05-01,Beauty,L'Oreal,3,647.97,5.0,22.13,1868.84,Apple Pay,Delivered,4.0,No
5014320,100618,2025-06-26,Electronics,Samsung,1,734.83,0.0,21.29,756.12,Card,Returned,2.0,No
8995968,951640,2026-01-11,Books,Penguin,1,375.97,0.0,18.12,394.09,Bank Transfer,Delivered,3.0,Y
7529512,144108,2024-07-04,Electronics,Apple,4,368.63,,4.21,1478.73,Card,Delivered,5.0,No
9216720,972168,2021-09-07,Clothing,Nike,3,724.74,,2.84,2177.06,Card,Cancelled,3.0,N
1151254,216523,2023-05-18,Clothing,Zara,1,953.01,0.0,1.96,954.97,Apple Pay,Delivered,3.0,N
2067650,715924,2022-10-19,Books,Penguin,1,494.52,0.0,20.41,514.93,Google Pay,Shipped,3.0,N
6401534,246354,2023-09-05,Toys,Lego,5,53.18,15.0,6.8,232.81,Google Pay,Processing,2.0,N
7248860,656210,2025-01-13,Home,Philips,4,584.26,15.0,15.96,2002.44,Card,Shipped,4.0,Y
6782980,632758,2024-04-12,Clothing,Zara,5,582.6,5.0,1.22,2768.57,Google Pay,Returned,,
1920966,900276,2025-04-15,Beauty,Nivea,2,725.06,5.0,0.02,1377.63,Bank Transfer,Cancelled,2.0,Y
8227902,473595,2025-07-23,Electronics,Samsung,4,522.84,0.0,21.98,2113.34,Apple Pay,Shipped,,Yes
3871925,384062,2025-06-13,Clothing,Adidas,5,197.9,5.0,23.82,963.85,Card,Cancelled,1.0,
7159435,920957,2022-04-29,Books,Penguin,4,709.28,15.0,6.8,2418.35,Bank Transfer,Processing,1.0,Y
4231208,695826,2024-05-03,Electronics,Samsung,5,940.48,15.0,17.12,4014.16,Bank Transfer,Processing,1.0,N
6640400,786672,2021-12-22,Electronics,Apple,5,152.76,10.0,23.7,711.12,Apple Pay,Cancelled,,
1006366,473731,2022-09-06,Clothing,Nike,1,213.23,,1.49,214.72,Card,Processing,4.0,Y
1713034,941049,2025-08-10,Sports,Puma,3,556.25,0.0,9.32,1678.07,Google Pay,Delivered,2.0,
3703276,596934,2023-06-23,Clothing,Zara,2,359.05,5.0,0.82,683.01,PayPal,Cancelled,4.0,Yes
3166796,959526,2022-02-03,Office,HP,3,692.66,20.0,3.98,1666.36,Card,Processing,1.0,
9322615,831352,2024-08-26,Clothing,Adidas,3,906.7,10.0,23.05,2471.14,Google Pay,Shipped,2.0,Yes
1717722,357082,2022-12-12,Office,HP,4,765.12,15.0,17.83,2619.24,Card,Shipped,4.0,Yes
4035431,947549,2021-11-03,Beauty,L'Oreal,3,407.52,20.0,18.53,996.58,Card,Processing,5.0,
4486014,751996,2026-05-07,Electronics,Apple,5,957.86,10.0,1.37,4311.74,Card,Shipped,1.0,No
5938110,351460,2025-02-16,Clothing,Nike,3,992.69,10.0,7.46,2687.72,Google Pay,Delivered,2.0,
1044751,210667,2023-11-09,Clothing,Adidas,1,482.82,,9.03,491.85,Card,Cancelled,5.0,Y
3642517,689673,2024-11-23,Home,IKEA,2,126.58,10.0,13.88,241.72,Google Pay,Processing,3.0,No
8688975,475093,2022-06-09,Home,Philips,2,497.17,0.0,13.35,1007.69,Card,Processing,1.0,Y
8299507,266366,2021-10-08,Electronics,Samsung,4,177.98,0.0,9.26,721.18,Google Pay,Delivered,,N
3005658,222057,2022-02-08,Sports,Puma,3,679.19,0.0,0.22,2037.79,Card,Cancelled,4.0,Y
3187024,914590,2025-07-01,Beauty,L'Oreal,3,359.01,0.0,21.43,1098.46,Google Pay,Shipped,2.0,Y
7454871,142549,2025-08-17,Electronics,Sony,1,262.2,10.0,8.64,244.62,PayPal,Returned,2.0,
8470214,838254,2024-09-08,Clothing,Adidas,5,473.56,15.0,6.35,2018.98,Bank Transfer,Shipped,2.0,Y
3572017,428936,2021-06-27,Electronics,Apple,3,203.73,5.0,1.93,582.56,Card,Processing,2.0,Yes
9297774,542912,2025-03-13,Beauty,Nivea,4,548.61,,1.21,2195.65,Apple Pay,Delivered,3.0,No
2374287,862605,2021-08-27,Home,IKEA,1,341.34,,6.18,347.52,Bank Transfer,Shipped,5.0,N
6155288,463075,2025-01-11,Electronics,Sony,3,852.79,5.0,4.0,2434.45,Google Pay,Cancelled,5.0,Yes
4703137,365804,2023-09-02,Electronics,Sony,4,207.9,0.0,9.17,840.77,Google Pay,Processing,5.0,N
5298778,789496,2022-07-04,Beauty,L'Oreal,3,685.5,10.0,22.56,1873.41,Card,Delivered,1.0,Yes
7436019,756171,2023-06-16,Electronics,Apple,3,283.94,,7.57,859.39,Apple Pay,Shipped,,No
2093745,909574,2022-11-20,Home,IKEA,1,280.91,5.0,23.01,289.87,PayPal,Shipped,5.0,No
1352967,158371,2025-08-30,Clothing,Nike,4,100.06,20.0,14.95,335.14,Card,Shipped,5.0,Yes
5171383,746921,2023-01-21,Clothing,Nike,4,136.3,0.0,22.92,568.12,PayPal,Delivered,5.0,Yes
6701829,555997,2024-11-22,Toys,Lego,4,327.66,0.0,2.12,1312.76,Bank Transfer,Cancelled,,Yes
9532308,535091,2025-02-28,Electronics,Samsung,3,917.83,20.0,14.46,2217.25,PayPal,Shipped,,N
1711713,494582,2024-05-01,Home,Philips,2,341.09,0.0,11.02,693.2,Card,Delivered,2.0,N
1420951,476170,2024-06-24,Electronics,Samsung,5,568.51,,21.13,2863.68,Card,Cancelled,,
3692835,408209,2023-10-07,Electronics,Apple,4,457.24,15.0,24.89,1579.51,Apple Pay,Processing,4.0,No
8246169,890528,2021-08-28,Electronics,Apple,1,314.15,10.0,14.38,297.12,Google Pay,Delivered,1.0,Y
3594296,955780,2025-05-22,Electronics,Apple,2,597.28,10.0,23.41,1098.51,Card,Processing,4.0,Y
3641515,457811,2021-01-15,Home,Philips,5,615.13,,22.39,3098.04,Card,Returned,3.0,Yes
5003567,562443,2021-09-03,Sports,Wilson,5,12.69,10.0,9.56,66.66,PayPal,Returned,,Yes
9190372,936964,2021-04-23,Clothing,Zara,4,872.57,,9.73,3500.01,Apple Pay,Shipped,3.0,No
4261098,833206,2021-07-12,Sports,Puma,3,272.52,0.0,20.26,837.82,Bank Transfer,Shipped,5.0,No
3732621,349623,2021-11-21,Beauty,L'Oreal,2,471.93,5.0,14.1,910.77,Card,Shipped,5.0,Yes
1197764,765773,2021-03-24,Beauty,Nivea,5,886.11,5.0,6.3,4215.32,Google Pay,Shipped,1.0,
3476189,739259,2026-05-16,Electronics,Sony,2,410.45,5.0,14.12,793.97,PayPal,Processing,4.0,N
1189293,644206,2022-07-18,Clothing,Zara,5,776.6,5.0,15.9,3704.75,PayPal,Delivered,1.0,Yes
9352811,251386,2021-01-13,Office,HP,4,259.45,,9.28,1047.08,Google Pay,Cancelled,5.0,Yes
2505562,158752,2022-06-24,Sports,Wilson,5,424.04,0.0,9.29,2129.49,Card,Returned,1.0,No
8798123,458085,2025-07-24,Clothing,Adidas,2,378.83,,2.03,759.69,Google Pay,Returned,,
1869143,805728,2025-10-09,Beauty,L'Oreal,2,887.23,20.0,2.67,1422.24,Card,Processing,,
8609730,219014,2021-04-10,Office,HP,4,180.16,0.0,16.74,737.38,Bank Transfer,Shipped,,Y
9180545,637965,2023-06-18,Beauty,Nivea,4,787.02,,0.53,3148.61,Bank Transfer,Cancelled,3.0,Yes
4288623,280564,2021-11-16,Beauty,Nivea,5,572.34,20.0,5.95,2295.31,Google Pay,Delivered,5.0,Yes
4327764,669412,2024-08-12,Electronics,Sony,2,21.39,20.0,2.14,36.36,PayPal,Delivered,,Yes
3272454,773966,2023-01-06,Electronics,Samsung,5,317.35,20.0,17.07,1286.47,PayPal,Processing,4.0,No
5497433,756308,2021-11-10,Clothing,Nike,1,310.58,15.0,6.79,270.78,Apple Pay,Processing,3.0,Yes
9936329,611117,2024-06-20,Home,Philips,1,300.85,10.0,10.63,281.4,Google Pay,Processing,5.0,N
2511880,457548,2021-06-08,Sports,Puma,1,626.02,20.0,9.65,510.47,PayPal,Returned,2.0,
8364883,894270,2024-04-08,Electronics,Samsung,5,476.31,,10.33,2391.88,Card,Cancelled,5.0,
9615393,844936,2023-04-30,Home,IKEA,2,872.2,,0.19,1744.59,Card,Processing,2.0,
7961585,227383,2024-07-17,Pet,Purina,4,259.86,,12.18,1051.62,Apple Pay,Returned,3.0,N
1457664,711090,2025-05-12,Electronics,Apple,4,207.04,15.0,1.69,705.63,Google Pay,Shipped,5.0,
9065132,122717,2021-08-30,Office,HP,1,829.03,5.0,0.73,788.31,Apple Pay,Returned,4.0,Yes
8186443,603584,2024-10-17,Clothing,Adidas,5,209.95,10.0,1.4,946.17,Bank Transfer,Shipped,,
2555940,319376,2023-03-15,Sports,Puma,3,369.37,5.0,18.53,1071.23,Card,Delivered,2.0,Yes
3825890,501854,2024-04-28,Electronics,Sony,3,671.01,10.0,0.74,1812.47,Google Pay,Cancelled,5.0,N
8147730,762283,2021-11-01,Clothing,Zara,5,776.54,10.0,0.32,3494.75,Bank Transfer,Shipped,1.0,Yes
1008923,974353,2024-08-27,Clothing,Nike,1,309.85,5.0,6.27,300.63,Bank Transfer,Shipped,3.0,Y
9007131,283198,2024-02-19,Beauty,Nivea,2,515.71,0.0,20.42,1051.84,Card,Returned,4.0,Yes
6333288,516541,2026-04-29,Pet,Purina,4,343.02,,13.65,1385.73,Apple Pay,Processing,2.0,No
3172052,851400,2026-01-02,Pet,Purina,1,658.65,5.0,18.46,644.18,PayPal,Returned,,N
3779240,338870,2024-06-07,Clothing,Adidas,3,18.77,,11.3,67.61,PayPal,Processing,,Yes
6619153,204539,2022-03-10,Home,IKEA,5,564.05,,8.75,2829.0,PayPal,Returned,1.0,
1402755,360417,2026-05-29,Home,IKEA,4,470.09,20.0,3.51,,Card,Shipped,3.0,Y
8534430,451912,2023-06-23,Beauty,Nivea,4,727.57,,14.85,2925.13,Bank Transfer,Delivered,2.0,Y
7051784,445032,2026-02-17,Electronics,Sony,1,799.04,5.0,9.08,768.17,Apple Pay,Returned,2.0,Y
9609253,788511,2021-06-27,Beauty,L'Oreal,2,722.89,10.0,23.4,1324.6,Apple Pay,Delivered,5.0,No
8381918,357081,2025-06-20,Clothing,Adidas,5,575.68,,5.32,2883.72,Card,Returned,,Y
4997884,922632,2026-05-21,Beauty,L'Oreal,2,293.85,,10.77,598.47,Bank Transfer,Delivered,3.0,
8459909,809673,2024-12-05,Electronics,Apple,5,810.58,10.0,8.81,3656.42,Card,Cancelled,1.0,N
1335013,583713,2024-04-17,Electronics,Apple,5,220.16,0.0,3.97,1104.77,Bank Transfer,Returned,4.0,N
8780838,879077,2023-09-02,Beauty,L'Oreal,5,608.94,15.0,21.2,2609.2,Apple Pay,Delivered,1.0,N
4846615,594054,2022-06-28,Electronics,Samsung,5,338.19,15.0,10.86,1448.17,Apple Pay,Shipped,5.0,
5108624,487501,2023-04-12,Home,Philips,4,305.86,,10.8,1234.24,PayPal,Returned,3.0,N
5345355,616554,2025-02-01,Electronics,Sony,1,596.59,,19.23,615.82,Card,Processing,1.0,Y
3107050,783072,2023-12-14,Electronics,Samsung,4,212.98,15.0,3.98,728.11,Bank Transfer,Delivered,2.0,Y
3562198,910712,2021-05-23,Electronics,Apple,2,891.27,15.0,1.27,1516.43,Apple Pay,Cancelled,1.0,Yes
6005077,795392,2026-06-06,Electronics,Sony,2,867.0,15.0,2.32,1476.22,Google Pay,Shipped,3.0,Yes
5948389,858382,2024-12-19,Sports,Wilson,1,513.31,,9.09,522.4,Bank Transfer,Delivered,3.0,Y
1521335,303180,2022-08-18,Books,Penguin,3,486.0,0.0,4.01,1462.01,Google Pay,Returned,1.0,N
4876826,552975,2022-04-20,Electronics,Samsung,1,703.86,10.0,8.55,642.02,Google Pay,Cancelled,5.0,Yes
8255414,562007,2024-08-22,Clothing,Nike,5,703.64,10.0,20.31,3186.69,Google Pay,Cancelled,2.0,Y
3275322,518232,2021-05-14,Toys,Lego,4,78.6,20.0,14.74,266.26,PayPal,Shipped,,N
1316494,668353,2021-01-02,Electronics,Apple,2,815.53,20.0,6.43,1311.28,Card,Returned,3.0,N
5748036,226259,2025-01-11,Beauty,Nivea,5,927.8,0.0,7.4,4646.4,Card,Processing,3.0,N
8798640,699186,2025-01-08,Electronics,Apple,5,407.83,10.0,1.43,1836.66,PayPal,Shipped,2.0,N
2188478,611996,2023-10-08,Books,Penguin,2,580.99,10.0,21.06,1066.84,PayPal,Processing,4.0,No
5070538,379400,2026-01-20,Pet,Purina,1,832.54,0.0,3.08,835.62,Card,Shipped,5.0,Yes
9420981,980538,2022-10-18,Sports,Wilson,4,686.27,5.0,18.1,2625.93,Card,Processing,1.0,No
2087433,231297,2023-03-12,Electronics,Apple,1,845.86,0.0,4.88,850.74,Bank Transfer,Shipped,4.0,Yes
2777603,257161,2023-05-03,Electronics,Samsung,1,761.42,10.0,24.93,710.21,Apple Pay,Processing,,Yes
9510543,112522,2024-01-27,Electronics,Sony,3,949.08,5.0,15.48,2720.36,Apple Pay,Delivered,4.0,
7572075,494391,2022-02-11,Home,IKEA,2,819.95,20.0,14.85,1326.77,Card,Delivered,4.0,N
2560836,534757,2025-05-30,Clothing,Zara,3,722.9,15.0,4.81,1848.2,Google Pay,Returned,2.0,Yes
2274763,214265,2024-10-29,Clothing,Nike,5,335.51,5.0,0.37,1594.04,Card,Cancelled,4.0,Yes
6976389,937821,2025-05-13,Beauty,Nivea,4,859.33,15.0,3.37,2925.09,Card,Shipped,4.0,
1802876,127497,2022-11-19,Electronics,Samsung,1,618.34,15.0,19.12,544.71,PayPal,Returned,2.0,No
3772402,784092,2024-07-10,Sports,Puma,5,560.98,20.0,17.81,2261.73,Apple Pay,Cancelled,3.0,Yes
2480183,178209,2026-06-23,Electronics,Samsung,5,714.12,10.0,17.17,3230.71,Google Pay,Returned,4.0,No
6165446,291853,2022-05-10,Sports,Puma,4,157.77,20.0,22.02,526.88,Card,Returned,2.0,Yes
6642479,581083,2022-08-16,Clothing,Nike,3,220.11,5.0,10.12,637.43,Card,Shipped,4.0,Y
7458585,903290,2024-06-05,Pet,Purina,2,381.1,20.0,6.89,616.65,Card,Returned,3.0,No
9370270,495331,2025-07-14,Home,IKEA,5,983.96,20.0,19.42,3955.26,Card,Processing,,Yes
1038829,799632,2026-03-17,Toys,Lego,4,283.54,,17.27,1151.43,Apple Pay,Delivered,2.0,No
5978015,626427,2021-01-20,Electronics,Samsung,1,322.23,,11.9,334.13,Bank Transfer,Shipped,3.0,Y
5315475,936628,2026-04-18,Electronics,Sony,2,304.23,5.0,19.28,597.32,Card,Returned,2.0,Y
8963929,954529,2021-11-22,Books,Penguin,2,706.71,,21.77,1435.19,Apple Pay,Shipped,,N
3054320,402517,2023-09-03,Beauty,L'Oreal,2,110.06,15.0,9.09,196.19,Google Pay,Shipped,2.0,N
2737846,263065,2021-08-08,Sports,Wilson,2,390.14,0.0,11.35,791.63,PayPal,Returned,1.0,Y
1134203,261783,2021-12-04,Electronics,Samsung,1,550.93,15.0,10.51,478.8,Card,Shipped,,No
2336319,650086,2021-10-06,Clothing,Nike,4,173.75,5.0,21.17,681.42,Card,Returned,5.0,N
1214930,966149,2022-11-21,Home,IKEA,5,629.91,10.0,19.38,2853.97,Bank Transfer,Delivered,5.0,
4707442,210871,2024-02-23,Office,HP,4,781.91,10.0,3.88,2818.76,Card,Cancelled,1.0,
5486719,366955,2025-07-31,Books,Penguin,5,165.34,20.0,23.86,685.22,Card,Delivered,3.0,
5502541,119699,2022-12-25,Grocery,Nestle,2,114.45,5.0,20.41,237.86,Bank Transfer,Processing,1.0,
9280684,586991,2025-10-20,Grocery,Nestle,3,730.88,0.0,6.95,2199.59,Card,Shipped,,No
8968090,515810,2021-06-23,Clothing,Zara,3,202.98,5.0,7.04,585.53,Card,Returned,,Y
2872034,950260,2026-01-09,Home,IKEA,1,831.74,10.0,17.71,766.28,PayPal,Returned,,Yes
5488508,764585,2023-08-04,Electronics,Samsung,5,384.48,0.0,0.95,1923.35,Bank Transfer,Processing,4.0,No
9793351,838913,2021-04-04,Office,HP,3,953.94,,3.53,2865.35,Apple Pay,Cancelled,4.0,N
9275993,871830,2024-08-20,Home,Philips,5,831.19,,7.9,4163.85,Card,Delivered,1.0,Yes
4606070,931455,2024-05-06,Clothing,Zara,5,495.68,,21.38,2499.78,Card,Cancelled,3.0,Yes
4114039,339459,2021-08-22,Beauty,L'Oreal,5,867.96,20.0,16.46,3488.3,Card,Processing,3.0,N
3406163,663852,2022-01-07,Electronics,Apple,1,549.75,20.0,21.18,460.98,Card,Shipped,,Yes
6695723,829292,2024-05-24,Electronics,Samsung,1,965.28,,2.9,968.18,Bank Transfer,Cancelled,5.0,Yes
1599840,509775,2023-08-09,Grocery,Nestle,3,98.19,10.0,18.59,283.7,Bank Transfer,Returned,4.0,No
4536146,105582,2021-12-17,Beauty,Nivea,4,282.45,10.0,3.73,1020.55,Bank Transfer,Cancelled,2.0,Yes
8985498,670554,2026-05-09,Office,HP,5,41.8,0.0,19.56,228.56,PayPal,Processing,1.0,No
2495250,942911,2025-11-22,Grocery,Nestle,1,580.69,10.0,17.32,539.94,Card,Returned,1.0,N
3505913,361592,2025-01-25,Electronics,Apple,4,662.85,,14.47,2665.87,Google Pay,Processing,,
7892631,543516,2025-02-10,Electronics,Samsung,5,437.9,10.0,23.95,1994.5,Card,Delivered,1.0,
7776984,266623,2025-11-13,Clothing,Adidas,2,705.62,0.0,14.32,1425.56,Card,Delivered,2.0,
1446028,794438,2023-02-28,Electronics,Sony,5,888.25,15.0,15.85,3790.91,Google Pay,Processing,3.0,N
2877048,287750,2021-11-15,Grocery,Nestle,5,775.5,0.0,5.16,3882.66,PayPal,Shipped,2.0,No
8977689,459111,2022-08-04,Electronics,Sony,2,890.54,10.0,11.8,1614.77,Card,Returned,2.0,N
1757555,794580,2025-12-08,Electronics,Sony,5,602.47,10.0,15.62,2726.74,Card,Returned,3.0,
9581215,350767,2021-04-05,Electronics,Samsung,3,978.47,,20.5,2955.91,Card,Processing,2.0,
5116642,179751,2021-12-04,Books,Penguin,5,670.91,5.0,0.17,3186.99,Google Pay,Delivered,3.0,Y
2801842,912667,2026-06-07,Electronics,Apple,4,200.68,15.0,5.09,687.4,PayPal,Processing,1.0,N
2260234,662412,2023-10-19,Electronics,Apple,1,387.47,10.0,9.66,358.38,Bank Transfer,Shipped,3.0,
8461292,684954,2021-07-16,Home,IKEA,5,223.83,10.0,15.19,1022.43,Card,Delivered,,
3065335,268766,2021-08-14,Beauty,L'Oreal,3,791.24,5.0,16.87,2271.9,PayPal,Processing,1.0,No
2016330,284137,2023-05-30,Home,IKEA,3,801.69,0.0,22.42,2427.49,PayPal,Returned,4.0,Yes
4563246,493932,2026-02-17,Clothing,Adidas,4,346.65,5.0,6.01,1323.28,Apple Pay,Processing,2.0,N
3055428,713786,2025-11-16,Electronics,Apple,4,423.62,5.0,21.76,1631.52,Card,Processing,4.0,N
3652954,122621,2024-01-10,Home,IKEA,1,608.81,0.0,5.82,614.63,Card,Delivered,5.0,N
4964567,638043,2026-04-24,Beauty,Nivea,5,677.82,,2.95,3392.05,Card,Cancelled,5.0,N
3835212,327397,2025-09-21,Beauty,Nivea,4,165.12,20.0,24.42,552.8,Bank Transfer,Cancelled,2.0,Y
8233641,548187,2021-07-30,Clothing,Zara,2,627.28,15.0,22.89,1089.27,Card,Returned,3.0,
2003717,347110,2025-01-15,Clothing,Zara,2,640.94,,15.93,1297.81,Apple Pay,Delivered,3.0,Yes
4731355,932989,2024-08-17,Home,Philips,2,381.76,5.0,20.95,746.29,PayPal,Processing,1.0,Y
9202164,142420,2024-04-30,Home,Philips,2,630.79,15.0,6.91,1079.25,PayPal,Returned,,Yes
8112616,640710,2022-01-15,Home,IKEA,4,6.27,15.0,21.64,42.96,Apple Pay,Cancelled,3.0,
3855643,859824,2023-06-07,Books,Penguin,1,739.02,,19.96,758.98,Google Pay,Shipped,2.0,Y
9253337,299480,2022-02-04,Clothing,Nike,2,93.46,5.0,19.28,196.85,Bank Transfer,Processing,5.0,Yes
8693201,834323,2025-04-18,Home,Philips,5,218.16,0.0,10.85,1101.65,Bank Transfer,Shipped,1.0,Y
4653073,628513,2024-01-23,Books,Penguin,3,946.55,5.0,2.7,2700.37,Card,Shipped,,N
2007615,824161,2022-09-30,Clothing,Zara,1,251.06,15.0,22.16,235.56,PayPal,Delivered,,Yes
7851971,741589,2021-11-07,Office,HP,1,264.78,,3.04,267.82,Google Pay,Processing,4.0,N
7763119,785303,2021-08-13,Electronics,Sony,1,800.75,,10.62,811.37,Apple Pay,Returned,5.0,No
5404663,662827,2021-08-29,Office,HP,4,770.69,5.0,2.4,2931.02,Bank Transfer,Cancelled,4.0,Y
1833393,180971,2023-04-20,Sports,Puma,5,507.85,0.0,24.02,2563.27,Google Pay,Returned,2.0,N
7821253,359958,2025-09-12,Clothing,Nike,3,726.17,15.0,8.15,1859.88,Card,Delivered,1.0,
8805689,517504,2021-03-22,Electronics,Apple,1,381.2,10.0,5.82,348.9,PayPal,Delivered,5.0,Y
4514643,917340,2023-10-28,Pet,Purina,2,891.94,5.0,14.87,1709.56,Card,Processing,5.0,Y
7577614,587532,2022-12-31,Clothing,Nike,1,681.65,0.0,18.96,700.61,Card,Returned,,Yes
3049927,224878,2023-08-04,Books,Penguin,1,799.28,,18.6,817.88,Apple Pay,Cancelled,,N
8248104,694555,2022-09-18,Home,IKEA,1,190.64,15.0,10.23,172.27,Card,Cancelled,3.0,Yes
8903051,775165,2023-02-04,Beauty,Nivea,4,431.69,0.0,9.65,1736.41,Apple Pay,Delivered,4.0,Yes
7930902,150695,2025-04-20,Clothing,Zara,4,193.29,15.0,18.1,675.29,Card,Cancelled,4.0,
1956357,505785,2026-01-12,Books,Penguin,5,426.12,,4.28,2134.88,Apple Pay,Delivered,3.0,N
3653004,194041,2023-03-14,Sports,Wilson,2,743.38,,4.01,1490.77,PayPal,Delivered,1.0,Y
6886880,687163,2025-04-04,Electronics,Sony,3,483.83,10.0,23.57,1329.91,PayPal,Shipped,5.0,
8657663,199185,2022-12-16,Electronics,Sony,2,527.06,5.0,5.54,1006.95,Bank Transfer,Processing,3.0,Y
5505354,772594,2024-02-25,Electronics,Samsung,5,554.65,10.0,12.7,2508.62,Card,Shipped,2.0,
8888668,954592,2022-02-11,Home,IKEA,1,486.03,20.0,11.13,399.95,Card,Shipped,3.0,N
9434580,602187,2024-01-06,Electronics,Sony,5,226.61,5.0,7.08,1083.48,Card,Cancelled,5.0,N
1585063,147164,2022-07-27,Clothing,Zara,2,771.69,10.0,15.76,1404.8,Bank Transfer,Shipped,2.0,Y
5552059,643662,2022-04-02,Home,IKEA,4,971.19,20.0,9.75,3117.56,Card,Shipped,,N
4054980,350812,2022-09-30,Electronics,Sony,2,485.91,20.0,9.13,786.59,Bank Transfer,Cancelled,3.0,Yes
3653996,915116,2024-01-27,Electronics,Sony,1,884.12,20.0,3.67,710.97,PayPal,Shipped,4.0,Yes
3401519,112759,2023-04-10,Toys,Lego,2,28.36,20.0,18.93,64.31,Card,Processing,4.0,N
5515459,121863,2024-06-11,Clothing,Zara,3,742.8,10.0,0.42,2005.98,Card,Shipped,,N
6668456,427163,2024-07-17,Clothing,Nike,2,99.12,0.0,3.58,201.82,PayPal,Shipped,,Y
5588585,589086,2026-02-06,Clothing,Adidas,1,562.52,20.0,17.81,467.83,PayPal,Processing,,
5788083,391580,2021-06-07,Beauty,L'Oreal,2,491.46,5.0,10.53,944.3,Card,Returned,4.0,No
6288608,858054,2025-06-27,Grocery,Nestle,3,429.27,20.0,7.36,1037.61,Google Pay,Processing,,
4127286,535745,2022-06-23,Clothing,Nike,5,920.14,0.0,4.93,4605.63,Bank Transfer,Delivered,4.0,
3781252,274795,2024-11-02,Toys,Lego,3,320.79,5.0,10.85,925.1,Google Pay,Shipped,3.0,N
1760473,723867,2021-04-27,Clothing,Nike,2,211.87,15.0,11.64,371.82,Card,Delivered,1.0,Yes
9618512,239671,2024-10-28,Home,IKEA,5,252.2,10.0,0.24,1135.14,Google Pay,Processing,5.0,Yes
7584686,688948,2021-06-13,Electronics,Apple,2,580.8,0.0,20.52,1182.12,Card,Returned,,
7977699,841893,2024-09-07,Books,Penguin,5,158.35,0.0,8.78,800.53,Google Pay,Delivered,3.0,Yes
6354008,966882,2026-03-14,Clothing,Nike,1,225.33,10.0,15.97,218.77,Bank Transfer,Delivered,5.0,No
6061765,433782,2022-06-11,Electronics,Samsung,1,307.23,,23.65,330.88,Card,Delivered,,
6134053,908031,2025-06-19,Clothing,Zara,2,926.76,0.0,9.11,1862.63,Card,Shipped,1.0,Yes
3018384,660661,2021-05-28,Electronics,Sony,5,590.31,20.0,17.17,2378.41,Bank Transfer,Returned,5.0,Yes
7896982,767420,2022-01-13,Beauty,Nivea,3,725.11,15.0,20.87,1869.9,Bank Transfer,Returned,5.0,N
2121395,570480,2022-05-28,Beauty,L'Oreal,5,411.89,,8.05,2067.5,Apple Pay,Processing,1.0,Yes
3449516,625952,2021-05-12,Home,IKEA,5,505.14,10.0,7.79,2280.92,Card,Returned,1.0,N
1617428,942053,2023-11-21,Electronics,Samsung,3,40.89,,11.48,134.15,Card,Returned,4.0,Y
5048701,537893,2022-12-27,Clothing,Adidas,5,150.78,5.0,4.98,721.18,Apple Pay,Processing,5.0,Y
5160878,680722,2026-05-11,Office,HP,2,328.52,20.0,18.71,544.34,Apple Pay,Cancelled,4.0,Yes
1561360,275760,2021-08-04,Home,IKEA,5,819.17,20.0,23.52,3300.2,Google Pay,Shipped,,No
8040427,832830,2023-05-18,Electronics,Sony,1,933.76,15.0,23.29,816.99,Card,Shipped,3.0,N
2669940,514695,2021-02-04,Electronics,Sony,3,742.96,,24.16,2253.04,Apple Pay,Delivered,4.0,
5651630,832477,2022-04-18,Electronics,Samsung,4,764.6,15.0,10.65,2610.29,Card,Shipped,5.0,Y
3006785,507989,2025-10-14,Beauty,Nivea,2,123.76,0.0,8.82,256.34,Card,Delivered,2.0,N
1315137,947643,2021-05-31,Clothing,Zara,2,790.29,0.0,5.89,1586.47,Card,Shipped,2.0,No
9726939,310469,2021-05-05,Home,IKEA,4,38.21,15.0,8.77,138.68,Apple Pay,Delivered,3.0,N
4729002,619458,2024-07-22,Grocery,Nestle,5,663.62,0.0,4.99,3323.09,Bank Transfer,Processing,1.0,No
2498453,956601,2021-08-17,Pet,Purina,2,932.89,,8.06,1873.84,Apple Pay,Returned,3.0,N
2835490,391955,2021-09-20,Clothing,Zara,4,190.61,,9.07,771.51,Card,Shipped,3.0,Yes
3635302,477477,2025-06-03,Electronics,Samsung,2,95.46,15.0,1.83,164.11,Card,Processing,1.0,Y
8363604,258844,2021-04-07,Sports,Wilson,4,969.21,5.0,10.81,3693.81,PayPal,Cancelled,,Yes
9563341,372055,2026-03-01,Books,Penguin,1,822.82,10.0,8.71,749.25,Apple Pay,Returned,3.0,Y
2902075,694410,2023-01-11,Home,Philips,1,643.95,15.0,12.75,560.11,PayPal,Processing,,Y
6354554,393064,2023-10-08,Pet,Purina,4,451.03,20.0,3.79,1447.09,Bank Transfer,Delivered,4.0,Yes
6672048,985882,2023-11-21,Sports,Puma,4,262.89,10.0,13.42,959.82,Card,Cancelled,2.0,N
9502622,283665,2022-02-18,Electronics,Samsung,2,836.25,15.0,3.16,1424.79,Apple Pay,Processing,5.0,N
2219176,918477,2024-01-14,Home,IKEA,2,493.45,,2.31,989.21,Bank Transfer,Delivered,,No
6346802,855979,2026-05-11,Electronics,Apple,4,133.82,20.0,7.96,436.18,Google Pay,Processing,4.0,N
9717326,752256,2023-04-19,Clothing,Zara,2,6.11,10.0,17.33,28.33,PayPal,Processing,1.0,No
5702288,187727,2023-10-20,Toys,Lego,4,303.09,5.0,3.72,1155.46,Card,Delivered,5.0,N
3345079,866548,2023-12-24,Electronics,Samsung,1,602.28,0.0,6.02,608.3,Bank Transfer,Returned,3.0,Yes
5301892,478036,2023-09-22,Electronics,Apple,4,968.24,20.0,20.22,3118.59,Apple Pay,Delivered,2.0,N
4903087,452441,2022-10-31,Electronics,Samsung,3,474.46,20.0,17.1,1155.8,PayPal,Returned,1.0,No
6889845,249643,2024-01-22,Beauty,Nivea,2,248.02,10.0,11.42,457.86,Card,Delivered,4.0,No
2043095,371023,2025-07-30,Electronics,Sony,2,270.63,20.0,14.02,447.03,Apple Pay,Cancelled,2.0,Y
9019885,367397,2021-07-16,Toys,Lego,4,967.51,5.0,12.59,3689.13,PayPal,Returned,,Yes
9617930,364528,2023-06-07,Beauty,Nivea,5,143.5,20.0,23.54,597.54,Apple Pay,Shipped,4.0,Yes
4839918,466323,2026-02-24,Home,IKEA,4,313.36,0.0,23.2,1276.64,Card,Returned,3.0,Yes
3309814,502928,2025-12-21,Home,Philips,2,367.75,20.0,17.73,606.13,Bank Transfer,Cancelled,3.0,
6065491,392692,2022-06-14,Home,IKEA,5,337.76,15.0,0.11,1435.59,PayPal,Delivered,3.0,Y
1309517,692936,2021-07-30,Pet,Purina,2,908.73,,11.15,,PayPal,Delivered,3.0,
9893130,590483,2021-10-18,Sports,Wilson,3,425.67,15.0,6.09,1091.55,Apple Pay,Cancelled,2.0,No
1370925,114122,2023-03-11,Electronics,Samsung,3,231.37,,21.09,715.2,Bank Transfer,Cancelled,5.0,Yes
3428160,256271,2022-10-22,Sports,Wilson,3,172.3,,14.43,531.33,Card,Cancelled,,Y
9064412,236589,2022-07-25,Clothing,Zara,4,500.95,5.0,6.64,1910.25,Apple Pay,Delivered,4.0,
9694467,365000,2022-07-07,Home,IKEA,3,43.91,10.0,1.58,,Google Pay,Returned,3.0,N
5102168,336889,2022-02-10,Clothing,Adidas,1,877.17,15.0,16.67,762.26,Google Pay,Returned,5.0,Yes
9347271,306049,2021-12-22,Home,Philips,2,936.05,5.0,1.89,1780.38,Google Pay,Cancelled,1.0,N
7932048,173882,2025-04-07,Office,HP,5,771.39,0.0,12.1,3869.05,PayPal,Cancelled,5.0,
2261066,940644,2022-02-03,Home,Philips,4,796.72,10.0,7.44,2875.63,Apple Pay,Processing,,Y
4570456,663669,2024-09-16,Clothing,Adidas,3,923.68,20.0,24.51,2241.34,Apple Pay,Shipped,3.0,N
8337103,748467,2021-05-22,Clothing,Nike,1,320.59,10.0,3.63,292.16,Card,Shipped,2.0,No
9407946,308049,2022-07-29,Clothing,Adidas,5,385.9,,22.73,1952.23,Card,Shipped,5.0,N
5149213,669389,2022-10-26,Clothing,Zara,4,871.46,0.0,4.36,3490.2,Bank Transfer,Shipped,,
1761430,550066,2022-09-10,Electronics,Sony,1,54.28,0.0,24.25,78.53,Apple Pay,Processing,4.0,
4937955,850895,2024-07-24,Sports,Wilson,3,245.79,,12.82,750.19,Apple Pay,Processing,5.0,Y
5485065,351478,2023-11-06,Home,IKEA,3,809.69,15.0,2.91,2067.62,Card,Shipped,3.0,N
9264463,705670,2024-06-19,Home,IKEA,3,844.77,10.0,13.58,2294.46,Bank Transfer,Shipped,3.0,
6404983,245954,2023-05-10,Home,IKEA,2,910.95,10.0,12.31,1652.02,Card,Cancelled,3.0,No
8731832,680821,2025-11-13,Clothing,Adidas,3,743.85,,21.97,2253.52,Apple Pay,Cancelled,3.0,No
9388221,582873,2026-06-15,Beauty,L'Oreal,5,43.88,15.0,13.84,200.33,Card,Cancelled,1.0,No
2994397,510326,2024-03-08,Clothing,Nike,2,923.0,,21.36,1867.36,Card,Delivered,1.0,Yes
9255888,846090,2025-04-05,Electronics,Samsung,1,496.3,15.0,18.29,440.15,Bank Transfer,Cancelled,5.0,N
4419265,305350,2022-06-11,Books,Penguin,3,780.21,20.0,9.56,1882.06,Google Pay,Delivered,4.0,Yes
6848414,186580,2025-10-09,Clothing,Nike,1,293.16,0.0,21.35,314.51,Apple Pay,Returned,3.0,
7975032,755784,2021-12-06,Pet,Purina,2,153.34,20.0,24.08,269.42,Google Pay,Shipped,,Yes
8070399,180897,2024-08-18,Clothing,Adidas,4,963.39,0.0,13.14,3866.7,Apple Pay,Returned,4.0,Y
8183513,260516,2023-04-25,Electronics,Samsung,3,857.23,,4.45,2576.14,Bank Transfer,Shipped,2.0,
2118508,924379,2026-02-10,Toys,Lego,1,454.22,,0.02,454.24,Card,Returned,3.0,
8716087,799711,2021-09-23,Pet,Purina,5,40.47,10.0,13.95,196.06,Google Pay,Delivered,1.0,No
5429893,160319,2022-03-05,Clothing,Adidas,4,599.21,15.0,2.83,2040.14,Apple Pay,Returned,5.0,N
1308982,131730,2025-10-31,Clothing,Zara,1,982.49,10.0,20.13,904.37,Google Pay,Delivered,3.0,
4868961,882601,2026-05-09,Clothing,Adidas,5,561.32,10.0,7.11,2533.05,Google Pay,Cancelled,3.0,N
3620835,525079,2023-12-18,Electronics,Samsung,1,840.5,15.0,4.22,718.64,PayPal,Delivered,3.0,Yes
9158422,501215,2025-05-03,Pet,Purina,3,168.99,0.0,15.66,522.63,PayPal,Shipped,5.0,No
5034093,537522,2021-08-20,Clothing,Zara,3,739.45,5.0,2.95,2110.38,Apple Pay,Processing,4.0,N
7690368,815560,2021-12-06,Books,Penguin,5,29.09,10.0,7.02,137.93,Card,Delivered,5.0,
8530035,244131,2023-03-29,Toys,Lego,1,201.69,15.0,14.01,185.45,Bank Transfer,Shipped,3.0,N
8044027,719714,2022-10-12,Electronics,Sony,3,235.34,10.0,1.42,636.84,Google Pay,Delivered,3.0,Yes
8327277,725899,2025-07-19,Toys,Lego,5,726.01,20.0,20.64,2924.68,Apple Pay,Cancelled,1.0,
2934101,235450,2022-09-15,Electronics,Apple,2,427.04,15.0,8.39,734.36,Apple Pay,Shipped,1.0,Yes
7216292,805364,2023-12-14,Electronics,Samsung,2,734.22,5.0,11.26,1406.28,Google Pay,Cancelled,2.0,
6070868,664660,2023-09-17,Electronics,Samsung,5,17.66,0.0,5.56,93.86,Card,Processing,5.0,
9212295,672889,2023-12-14,Electronics,Samsung,3,285.06,15.0,3.98,730.88,Apple Pay,Returned,2.0,Yes
2126941,177770,2021-11-26,Electronics,Samsung,4,467.2,5.0,7.85,1783.21,PayPal,Delivered,,No
3871366,352935,2023-10-07,Clothing,Zara,1,336.63,15.0,12.16,298.3,Bank Transfer,Shipped,,No
1488349,991205,2023-10-08,Toys,Lego,5,99.29,0.0,24.01,520.46,Apple Pay,Processing,5.0,No
2849624,500208,2023-06-02,Grocery,Nestle,4,645.03,10.0,19.74,2341.85,Google Pay,Shipped,5.0,Y
1149406,246199,2022-01-29,Grocery,Nestle,1,136.21,15.0,8.22,124.0,Apple Pay,Shipped,3.0,No
4009053,399547,2021-12-25,Clothing,Zara,2,604.98,0.0,14.6,1224.56,Apple Pay,Processing,,N
3244599,312244,2024-09-24,Electronics,Sony,2,722.5,10.0,15.86,1316.36,PayPal,Shipped,,N
1801669,793904,2022-11-05,Books,Penguin,1,696.8,20.0,23.39,580.83,Card,Delivered,3.0,No
2552712,853829,2022-10-23,Sports,Puma,2,636.61,5.0,21.78,1231.34,PayPal,Shipped,2.0,N
3777228,516469,2023-02-16,Clothing,Zara,1,909.75,15.0,7.95,781.24,Bank Transfer,Shipped,3.0,Yes
5862161,474196,2021-07-03,Electronics,Samsung,3,288.99,0.0,5.58,872.55,Card,Cancelled,3.0,Y
6423372,885444,2021-09-11,Electronics,Apple,2,884.35,10.0,18.59,1610.42,Apple Pay,Shipped,3.0,No
3480563,979332,2024-02-17,Toys,Lego,5,864.8,5.0,2.04,4109.84,PayPal,Shipped,4.0,
4491261,286964,2024-02-18,Office,HP,5,148.33,5.0,3.83,708.4,Google Pay,Delivered,2.0,No
5703078,336033,2025-01-25,Books,Penguin,3,895.27,15.0,23.41,2306.35,Google Pay,Processing,3.0,Y
2018301,412309,2023-02-28,Home,Philips,4,735.27,0.0,20.21,2961.29,Google Pay,Returned,5.0,N
9498405,843787,2021-07-01,Clothing,Nike,5,959.95,5.0,10.86,4570.62,PayPal,Processing,4.0,Yes
1901266,250787,2023-11-19,Toys,Lego,2,13.85,20.0,16.18,38.34,Apple Pay,Cancelled,1.0,
1911574,464611,2022-07-17,Home,Philips,1,849.99,15.0,13.31,735.8,Card,Cancelled,,No
4320366,616027,2023-05-22,Home,IKEA,5,253.27,,16.98,1283.33,Google Pay,Processing,2.0,Y
5127021,661369,2023-05-18,Grocery,Nestle,3,932.88,10.0,4.46,2523.24,Card,Cancelled,1.0,N
7160933,405941,2022-03-03,Clothing,Nike,3,771.84,0.0,2.77,2318.29,Google Pay,Cancelled,1.0,
6988643,192886,2022-04-14,Toys,Lego,5,678.34,10.0,1.95,3054.48,Bank Transfer,Delivered,4.0,Y
5883296,639266,2021-03-13,Home,Philips,4,782.03,15.0,3.09,2661.99,Bank Transfer,Processing,3.0,Y
9391158,967542,2022-12-27,Home,Philips,2,857.57,20.0,21.48,1393.59,PayPal,Returned,,Y
9133302,413456,2021-04-22,Home,IKEA,4,784.33,20.0,9.64,2519.5,Card,Processing,3.0,Y
5109933,318979,2024-05-16,Electronics,Samsung,4,440.92,,6.15,1769.83,Apple Pay,Returned,3.0,Y
4983990,839644,2024-01-25,Pet,Purina,4,802.59,5.0,13.21,3063.05,PayPal,Delivered,4.0,No
5461594,585965,2024-12-06,Toys,Lego,3,37.4,,16.88,129.08,Google Pay,Cancelled,5.0,Y
5352039,122965,2024-12-09,Beauty,L'Oreal,3,928.06,0.0,6.97,2791.15,PayPal,Delivered,4.0,N
6105340,404397,2025-06-22,Toys,Lego,4,485.7,5.0,19.85,1865.51,Apple Pay,Shipped,3.0,No
5347937,939427,2022-04-30,Clothing,Nike,2,249.81,15.0,5.26,429.94,Bank Transfer,Shipped,4.0,N
4246079,949559,2023-06-08,Pet,Purina,3,851.68,20.0,1.43,2045.46,Card,Delivered,4.0,
3431231,752288,2024-12-13,Beauty,L'Oreal,3,123.55,,4.83,375.48,PayPal,Delivered,2.0,Yes
3264562,721380,2025-12-01,Electronics,Apple,4,273.88,15.0,24.79,955.98,Google Pay,Delivered,5.0,
1464245,208044,2025-04-24,Toys,Lego,2,929.1,0.0,20.33,1878.53,Bank Transfer,Cancelled,2.0,Yes
3685516,745068,2025-03-13,Grocery,Nestle,5,36.05,20.0,21.94,166.14,PayPal,Processing,4.0,N
6163659,490733,2025-04-30,Clothing,Nike,4,324.79,15.0,9.91,1114.2,Google Pay,Cancelled,5.0,Yes
9917477,891411,2025-01-31,Electronics,Apple,3,325.96,,23.77,1001.65,Google Pay,Processing,3.0,Yes
9278946,565140,2022-12-21,Sports,Puma,1,497.49,15.0,18.49,441.36,Google Pay,Processing,1.0,Yes
8892840,367278,2021-07-05,Clothing,Zara,1,767.96,15.0,7.4,660.17,Bank Transfer,Returned,4.0,N
1276279,748397,2023-01-29,Beauty,Nivea,2,542.82,15.0,5.15,927.94,Google Pay,Cancelled,4.0,Yes
7394716,161077,2021-09-27,Clothing,Nike,5,470.2,,16.02,2367.02,Card,Returned,3.0,Yes
3442725,154593,2023-04-05,Sports,Puma,1,752.88,15.0,23.47,663.42,Google Pay,Processing,2.0,
7648619,968803,2021-08-01,Clothing,Adidas,3,404.46,15.0,8.85,1040.22,Card,Delivered,5.0,
3470223,919203,2023-07-24,Electronics,Sony,3,683.09,0.0,19.76,2069.03,PayPal,Returned,1.0,Y
4462384,430935,2023-02-13,Sports,Wilson,4,956.97,20.0,18.57,3080.87,Bank Transfer,Delivered,2.0,Y
1075253,267669,2021-12-03,Books,Penguin,1,570.95,5.0,15.46,557.86,Google Pay,Shipped,3.0,
2576571,951728,2026-05-16,Electronics,Apple,1,335.41,0.0,5.86,341.27,Apple Pay,Cancelled,4.0,
7540692,238798,2022-04-19,Home,Philips,2,432.82,10.0,15.19,794.27,Card,Processing,2.0,
8380928,759754,2022-06-09,Toys,Lego,1,980.39,20.0,14.4,798.71,Card,Delivered,4.0,Y
1952936,961803,2025-03-25,Electronics,Samsung,5,522.04,10.0,7.65,2356.83,Card,Cancelled,,N
1459295,208309,2023-09-17,Home,IKEA,3,894.16,,14.62,2697.1,Bank Transfer,Cancelled,2.0,
7427888,217983,2023-08-26,Clothing,Nike,2,964.42,,4.65,1933.49,Google Pay,Returned,2.0,Y
9365339,995470,2025-11-20,Electronics,Sony,5,228.11,15.0,6.71,976.18,Card,Returned,3.0,N
6841188,556437,2023-01-21,Home,Philips,5,204.53,5.0,23.41,994.93,Apple Pay,Processing,3.0,Yes
8702246,764197,2024-04-08,Electronics,Sony,4,910.47,15.0,22.54,3118.14,Google Pay,Shipped,4.0,Y
8847967,714989,2024-10-10,Clothing,Adidas,5,207.59,5.0,23.75,1009.8,Bank Transfer,Processing,,Yes
6623228,357844,2024-02-16,Sports,Wilson,5,375.93,5.0,15.46,1801.13,Google Pay,Delivered,3.0,
8997473,880841,2026-03-24,Toys,Lego,5,341.11,10.0,22.78,1557.78,Card,Shipped,,
5363608,317969,2021-05-20,Electronics,Sony,2,599.02,15.0,0.1,1018.43,Bank Transfer,Processing,4.0,Yes
6485056,628728,2022-02-28,Sports,Wilson,2,374.67,15.0,10.54,647.48,PayPal,Processing,4.0,N
5424094,632384,2025-07-13,Electronics,Apple,4,869.45,15.0,18.8,2974.93,PayPal,Cancelled,2.0,Y
9074256,516098,2023-07-23,Electronics,Samsung,2,526.85,15.0,11.75,907.39,Apple Pay,Returned,3.0,No
1949450,227471,2024-05-13,Sports,Puma,4,204.6,15.0,11.86,707.5,PayPal,Processing,3.0,No
3452043,842247,2026-04-07,Electronics,Samsung,1,379.2,5.0,19.14,379.38,PayPal,Cancelled,1.0,Y
2549406,322481,2025-09-10,Electronics,Sony,2,423.8,10.0,4.66,767.5,Google Pay,Shipped,3.0,
6103143,959079,2023-10-12,Sports,Puma,2,716.08,10.0,19.19,1308.13,PayPal,Delivered,5.0,Y
1106901,502464,2025-02-07,Sports,Puma,5,635.19,5.0,2.94,3020.09,PayPal,Returned,5.0,No
1263523,792954,2022-07-09,Clothing,Nike,3,696.71,15.0,13.59,1790.2,Google Pay,Processing,2.0,Yes
9828283,642580,2022-05-01,Books,Penguin,5,68.17,0.0,9.87,350.72,Apple Pay,Cancelled,3.0,
6473954,240461,2023-07-05,Toys,Lego,4,573.63,5.0,6.38,2186.17,PayPal,Delivered,1.0,N
3182476,953428,2025-04-10,Electronics,Sony,5,356.48,10.0,10.2,1614.36,Google Pay,Shipped,3.0,Y
8610572,851042,2021-10-23,Clothing,Zara,4,742.71,10.0,2.03,2675.79,Google Pay,Cancelled,4.0,Yes
4729754,706442,2026-02-01,Clothing,Adidas,2,507.53,0.0,0.54,1015.6,Google Pay,Shipped,5.0,Yes
1707750,366971,2023-04-01,Beauty,L'Oreal,3,976.55,15.0,12.62,2502.82,Apple Pay,Cancelled,2.0,No
6132900,860288,2022-01-31,Toys,Lego,4,156.27,10.0,4.36,566.93,PayPal,Cancelled,2.0,No
9157866,103808,2023-10-04,Electronics,Samsung,5,541.11,20.0,4.13,2168.57,PayPal,Delivered,1.0,No
1198111,852574,2023-03-25,Electronics,Sony,2,665.41,0.0,21.3,1352.12,Bank Transfer,Shipped,,No
1700642,226763,2026-03-26,Pet,Purina,2,184.82,0.0,1.3,370.94,Card,Delivered,5.0,N
4036267,947897,2021-02-10,Beauty,L'Oreal,2,583.5,0.0,21.58,1188.58,PayPal,Processing,5.0,No
2274120,311334,2024-09-15,Grocery,Nestle,2,117.97,,11.55,247.49,Card,Processing,4.0,No
2803553,900425,2023-02-26,Clothing,Zara,5,629.74,,19.2,3167.9,Google Pay,Shipped,4.0,
6501281,690047,2021-01-13,Home,IKEA,4,980.54,20.0,12.47,3150.2,Apple Pay,Cancelled,3.0,N
7814300,496414,2023-08-08,Toys,Lego,4,999.46,15.0,22.03,3420.19,Google Pay,Delivered,1.0,Yes
2962536,795259,2023-06-07,Sports,Wilson,3,854.83,15.0,4.71,2184.53,PayPal,Processing,4.0,N
4612603,605445,2026-03-06,Electronics,Sony,4,290.61,0.0,15.7,1178.14,PayPal,Cancelled,5.0,N
3583979,671470,2023-11-07,Home,Philips,1,310.46,10.0,20.85,300.26,Card,Returned,3.0,No
3172580,743387,2021-01-16,Sports,Wilson,2,697.4,15.0,19.0,1204.58,Card,Shipped,3.0,N
6032695,341873,2023-07-31,Clothing,Nike,1,324.48,20.0,14.32,273.9,PayPal,Shipped,5.0,No
5471005,380662,2022-02-14,Office,HP,4,636.07,,21.45,2565.73,Apple Pay,Shipped,,No
4366822,139539,2021-01-04,Electronics,Samsung,5,635.45,20.0,21.19,2562.99,Google Pay,Delivered,3.0,Yes
2972482,769446,2021-08-05,Home,Philips,4,199.34,5.0,6.08,763.57,Card,Cancelled,5.0,Y
4478403,275924,2024-08-23,Electronics,Sony,1,859.82,,21.11,880.93,Card,Delivered,3.0,Yes
8448771,804194,2023-04-04,Electronics,Samsung,3,379.8,15.0,0.04,968.53,Apple Pay,Cancelled,4.0,Yes
1148501,803172,2024-07-12,Clothing,Nike,5,849.62,5.0,7.88,4043.58,Card,Processing,3.0,N
3251133,681297,2022-01-24,Home,Philips,1,421.99,0.0,0.85,,PayPal,Returned,,
9473577,627294,2024-12-13,Clothing,Zara,4,328.13,20.0,22.43,1072.45,Card,Delivered,,N
1931664,344441,2021-12-05,Home,IKEA,5,261.97,,0.67,1310.52,Bank Transfer,Returned,3.0,Y
3038485,996832,2026-04-22,Clothing,Adidas,4,592.16,15.0,1.34,2014.68,Google Pay,Shipped,3.0,No
5003497,530380,2025-07-13,Books,Penguin,1,971.09,,3.51,974.6,Apple Pay,Delivered,3.0,No
4262466,386984,2023-09-17,Electronics,Sony,2,283.21,10.0,1.51,511.29,PayPal,Cancelled,5.0,N
5835666,906245,2023-02-27,Home,IKEA,1,838.47,5.0,16.55,813.1,Bank Transfer,Shipped,,Yes
2616392,793771,2025-02-09,Clothing,Nike,4,305.92,10.0,11.93,1113.24,Bank Transfer,Returned,4.0,
5610786,541651,2024-08-25,Electronics,Samsung,4,901.48,10.0,8.4,3253.73,PayPal,Processing,1.0,N
9661922,517905,2022-06-20,Pet,Purina,3,345.71,10.0,10.68,944.1,Card,Returned,,Yes
7662494,385191,2021-06-14,Clothing,Nike,3,697.8,20.0,4.32,1679.04,Card,Delivered,1.0,Y
4516776,617971,2023-07-18,Sports,Wilson,5,759.16,0.0,17.49,3813.29,Card,Shipped,5.0,Y
7536456,202479,2022-02-23,Office,HP,1,866.24,10.0,5.0,784.62,Card,Shipped,4.0,No
8191759,801796,2021-10-30,Home,IKEA,5,775.03,,2.3,3877.45,Card,Delivered,3.0,No
2794420,971394,2021-04-25,Electronics,Samsung,3,566.77,20.0,21.72,1381.97,Card,Returned,1.0,N
5488258,974292,2023-08-20,Clothing,Adidas,2,59.74,5.0,3.36,116.87,PayPal,Delivered,,N
9719823,235895,2021-04-25,Pet,Purina,2,922.24,20.0,1.55,1477.13,Google Pay,Delivered,2.0,
6732388,295719,2022-04-07,Beauty,Nivea,2,762.49,15.0,22.19,1318.42,Card,Cancelled,3.0,Y
7789835,686691,2024-12-05,Electronics,Samsung,3,101.03,10.0,10.94,283.72,PayPal,Cancelled,5.0,Y
9851907,116642,2026-03-22,Home,IKEA,3,510.53,5.0,21.32,1476.33,Apple Pay,Returned,3.0,Yes
4044935,575980,2022-07-25,Clothing,Adidas,2,245.68,,8.3,499.66,Google Pay,Shipped,5.0,Yes
5172084,890404,2024-06-24,Clothing,Nike,5,977.54,20.0,24.82,3934.98,Google Pay,Cancelled,3.0,Y
9308883,147024,2021-10-26,Clothing,Zara,2,740.01,10.0,4.25,1336.27,Card,Delivered,4.0,N
7778994,612182,2023-06-01,Electronics,Sony,1,512.8,5.0,22.65,509.81,PayPal,Shipped,,
2414334,324749,2021-05-13,Electronics,Sony,3,524.78,15.0,10.63,1348.82,Card,Delivered,2.0,Yes
9483492,513076,2022-06-05,Books,Penguin,5,684.68,,13.05,3436.45,Apple Pay,Shipped,3.0,Y
4454962,962869,2023-10-28,Sports,Puma,4,718.37,0.0,21.32,2894.8,Card,Cancelled,,Yes
9495337,865589,2022-06-15,Clothing,Zara,1,511.57,0.0,16.62,528.19,Bank Transfer,Processing,1.0,Yes
8734947,664825,2025-08-24,Electronics,Samsung,2,298.93,20.0,24.82,503.11,Google Pay,Returned,2.0,No
3880110,962292,2026-01-10,Electronics,Samsung,3,288.58,5.0,14.74,837.19,Bank Transfer,Shipped,5.0,Y
7729493,452583,2025-11-27,Electronics,Apple,4,36.79,10.0,3.79,136.23,Bank Transfer,Processing,,
7997703,355309,2021-04-17,Electronics,Sony,3,181.04,5.0,23.53,539.49,Google Pay,Processing,5.0,Yes
7543607,198595,2023-10-11,Clothing,Nike,1,719.39,10.0,23.15,670.6,Apple Pay,Shipped,5.0,
9867619,180859,2023-08-28,Home,IKEA,3,531.55,,20.4,1615.05,PayPal,Shipped,,
5131275,811057,2022-08-18,Sports,Wilson,3,44.25,5.0,21.78,147.89,Card,Shipped,5.0,N
6023814,882337,2021-10-05,Electronics,Samsung,2,960.71,5.0,17.7,1843.05,PayPal,Processing,3.0,Y
4434915,144730,2026-01-18,Clothing,Adidas,5,445.35,15.0,12.91,1905.65,Card,Returned,,No
8325898,987518,2025-05-05,Home,Philips,3,795.5,0.0,17.39,2403.89,PayPal,Cancelled,4.0,No
1539306,543198,2025-09-12,Electronics,Samsung,3,103.54,10.0,18.68,298.24,Card,Cancelled,4.0,Yes
7238498,974264,2022-10-27,Electronics,Sony,3,709.33,20.0,20.14,1722.53,Apple Pay,Cancelled,3.0,No
6598024,563234,2022-02-03,Books,Penguin,3,274.13,15.0,0.24,699.27,PayPal,Processing,,N
5396476,297961,2021-01-10,Sports,Wilson,1,71.89,0.0,12.54,84.43,Apple Pay,Shipped,1.0,No
7593765,281635,2022-12-29,Electronics,Apple,2,748.13,20.0,1.96,1198.97,Google Pay,Delivered,2.0,Yes
8403280,724235,2026-05-26,Clothing,Nike,1,895.48,,14.8,910.28,Card,Processing,1.0,No
1179134,626385,2021-08-03,Electronics,Samsung,2,484.53,15.0,14.15,837.85,Card,Processing,5.0,
8730537,299230,2022-09-01,Home,IKEA,1,834.28,20.0,0.78,668.2,Bank Transfer,Delivered,1.0,No
4094985,988508,2026-06-17,Home,IKEA,3,689.03,15.0,16.85,1773.88,Google Pay,Shipped,1.0,N
1355059,634508,2023-10-21,Electronics,Sony,2,474.34,5.0,24.33,925.58,Google Pay,Processing,2.0,
2830779,503495,2025-06-13,Beauty,Nivea,1,16.39,0.0,19.19,35.58,Google Pay,Delivered,3.0,
8166349,647177,2024-09-12,Clothing,Nike,1,451.78,15.0,0.99,385.0,Bank Transfer,Cancelled,2.0,
4927825,478060,2026-04-04,Sports,Puma,1,84.07,20.0,15.29,82.55,Card,Delivered,2.0,Y
8610429,306647,2021-09-29,Toys,Lego,3,170.57,10.0,0.83,461.37,Google Pay,Processing,1.0,Y
5663223,344023,2023-03-21,Home,Philips,4,760.17,20.0,17.1,2449.64,Google Pay,Processing,2.0,N
2787289,477205,2021-11-14,Books,Penguin,2,277.12,10.0,19.7,518.52,PayPal,Delivered,5.0,Y
3335648,790628,2024-03-23,Clothing,Nike,4,20.65,0.0,13.48,96.08,Card,Processing,3.0,
8654387,714524,2023-08-07,Home,Philips,1,24.8,0.0,9.98,34.78,Card,Returned,2.0,N
9150496,893923,2021-02-21,Clothing,Adidas,1,869.5,0.0,14.28,883.78,Google Pay,Delivered,4.0,N
6299350,914603,2023-01-02,Electronics,Sony,1,624.68,,17.97,642.65,Card,Returned,5.0,N
9193337,167634,2023-01-01,Electronics,Samsung,3,428.41,15.0,5.28,1097.73,Google Pay,Processing,3.0,N
6331776,457603,2025-12-11,Beauty,Nivea,2,533.03,10.0,18.98,978.43,Card,Returned,2.0,Y
3253830,154314,2026-05-03,Beauty,Nivea,3,885.59,10.0,19.07,2410.16,Card,Shipped,1.0,No
3258235,580729,2022-12-08,Beauty,L'Oreal,1,250.53,20.0,5.79,206.21,Card,Processing,1.0,No
2192912,146346,2023-09-18,Beauty,L'Oreal,1,383.98,15.0,13.16,339.54,PayPal,Cancelled,3.0,
5792380,974571,2026-05-24,Home,IKEA,4,67.27,5.0,8.52,264.15,Card,Returned,2.0,Yes
1286289,740270,2022-06-18,Electronics,Samsung,4,806.23,5.0,5.24,3068.91,PayPal,Returned,2.0,N
7152293,285367,2021-09-08,Beauty,Nivea,2,893.58,5.0,8.06,1705.86,Bank Transfer,Delivered,5.0,No
6891377,254858,2024-02-19,Clothing,Zara,2,549.94,20.0,12.59,892.49,Bank Transfer,Processing,2.0,Y
3408940,995270,2021-07-18,Pet,Purina,5,451.77,5.0,21.01,2166.92,Card,Delivered,4.0,Y
2651952,399393,2022-12-11,Clothing,Zara,1,271.71,15.0,0.02,230.97,PayPal,Delivered,4.0,Y
4098538,591945,2025-08-08,Clothing,Nike,5,154.11,10.0,15.21,708.71,Apple Pay,Delivered,1.0,N
9337518,145146,2022-04-27,Beauty,Nivea,3,166.83,20.0,14.78,415.17,Card,Shipped,1.0,
2934002,711658,2024-04-17,Beauty,Nivea,5,359.02,20.0,19.47,1455.55,Card,Delivered,,N
5592890,625387,2023-12-07,Clothing,Zara,3,439.02,15.0,12.37,1131.87,Bank Transfer,Shipped,,
6111561,168026,2024-10-17,Home,IKEA,3,990.71,5.0,17.35,2840.87,Card,Returned,3.0,No
4614741,976083,2024-05-08,Home,IKEA,5,384.47,20.0,9.94,1547.82,Google Pay,Processing,,No
7452406,692901,2024-05-07,Clothing,Zara,3,608.04,,17.17,1841.29,Card,Cancelled,1.0,Y
3208732,515550,2025-01-08,Electronics,Sony,3,402.67,15.0,4.87,1031.68,Bank Transfer,Cancelled,,N
1768379,196453,2022-09-22,Beauty,L'Oreal,1,744.17,15.0,1.13,633.67,Card,Shipped,,Y
5740438,519371,2021-02-01,Electronics,Samsung,2,97.12,10.0,17.3,192.12,Apple Pay,Cancelled,1.0,
5627068,935369,2026-06-05,Books,Penguin,2,402.21,20.0,6.69,650.23,Google Pay,Delivered,5.0,N
6752416,636576,2022-03-18,Electronics,Apple,5,267.63,,15.65,1353.8,PayPal,Delivered,4.0,No
6434203,982970,2022-08-20,Home,Philips,5,350.3,0.0,22.15,1773.65,PayPal,Processing,2.0,Y
4573693,700247,2026-02-12,Clothing,Zara,5,264.71,15.0,2.78,1127.8,Card,Processing,,Yes
5573036,777492,2024-11-24,Electronics,Sony,1,232.74,5.0,22.67,243.77,Card,Delivered,,Yes
6019109,415934,2024-05-09,Books,Penguin,5,383.85,5.0,15.06,1838.35,PayPal,Processing,3.0,Y
5535802,513538,2021-05-14,Electronics,Apple,4,197.28,15.0,7.42,678.17,Card,Processing,5.0,Yes
9268377,380931,2024-08-04,Office,HP,4,338.56,15.0,21.46,,Card,Shipped,2.0,Y
3331976,469299,2025-09-04,Home,Philips,4,880.15,20.0,16.34,2832.82,Google Pay,Shipped,1.0,N
3701181,593490,2022-06-27,Clothing,Adidas,2,306.19,0.0,9.08,621.46,Card,Processing,3.0,Y
4044416,151468,2026-01-25,Clothing,Zara,3,270.69,10.0,20.8,751.66,Apple Pay,Shipped,4.0,
2361012,679014,2022-06-07,Beauty,L'Oreal,2,29.3,10.0,3.89,56.63,Google Pay,Returned,3.0,Y
4295672,600334,2024-12-26,Clothing,Adidas,1,449.11,0.0,19.89,469.0,Bank Transfer,Returned,1.0,No
4799981,118272,2023-01-24,Clothing,Adidas,3,434.45,,2.12,1305.47,Card,Cancelled,3.0,N
3491843,547554,2022-08-02,Sports,Wilson,5,460.03,,5.77,2305.92,PayPal,Processing,1.0,No
8634819,419402,2024-02-12,Beauty,Nivea,4,734.51,10.0,12.52,2656.76,Bank Transfer,Shipped,2.0,No
3849494,717278,2021-04-14,Beauty,Nivea,3,740.36,15.0,0.74,1888.66,PayPal,Returned,5.0,Y
5241400,885327,2026-04-26,Home,Philips,3,465.35,20.0,9.27,1126.11,Apple Pay,Returned,1.0,N
1117165,432724,2023-12-08,Sports,Puma,4,744.97,10.0,5.29,2687.18,PayPal,Returned,1.0,Yes
7858169,933848,2023-12-13,Books,Penguin,1,862.57,10.0,0.32,776.63,Card,Cancelled,4.0,
4158238,256654,2024-04-17,Grocery,Nestle,2,762.86,10.0,13.03,1386.18,Bank Transfer,Shipped,2.0,Y
2609859,725085,2022-10-31,Clothing,Nike,4,476.33,5.0,9.81,1819.86,PayPal,Cancelled,3.0,Yes
9746218,717959,2021-04-11,Beauty,Nivea,3,393.21,,6.54,1186.17,Bank Transfer,Delivered,3.0,Y
9362259,682742,2025-09-30,Clothing,Adidas,1,408.92,5.0,9.71,398.18,Card,Processing,3.0,Y
2585109,992299,2026-01-23,Sports,Puma,3,722.12,20.0,6.7,1739.79,Card,Returned,1.0,Yes
7567132,391269,2024-12-03,Electronics,Sony,4,363.2,10.0,12.04,1319.56,Apple Pay,Returned,2.0,N
3929408,169066,2025-10-16,Electronics,Sony,3,40.76,0.0,6.84,129.12,Google Pay,Returned,5.0,No
2221794,736644,2023-06-15,Clothing,Nike,5,956.02,10.0,17.36,4319.45,Card,Cancelled,3.0,Yes
2358450,925364,2021-09-30,Electronics,Samsung,2,102.2,,10.25,214.65,Card,Shipped,3.0,No
7869554,929289,2023-08-20,Electronics,Sony,5,843.07,10.0,20.27,3814.09,Card,Shipped,1.0,No
4813743,913355,2021-04-14,Electronics,Sony,5,337.27,15.0,21.13,1454.53,Google Pay,Shipped,1.0,Y
1432293,478516,2021-08-22,Clothing,Zara,1,956.36,,4.56,960.92,Apple Pay,Returned,1.0,
8519567,535295,2021-06-17,Clothing,Nike,5,426.52,0.0,9.86,2142.46,PayPal,Shipped,1.0,No
7121934,510009,2022-01-09,Electronics,Samsung,2,522.85,,16.08,1061.78,Bank Transfer,Delivered,1.0,Y
9273902,645086,2023-03-28,Sports,Puma,5,97.92,20.0,23.62,415.3,PayPal,Cancelled,4.0,Yes
8450344,929295,2024-11-20,Electronics,Apple,1,690.63,10.0,21.36,642.93,PayPal,Processing,4.0,Y
7164837,124778,2021-09-16,Clothing,Zara,5,304.56,0.0,19.21,1542.01,Bank Transfer,Cancelled,3.0,N
2116373,703611,2021-05-15,Home,IKEA,1,627.87,5.0,11.59,608.07,PayPal,Processing,2.0,
7403200,709991,2023-08-28,Electronics,Samsung,2,898.6,15.0,21.89,1549.51,Google Pay,Processing,4.0,
1651286,219023,2025-11-05,Clothing,Adidas,3,81.58,5.0,23.49,255.99,Bank Transfer,Cancelled,5.0,Y
7918932,138731,2024-05-27,Home,IKEA,2,288.15,15.0,12.2,502.05,Google Pay,Returned,5.0,Yes
1697419,701689,2021-06-10,Pet,Purina,5,717.28,5.0,4.9,3411.98,Google Pay,Delivered,4.0,
8342435,655272,2024-11-04,Home,Philips,3,880.62,15.0,5.01,2250.59,PayPal,Cancelled,1.0,Yes
6060093,115079,2025-01-05,Electronics,Apple,2,419.03,5.0,4.07,800.23,Card,Processing,2.0,N
6981947,205824,2024-04-19,Clothing,Zara,2,267.42,5.0,24.7,532.8,Google Pay,Cancelled,5.0,Yes
9252569,448174,2022-09-08,Electronics,Samsung,5,155.54,10.0,6.15,706.08,Card,Shipped,3.0,N
5754940,453052,2021-06-27,Clothing,Zara,2,513.56,10.0,4.4,928.81,Card,Delivered,2.0,N
1254347,486237,2025-04-30,Office,HP,5,818.01,20.0,2.97,3275.01,Google Pay,Delivered,3.0,N
2614296,886732,2025-07-03,Sports,Puma,5,329.45,5.0,12.0,1576.89,Bank Transfer,Cancelled,3.0,Yes
4205248,677642,2025-02-04,Clothing,Zara,1,309.07,15.0,1.79,264.5,Card,Delivered,5.0,N
7026499,136135,2024-07-02,Home,IKEA,2,344.44,5.0,9.32,663.76,Card,Returned,5.0,N
7989999,768429,2024-01-01,Home,Philips,4,708.87,5.0,19.0,2712.71,Card,Returned,1.0,Y
5619669,488138,2023-03-19,Clothing,Nike,2,659.58,0.0,8.03,1327.19,Google Pay,Processing,,No
7678866,711033,2022-09-22,Electronics,Apple,1,999.93,0.0,15.24,1015.17,Bank Transfer,Returned,,Yes
4414714,177765,2023-05-29,Clothing,Zara,1,300.58,15.0,19.71,275.2,Bank Transfer,Processing,4.0,
4204520,765169,2022-04-07,Home,Philips,5,621.24,10.0,14.63,2810.21,Card,Delivered,,N
5555298,187830,2026-04-18,Home,Philips,2,612.0,,21.6,1245.6,PayPal,Shipped,5.0,Y
1818786,988293,2023-06-03,Sports,Puma,4,498.51,10.0,8.28,1802.92,Card,Cancelled,,Y
5442762,665799,2025-11-30,Electronics,Samsung,3,635.54,10.0,18.22,1734.18,Card,Shipped,4.0,Y
8219515,567884,2021-07-22,Electronics,Samsung,2,80.76,20.0,5.96,135.18,Google Pay,Delivered,4.0,Y
8606264,450730,2023-10-27,Home,IKEA,4,36.51,20.0,24.1,140.93,Bank Transfer,Returned,,Y
4722112,624371,2025-01-23,Electronics,Apple,2,134.18,,1.76,270.12,PayPal,Returned,4.0,
1514899,949710,2023-09-06,Home,Philips,1,397.56,10.0,19.85,377.65,Bank Transfer,Delivered,4.0,
2656008,670514,2023-07-22,Electronics,Sony,2,561.49,10.0,10.49,1021.17,Card,Cancelled,5.0,N
3698267,103571,2024-10-18,Electronics,Apple,3,373.76,0.0,0.25,1121.53,Apple Pay,Processing,2.0,Y
1380623,268517,2026-06-19,Home,Philips,3,996.69,,0.99,2991.06,Card,Shipped,,
3044613,440818,2021-12-21,Books,Penguin,3,425.44,5.0,23.1,1235.6,Google Pay,Cancelled,4.0,Y
1513534,478379,2026-05-25,Grocery,Nestle,1,437.0,10.0,20.58,413.88,Apple Pay,Processing,2.0,Y
8304677,324329,2024-11-01,Beauty,L'Oreal,4,552.85,10.0,5.39,1995.65,Card,Processing,2.0,No
9348990,253242,2022-03-24,Home,IKEA,5,150.44,5.0,20.29,734.88,Card,Returned,5.0,N
4057646,708387,2023-03-13,Home,IKEA,5,646.97,15.0,23.71,2773.33,Bank Transfer,Returned,3.0,Y
3773154,255415,2021-01-08,Books,Penguin,5,617.13,,20.97,3106.62,Bank Transfer,Returned,2.0,Yes
3032754,718224,2022-01-18,Electronics,Samsung,4,244.17,10.0,11.61,890.62,Card,Returned,4.0,Y
6837320,213127,2025-06-10,Home,Philips,4,990.0,5.0,6.68,3768.68,Bank Transfer,Processing,,Yes
3977471,523600,2024-10-12,Electronics,Apple,5,855.96,20.0,14.01,3437.85,Apple Pay,Cancelled,4.0,
9020007,432609,2025-11-18,Toys,Lego,5,12.3,20.0,16.48,65.68,Card,Delivered,2.0,Y
2644238,633348,2024-06-05,Electronics,Samsung,3,377.22,15.0,10.06,971.97,Google Pay,Delivered,5.0,Yes
4296405,541302,2023-10-14,Toys,Lego,1,102.91,10.0,4.09,96.71,Apple Pay,Shipped,2.0,No
7249224,961385,2023-12-22,Toys,Lego,5,94.49,,0.48,472.93,Bank Transfer,Processing,2.0,No
6669836,477521,2022-11-13,Beauty,L'Oreal,2,396.37,15.0,20.43,694.26,Card,Cancelled,2.0,Y
2276426,458000,2021-07-14,Office,HP,2,191.89,15.0,3.27,329.48,Google Pay,Shipped,4.0,
8050752,993250,2022-06-22,Grocery,Nestle,5,678.44,,16.62,3408.82,Apple Pay,Delivered,4.0,No
9597204,372392,2025-09-27,Sports,Wilson,2,579.53,5.0,9.32,1110.43,Apple Pay,Processing,,Yes
1225290,738412,2023-10-30,Beauty,Nivea,2,752.67,0.0,23.28,1528.62,PayPal,Shipped,1.0,N
8024199,486384,2023-08-05,Clothing,Adidas,3,951.52,5.0,5.69,2717.52,Bank Transfer,Shipped,3.0,No
1413377,139428,2022-08-09,Home,IKEA,5,902.33,15.0,21.13,3856.03,PayPal,Shipped,,Y
4305280,845478,2024-07-05,Electronics,Apple,2,864.14,20.0,4.91,1387.53,Card,Shipped,,Y
7171832,166547,2025-08-23,Clothing,Zara,2,824.61,,15.63,1664.85,Google Pay,Delivered,2.0,N
9058396,904833,2024-06-24,Clothing,Nike,1,615.54,10.0,10.89,564.88,Bank Transfer,Returned,3.0,Yes
9945563,761374,2024-08-20,Clothing,Zara,5,385.66,5.0,13.18,1845.07,PayPal,Cancelled,1.0,Y
4999998,358629,2025-01-06,Books,Penguin,3,841.79,15.0,3.21,2149.77,Apple Pay,Delivered,4.0,
3218675,959708,2025-11-03,Pet,Purina,1,510.53,0.0,15.26,525.79,Apple Pay,Shipped,4.0,
5269033,928823,2025-12-18,Electronics,Sony,3,773.81,10.0,21.77,2111.06,Card,Processing,3.0,
8592555,378409,2023-10-14,Home,Philips,5,387.12,20.0,10.96,1559.44,Card,Delivered,2.0,N
8528626,891253,2024-06-01,Home,IKEA,1,813.02,,5.95,818.97,PayPal,Processing,4.0,Yes
8116194,516335,2025-04-01,Electronics,Apple,2,907.74,15.0,19.08,1562.24,Google Pay,Shipped,4.0,N
2130563,677122,2024-06-21,Clothing,Zara,2,796.2,15.0,13.76,1367.3,Bank Transfer,Delivered,,
7480139,397644,2021-05-07,Home,Philips,5,222.45,,3.05,1115.3,PayPal,Delivered,2.0,Yes
6646369,701642,2023-05-10,Clothing,Nike,3,602.51,5.0,18.58,1735.73,Apple Pay,Processing,,N
1045923,924003,2025-12-28,Electronics,Samsung,5,922.81,10.0,20.58,4173.22,Card,Shipped,1.0,Yes
3705036,748672,2023-02-27,Office,HP,4,734.63,15.0,0.01,2497.75,Google Pay,Cancelled,2.0,No
7686167,187535,2024-04-27,Clothing,Zara,5,303.75,15.0,10.16,1301.1,PayPal,Processing,3.0,N
1923626,178553,2023-06-01,Clothing,Adidas,1,929.36,15.0,15.19,805.15,Card,Processing,3.0,Yes
7729555,843024,2022-12-03,Clothing,Zara,5,656.82,0.0,6.18,3290.28,Card,Cancelled,2.0,Y
1357599,278664,2024-04-23,Home,IKEA,5,403.01,15.0,10.55,1723.34,Apple Pay,Delivered,4.0,No
4989021,380279,2024-09-12,Electronics,Samsung,1,282.28,10.0,11.91,265.96,Card,Returned,4.0,N
6057248,533898,2022-02-22,Beauty,Nivea,2,852.4,20.0,21.85,1385.69,Google Pay,Shipped,1.0,N
9347128,187339,2024-01-26,Sports,Puma,4,320.74,0.0,11.11,1294.07,PayPal,Delivered,5.0,No
5209594,232409,2026-02-05,Sports,Wilson,5,827.03,,16.74,4151.89,Apple Pay,Shipped,2.0,Yes
1618093,396148,2023-02-15,Clothing,Zara,1,594.03,20.0,7.27,482.49,Bank Transfer,Processing,2.0,No
5168259,677592,2023-04-01,Toys,Lego,2,489.36,,6.79,985.51,Bank Transfer,Cancelled,,N
3059050,861419,2021-02-06,Books,Penguin,2,672.86,15.0,14.33,1158.19,Card,Returned,,No
7772476,772252,2025-11-22,Beauty,Nivea,4,784.6,20.0,2.49,2513.21,PayPal,Cancelled,4.0,No
5244307,375574,2021-02-19,Clothing,Adidas,2,433.04,5.0,21.81,844.59,Bank Transfer,Cancelled,1.0,
2837938,346259,2024-03-04,Electronics,Apple,1,968.38,,11.59,979.97,Apple Pay,Shipped,4.0,
4593908,320810,2021-11-25,Electronics,Samsung,5,947.58,10.0,15.62,4279.73,Apple Pay,Cancelled,5.0,
1399599,203626,2025-01-31,Sports,Wilson,5,21.19,,8.36,114.31,Bank Transfer,Shipped,4.0,N
4289189,390591,2023-10-10,Electronics,Apple,5,175.97,10.0,14.58,806.45,Card,Returned,3.0,Y
4675871,856762,2023-05-16,Clothing,Adidas,3,379.17,20.0,18.39,928.4,PayPal,Cancelled,1.0,N
7096371,603758,2024-08-20,Books,Penguin,2,861.02,0.0,18.61,1740.65,Bank Transfer,Cancelled,2.0,Y
1877377,149405,2024-08-06,Home,IKEA,3,739.89,20.0,7.62,1783.36,Bank Transfer,Delivered,5.0,Yes
9972420,873376,2023-04-29,Books,Penguin,2,443.3,5.0,9.9,852.17,Card,Delivered,1.0,
4736142,637026,2021-09-09,Home,Philips,2,490.2,15.0,7.96,841.3,Card,Returned,3.0,Yes
1283126,415960,2026-04-30,Clothing,Adidas,1,167.72,0.0,11.36,179.08,Bank Transfer,Shipped,3.0,N
5272459,925648,2021-07-08,Electronics,Sony,5,909.79,,17.54,4566.49,Card,Cancelled,,N
3752850,950179,2021-09-06,Electronics,Apple,5,714.55,5.0,21.03,3415.14,PayPal,Cancelled,5.0,Y
4925608,313813,2022-09-08,Books,Penguin,2,171.77,0.0,9.28,352.82,PayPal,Delivered,5.0,N
2683550,961946,2024-04-24,Grocery,Nestle,3,202.11,,3.41,609.74,Google Pay,Returned,4.0,No
3754813,670075,2024-03-22,Electronics,Sony,5,388.25,20.0,12.85,1565.85,PayPal,Processing,3.0,No
6163822,178774,2026-06-12,Books,Penguin,5,657.52,,10.7,3298.3,Apple Pay,Cancelled,1.0,
9341041,677464,2022-03-12,Electronics,Samsung,2,27.62,10.0,16.5,66.22,Google Pay,Shipped,3.0,
3963682,430782,2024-04-12,Pet,Purina,5,855.5,10.0,20.85,3870.6,Google Pay,Cancelled,2.0,N
9875757,456164,2025-10-18,Books,Penguin,1,172.25,20.0,23.61,161.41,PayPal,Cancelled,5.0,N
5822774,410426,2023-03-29,Electronics,Sony,5,722.88,15.0,12.41,3084.65,Apple Pay,Delivered,2.0,N
2056853,641247,2022-08-27,Pet,Purina,4,219.36,,14.74,892.18,Apple Pay,Cancelled,,N
8587326,239726,2025-05-11,Electronics,Sony,2,700.69,0.0,15.05,1416.43,Card,Returned,2.0,Yes
3454719,136964,2025-04-11,Clothing,Adidas,2,447.27,15.0,13.03,773.39,PayPal,Shipped,3.0,No
7052739,563705,2024-11-03,Clothing,Adidas,1,255.77,0.0,6.04,261.81,PayPal,Returned,3.0,Yes
2416431,953678,2022-09-10,Beauty,L'Oreal,3,674.95,10.0,24.95,1847.32,PayPal,Returned,4.0,
7977123,481621,2025-06-05,Electronics,Apple,1,17.91,15.0,5.67,20.89,Card,Shipped,4.0,Y
2512063,937871,2023-06-06,Office,HP,2,235.53,,19.67,490.73,Card,Delivered,,No
9557768,883778,2025-04-26,Clothing,Nike,2,367.68,,5.88,741.24,Card,Returned,4.0,N
2899621,139099,2023-05-23,Clothing,Nike,1,60.88,20.0,10.11,58.81,PayPal,Delivered,2.0,Yes
6392760,130104,2025-05-06,Grocery,Nestle,3,980.42,0.0,6.45,2947.71,PayPal,Processing,2.0,
8178317,430801,2023-02-03,Sports,Wilson,3,226.32,15.0,10.28,587.4,Card,Processing,1.0,No
6690611,537776,2024-07-27,Electronics,Apple,2,528.56,,21.68,1078.8,Google Pay,Shipped,5.0,Yes
6615810,886200,2022-04-15,Grocery,Nestle,1,768.82,15.0,2.44,,Card,Returned,1.0,Yes
4743023,271769,2024-03-03,Beauty,Nivea,5,931.52,,16.3,4673.9,Card,Shipped,5.0,Yes
2470976,684057,2021-08-13,Beauty,L'Oreal,2,161.47,,0.77,323.71,Google Pay,Processing,2.0,N
7161369,142599,2025-03-13,Electronics,Sony,1,838.85,5.0,17.32,814.23,Apple Pay,Cancelled,,Y
4942611,841215,2024-05-29,Clothing,Adidas,3,444.03,15.0,23.44,1155.72,Google Pay,Cancelled,5.0,No
6961026,716933,2023-01-10,Home,Philips,4,829.73,,3.19,3322.11,Card,Shipped,5.0,Y
8282414,836165,2025-10-04,Clothing,Nike,5,615.78,20.0,22.8,2485.92,Google Pay,Returned,5.0,N
2788752,795843,2024-04-30,Electronics,Apple,1,441.32,15.0,5.19,380.31,Google Pay,Delivered,3.0,No
4440109,760005,2021-05-13,Sports,Puma,3,882.04,0.0,3.79,2649.91,Apple Pay,Cancelled,4.0,
3385382,651408,2025-06-01,Electronics,Apple,5,74.9,15.0,17.86,336.19,Bank Transfer,Shipped,,
9675972,545203,2024-06-04,Electronics,Samsung,1,66.98,15.0,12.85,69.78,Google Pay,Cancelled,4.0,Y
5050167,293326,2026-04-14,Sports,Wilson,4,665.19,20.0,15.29,2143.9,Card,Processing,2.0,Yes
7945136,307015,2026-01-13,Clothing,Zara,3,648.85,,15.25,1961.8,Card,Shipped,,N
9828162,344149,2022-01-23,Home,Philips,2,730.58,,0.73,1461.89,Google Pay,Shipped,3.0,N
4395989,220337,2021-02-14,Electronics,Sony,3,263.39,10.0,10.53,721.68,Google Pay,Returned,2.0,
5380856,715977,2026-03-08,Sports,Puma,4,429.51,20.0,4.7,1379.13,Google Pay,Shipped,5.0,N
3299107,236362,2022-02-12,Electronics,Apple,1,419.36,0.0,18.63,437.99,Card,Processing,3.0,N
8435096,715224,2022-11-10,Sports,Puma,1,806.4,0.0,15.74,822.14,Card,Shipped,,Y
5810053,630831,2024-11-04,Home,IKEA,1,767.43,20.0,4.26,618.2,PayPal,Processing,3.0,
3975424,228388,2025-06-24,Toys,Lego,2,644.03,5.0,1.26,1224.92,Google Pay,Shipped,2.0,N
4278645,856594,2024-03-25,Clothing,Zara,3,178.22,,12.38,547.04,Card,Delivered,4.0,Yes
3272715,379547,2026-03-13,Electronics,Samsung,1,965.63,20.0,8.28,780.78,Bank Transfer,Processing,1.0,N
5396420,580597,2023-04-14,Beauty,L'Oreal,1,874.61,10.0,9.94,797.09,Card,Returned,5.0,No
5152929,305837,2023-03-21,Toys,Lego,5,270.14,,14.28,1364.98,Bank Transfer,Processing,4.0,N
2609591,919366,2025-04-01,Books,Penguin,1,535.27,20.0,14.12,442.34,Google Pay,Shipped,4.0,
9896689,157979,2023-02-05,Clothing,Adidas,2,546.81,10.0,24.75,1009.01,Apple Pay,Cancelled,,Y
2440942,478857,2024-03-21,Electronics,Samsung,2,902.83,0.0,9.19,1814.85,Google Pay,Processing,5.0,
2551131,578279,2024-10-30,Pet,Purina,4,994.25,0.0,13.19,3990.19,Card,Processing,2.0,No
2775598,451194,2022-11-28,Office,HP,2,897.11,5.0,9.47,1713.98,Google Pay,Shipped,,Y
6778593,744345,2024-08-26,Home,Philips,4,667.91,10.0,7.76,2412.24,PayPal,Processing,4.0,
8761589,858365,2024-11-22,Beauty,L'Oreal,5,979.04,,19.75,4914.95,Bank Transfer,Processing,2.0,
1498432,471909,2026-06-18,Home,IKEA,2,867.94,0.0,17.64,1753.52,PayPal,Cancelled,4.0,No
7077756,330444,2024-05-02,Electronics,Samsung,5,257.22,20.0,24.95,1053.83,Bank Transfer,Processing,3.0,Y
7025504,766265,2022-12-30,Electronics,Sony,3,344.69,20.0,15.41,842.67,PayPal,Returned,,Y
1253973,109806,2021-10-09,Sports,Puma,3,442.56,15.0,24.76,1153.29,Bank Transfer,Returned,2.0,No
3974120,114627,2022-09-10,Electronics,Apple,5,888.31,5.0,4.01,4223.48,Card,Processing,,Yes
7309211,612482,2025-12-11,Beauty,L'Oreal,3,914.34,5.0,16.46,2622.33,Bank Transfer,Delivered,4.0,Yes
1026555,133831,2021-10-22,Books,Penguin,4,31.69,,8.42,135.18,Google Pay,Processing,,N
2617680,272374,2024-11-04,Home,Philips,5,804.82,5.0,4.59,3827.49,Apple Pay,Cancelled,3.0,No
3922731,365618,2022-01-06,Electronics,Apple,2,415.64,15.0,15.72,722.31,PayPal,Processing,3.0,Y
4191737,678769,2022-05-27,Home,Philips,2,158.48,20.0,17.86,271.43,Bank Transfer,Processing,3.0,
3421719,141804,2021-04-22,Clothing,Nike,4,344.75,5.0,2.31,1312.36,Card,Processing,,
9476317,109623,2022-04-08,Clothing,Zara,1,498.6,20.0,23.89,422.77,Bank Transfer,Processing,1.0,
6404617,341266,2026-02-20,Beauty,L'Oreal,5,911.72,10.0,16.44,4119.18,Google Pay,Processing,3.0,N
6860803,901858,2025-09-10,Beauty,Nivea,2,110.11,0.0,21.07,241.29,PayPal,Shipped,,Y
2532897,188766,2022-07-13,Beauty,L'Oreal,2,135.43,0.0,23.97,294.83,PayPal,Returned,,Y
6513973,649772,2024-12-07,Sports,Wilson,2,826.38,0.0,0.41,1653.17,Card,Returned,4.0,Yes
2355220,956777,2023-12-11,Electronics,Sony,4,955.54,5.0,14.33,3645.38,Card,Cancelled,1.0,No
8668948,281734,2024-12-05,Clothing,Zara,4,410.72,15.0,11.38,1407.83,Card,Processing,3.0,
4699556,136809,2022-04-08,Electronics,Sony,2,51.32,,17.53,120.17,Bank Transfer,Processing,5.0,N
7383419,653813,2021-07-25,Home,IKEA,4,187.55,15.0,14.93,652.6,PayPal,Returned,5.0,N
9490838,309979,2025-02-16,Electronics,Sony,3,410.75,15.0,16.07,1063.48,Apple Pay,Processing,4.0,N
1765988,319610,2021-10-30,Clothing,Zara,2,280.35,20.0,23.35,471.91,Apple Pay,Delivered,,N
5353596,564508,2022-08-11,Beauty,L'Oreal,1,170.94,,11.34,182.28,Card,Processing,2.0,
6290490,402791,2025-12-11,Toys,Lego,3,473.04,0.0,6.53,1425.65,Google Pay,Cancelled,,No
2150910,354825,2025-02-19,Electronics,Apple,5,574.75,10.0,5.29,2591.66,Card,Processing,2.0,Yes
9565722,614310,2021-09-09,Home,Philips,5,281.63,5.0,23.04,1360.78,Apple Pay,Processing,5.0,Yes
4689862,630467,2021-01-03,Toys,Lego,2,729.07,0.0,3.05,1461.19,PayPal,Returned,,
9894258,489418,2021-12-05,Pet,Purina,3,407.29,10.0,22.87,1122.55,Bank Transfer,Processing,5.0,Y
4968323,440681,2022-02-24,Clothing,Nike,3,885.08,0.0,7.0,2662.24,Card,Cancelled,1.0,Y
7512886,511020,2025-04-11,Clothing,Adidas,1,915.76,15.0,23.43,801.83,Bank Transfer,Processing,3.0,Y
1455381,785171,2024-11-06,Clothing,Adidas,5,559.88,5.0,1.35,2660.78,Card,Delivered,2.0,No
6968816,177047,2022-11-04,Clothing,Adidas,3,418.83,0.0,0.25,1256.74,Card,Returned,2.0,No
7832383,304725,2025-12-15,Clothing,Nike,4,789.39,10.0,11.49,2853.29,Apple Pay,Returned,3.0,
3057865,723189,2025-01-02,Books,Penguin,4,101.92,,5.85,413.53,Card,Processing,5.0,Y
4160911,290317,2026-02-09,Clothing,Zara,1,144.77,15.0,8.6,131.65,Card,Cancelled,3.0,Yes
8263890,296635,2022-06-30,Home,IKEA,2,528.78,15.0,11.25,910.18,Google Pay,Delivered,5.0,N
7843727,817639,2023-02-05,Home,IKEA,5,787.21,20.0,2.47,3151.31,Google Pay,Shipped,2.0,Y
4016893,753323,2025-02-08,Electronics,Apple,3,413.74,15.0,12.17,1067.21,Bank Transfer,Processing,4.0,
4698608,411388,2024-12-15,Home,IKEA,2,425.91,10.0,13.36,780.0,PayPal,Shipped,2.0,Yes
8637199,709496,2023-08-23,Sports,Wilson,4,749.12,5.0,12.27,2858.93,Card,Returned,1.0,N
7551784,546945,2025-06-14,Grocery,Nestle,1,977.29,5.0,2.81,931.24,Card,Returned,1.0,
4531037,743472,2023-01-22,Books,Penguin,3,336.5,,10.29,1019.79,Card,Delivered,5.0,N
6422663,597047,2023-02-12,Beauty,L'Oreal,2,779.61,15.0,11.66,1337.0,Apple Pay,Cancelled,4.0,Yes
7037721,481133,2021-01-06,Clothing,Adidas,4,849.06,15.0,0.77,2887.57,Google Pay,Returned,1.0,Y
8212603,124295,2023-06-05,Beauty,L'Oreal,2,112.93,0.0,22.67,248.53,Bank Transfer,Processing,2.0,Y
4574217,611013,2024-12-21,Home,IKEA,2,989.94,20.0,12.56,1596.46,Google Pay,Delivered,2.0,N
5760904,121658,2022-10-25,Books,Penguin,1,995.2,20.0,19.12,815.28,Google Pay,Processing,3.0,
3609005,209857,2023-03-08,Books,Penguin,5,962.07,10.0,16.26,4345.58,Apple Pay,Delivered,1.0,Y
9577227,791177,2026-03-16,Electronics,Sony,2,502.46,10.0,24.38,928.81,PayPal,Returned,,Y
3993063,756018,2022-05-29,Clothing,Adidas,3,726.73,10.0,0.11,1962.28,Apple Pay,Processing,5.0,N
7615254,706039,2025-02-09,Electronics,Samsung,4,894.48,10.0,16.07,3236.2,Bank Transfer,Returned,2.0,Y
8632708,796824,2022-12-17,Clothing,Adidas,1,361.48,0.0,17.14,378.62,Card,Processing,3.0,Yes
5790511,749872,2025-08-01,Home,IKEA,3,293.39,5.0,23.45,859.61,Card,Shipped,,
5775938,987013,2023-06-28,Clothing,Zara,1,260.69,0.0,14.0,274.69,Card,Processing,4.0,Yes
5017447,553477,2026-05-27,Clothing,Zara,5,706.32,10.0,2.84,3181.28,Apple Pay,Processing,,
4879920,967502,2022-07-10,Electronics,Sony,3,218.05,15.0,24.54,580.57,Apple Pay,Processing,1.0,
2703763,842046,2023-08-31,Books,Penguin,5,68.67,0.0,0.69,344.04,Card,Returned,4.0,Yes
5365832,710477,2021-06-19,Clothing,Nike,5,266.4,20.0,8.17,1073.77,Google Pay,Shipped,4.0,N
2156489,460292,2025-03-17,Home,IKEA,2,167.74,5.0,5.45,324.16,Apple Pay,Delivered,2.0,N
5557360,455352,2023-06-13,Home,IKEA,2,167.19,20.0,14.51,282.01,Bank Transfer,Processing,,
7633549,177659,2025-01-26,Electronics,Samsung,1,655.79,,10.24,666.03,Card,Delivered,,
8126242,778352,2022-10-05,Sports,Puma,1,208.67,0.0,6.47,215.14,Apple Pay,Cancelled,3.0,N
6641752,540596,2026-04-05,Electronics,Apple,5,393.81,20.0,5.46,1580.7,Card,Shipped,5.0,
3885377,304780,2023-04-10,Clothing,Zara,5,735.04,10.0,15.12,3322.8,Card,Cancelled,3.0,Yes
9186289,835706,2022-10-30,Office,HP,2,234.27,10.0,24.7,446.39,Apple Pay,Returned,5.0,Y
9833964,639200,2024-05-29,Clothing,Zara,1,747.56,0.0,19.54,767.1,Google Pay,Returned,4.0,No
8125885,943289,2021-07-09,Toys,Lego,5,259.75,20.0,6.05,1045.05,PayPal,Delivered,,Yes
1179950,618349,2023-03-19,Grocery,Nestle,4,390.34,5.0,8.67,1491.96,Bank Transfer,Processing,5.0,N
4768005,982881,2022-08-29,Beauty,L'Oreal,5,728.65,0.0,4.27,3647.52,Card,Shipped,1.0,Y
8200899,972596,2023-06-18,Toys,Lego,4,715.16,20.0,7.05,2295.56,Bank Transfer,Processing,4.0,Yes
6350512,737477,2025-11-28,Home,Philips,5,958.16,15.0,12.32,4084.5,Card,Cancelled,3.0,
2175116,690992,2026-02-26,Clothing,Nike,2,100.13,20.0,23.71,183.92,Bank Transfer,Processing,5.0,N
7840054,792514,2022-08-10,Office,HP,2,781.24,20.0,24.16,1274.14,Google Pay,Delivered,2.0,Y
6117515,677100,2023-07-22,Home,Philips,3,142.88,,7.37,436.01,Bank Transfer,Shipped,5.0,Y
8122578,625436,2024-04-05,Pet,Purina,4,458.89,15.0,20.41,1580.64,Apple Pay,Shipped,4.0,Yes
8267227,996661,2025-01-12,Beauty,L'Oreal,4,355.41,,6.68,1428.32,Card,Delivered,4.0,Y
1440082,600806,2025-11-05,Sports,Puma,2,672.82,10.0,23.04,1234.12,Card,Delivered,2.0,Yes
1832890,729111,2025-03-03,Electronics,Samsung,3,416.67,5.0,12.75,1200.26,Card,Cancelled,5.0,No
7250084,813547,2022-02-02,Pet,Purina,3,132.09,0.0,4.62,400.89,Apple Pay,Shipped,4.0,No
1775188,874250,2026-06-07,Electronics,Samsung,5,486.84,5.0,4.09,2316.58,Card,Processing,5.0,No
6401575,703671,2023-11-17,Clothing,Zara,1,860.49,5.0,10.89,828.36,Bank Transfer,Returned,,N
9891272,998799,2025-07-29,Toys,Lego,2,762.16,0.0,22.35,1546.67,Card,Shipped,,Yes
2429686,905313,2021-11-26,Pet,Purina,2,666.76,,10.29,1343.81,Apple Pay,Processing,3.0,Y
4328889,571936,2024-08-17,Clothing,Nike,4,103.41,5.0,21.95,414.91,Card,Delivered,5.0,Y
3141507,733049,2025-03-03,Electronics,Apple,1,345.77,5.0,12.0,340.48,Bank Transfer,Shipped,3.0,
9940128,594062,2021-06-26,Home,IKEA,1,500.9,5.0,2.5,478.35,Apple Pay,Delivered,1.0,Y
9465388,273409,2025-09-28,Electronics,Sony,1,423.15,,13.17,436.32,Card,Processing,5.0,N
8532405,972498,2023-06-15,Electronics,Samsung,5,147.89,20.0,18.89,610.45,Card,Shipped,5.0,No
6671193,381298,2022-07-15,Clothing,Adidas,2,558.41,5.0,12.86,1073.84,PayPal,Returned,1.0,Y
2263971,808455,2025-08-10,Beauty,L'Oreal,3,930.96,20.0,19.04,2253.34,Card,Returned,4.0,No
1628775,959204,2023-05-04,Electronics,Sony,1,330.58,0.0,21.55,352.13,Apple Pay,Processing,4.0,N
5771660,649926,2024-08-11,Books,Penguin,4,972.06,,23.95,3912.19,Apple Pay,Processing,,Yes
4399035,416168,2024-03-12,Electronics,Sony,2,853.3,15.0,15.8,1466.41,Card,Delivered,4.0,Y
6592070,690816,2023-07-26,Office,HP,5,975.98,15.0,12.29,4160.2,Apple Pay,Shipped,5.0,Yes
1768908,902101,2024-08-01,Sports,Wilson,5,847.82,20.0,0.9,3392.18,PayPal,Returned,4.0,Yes
3176826,944841,2023-02-10,Clothing,Adidas,3,628.09,10.0,7.34,1703.18,Card,Cancelled,5.0,N
3704304,515681,2026-02-27,Electronics,Sony,1,724.6,,17.89,742.49,Card,Shipped,4.0,Y
4514295,736886,2025-03-02,Books,Penguin,4,539.9,20.0,7.56,1735.24,Apple Pay,Shipped,4.0,Y
7065219,665927,2021-01-13,Electronics,Apple,2,71.63,0.0,2.14,145.4,Google Pay,Returned,1.0,Yes
7206153,371738,2022-01-18,Home,Philips,5,413.01,,7.96,2073.01,Card,Returned,3.0,No
9967578,367790,2022-12-02,Clothing,Zara,2,775.8,15.0,20.88,1339.74,Apple Pay,Delivered,,Y
9201099,425313,2023-08-24,Clothing,Nike,4,592.17,15.0,13.85,2027.23,Card,Cancelled,3.0,Y
9293017,115380,2026-04-26,Home,IKEA,4,175.11,5.0,14.95,680.37,Apple Pay,Cancelled,3.0,Yes
3818017,733974,2021-06-01,Beauty,Nivea,4,568.71,15.0,12.14,1945.75,Apple Pay,Returned,3.0,N
3643646,894163,2021-04-16,Clothing,Adidas,1,983.18,,23.15,1006.33,Google Pay,Cancelled,1.0,N
8414705,148075,2023-04-01,Toys,Lego,5,205.38,0.0,11.5,1038.4,Bank Transfer,Cancelled,,Yes
5533708,919897,2021-12-01,Toys,Lego,5,131.9,5.0,1.94,628.47,Bank Transfer,Processing,5.0,
3788616,579803,2025-09-01,Office,HP,5,874.24,10.0,8.82,3942.9,Bank Transfer,Returned,5.0,Y
2882526,579762,2022-03-24,Beauty,L'Oreal,2,526.79,5.0,0.42,1001.32,Apple Pay,Processing,,N
2722832,472807,2022-09-21,Clothing,Nike,2,751.9,0.0,22.96,1526.76,PayPal,Processing,2.0,
2520809,343420,2026-02-24,Sports,Wilson,3,784.42,0.0,20.55,2373.81,Google Pay,Cancelled,5.0,Y
2993021,632660,2021-03-27,Pet,Purina,4,869.09,10.0,16.51,3145.23,PayPal,Processing,1.0,Yes
8842037,565731,2021-07-17,Sports,Puma,5,782.81,10.0,14.28,3536.93,Card,Returned,5.0,No
5632005,319307,2024-04-16,Sports,Wilson,5,113.11,15.0,22.16,502.88,Card,Cancelled,,Yes
2375252,833483,2024-03-23,Clothing,Nike,5,311.12,20.0,17.88,1262.36,Apple Pay,Delivered,,N
5984441,599121,2023-02-20,Clothing,Zara,1,167.1,,13.41,180.51,Apple Pay,Shipped,5.0,Yes
2728090,451893,2023-08-15,Clothing,Zara,1,990.24,0.0,12.57,1002.81,Bank Transfer,Delivered,2.0,No
2527279,830095,2025-06-28,Office,HP,4,979.9,15.0,24.91,3356.57,Bank Transfer,Returned,2.0,Yes
5217586,756230,2024-11-17,Electronics,Samsung,5,608.61,,17.63,3060.68,PayPal,Shipped,2.0,Y
2137552,251870,2023-12-20,Toys,Lego,5,195.85,5.0,8.49,938.78,Card,Processing,1.0,Y
6224439,502543,2025-10-27,Clothing,Adidas,2,566.36,15.0,0.26,963.07,Card,Cancelled,3.0,No
9670801,558604,2021-05-14,Electronics,Apple,1,458.42,,17.57,475.99,PayPal,Returned,4.0,
8682745,156885,2023-07-10,Electronics,Apple,5,894.02,10.0,18.67,4041.76,Apple Pay,Cancelled,5.0,N
3534762,773130,2022-07-19,Electronics,Samsung,3,978.38,10.0,20.3,2661.93,Card,Cancelled,,N
5490356,216624,2022-07-17,Sports,Wilson,5,255.6,20.0,15.37,1037.77,Card,Processing,5.0,Y
2061689,473628,2023-07-05,Books,Penguin,3,556.8,5.0,5.24,1592.12,Card,Cancelled,1.0,Y
8550893,922997,2021-01-24,Electronics,Apple,1,530.64,0.0,8.69,539.33,Google Pay,Processing,4.0,Yes
9063398,108588,2024-02-22,Beauty,L'Oreal,1,479.8,20.0,11.58,395.42,Card,Delivered,4.0,No
5326008,368230,2024-02-27,Home,IKEA,3,138.45,0.0,21.81,437.16,PayPal,Returned,5.0,No
9644210,887918,2022-06-15,Pet,Purina,3,897.49,0.0,10.48,2702.95,Bank Transfer,Cancelled,4.0,Yes
8449459,667391,2025-07-03,Toys,Lego,3,438.0,0.0,8.16,1322.16,Apple Pay,Returned,,
2715103,878092,2024-06-29,Home,Philips,5,565.82,15.0,0.66,2405.39,Bank Transfer,Returned,5.0,N
5543952,156654,2024-06-15,Home,IKEA,4,364.49,0.0,19.02,1476.98,Card,Shipped,4.0,
6886540,421325,2025-12-07,Home,IKEA,4,921.43,20.0,7.02,2955.6,Card,Delivered,2.0,
6145720,497135,2024-06-05,Clothing,Nike,3,351.39,10.0,6.47,955.22,Card,Delivered,1.0,Yes
5356033,115687,2023-10-03,Electronics,Apple,4,12.47,20.0,18.37,58.27,Bank Transfer,Cancelled,,
7896524,440239,2023-12-08,Clothing,Zara,1,190.28,20.0,11.39,163.61,Bank Transfer,Shipped,1.0,Y
1031369,454585,2021-11-26,Books,Penguin,5,678.23,10.0,4.81,3056.85,Card,Shipped,,Y
2495432,423824,2025-10-06,Clothing,Nike,4,808.23,0.0,14.86,3247.78,Bank Transfer,Processing,5.0,
2551463,717806,2022-11-12,Electronics,Sony,3,899.47,0.0,7.67,2706.08,Bank Transfer,Returned,3.0,N
1583587,925173,2021-02-01,Office,HP,1,410.92,0.0,24.43,435.35,Google Pay,Delivered,5.0,N
4208642,964059,2023-04-27,Beauty,Nivea,1,314.41,5.0,14.19,312.88,Bank Transfer,Cancelled,4.0,Y
1798332,152157,2021-03-25,Clothing,Nike,1,275.21,5.0,0.04,261.49,Google Pay,Delivered,1.0,N
1611288,318694,2022-06-15,Books,Penguin,2,543.9,0.0,8.84,1096.64,PayPal,Processing,5.0,Y
6425326,851395,2021-01-23,Electronics,Samsung,3,199.15,5.0,13.48,581.06,PayPal,Cancelled,2.0,
3285584,185707,2025-11-25,Clothing,Nike,5,347.76,5.0,12.2,1664.06,Card,Shipped,5.0,Y
3160987,444605,2023-03-18,Beauty,Nivea,5,623.54,15.0,21.18,2671.22,PayPal,Delivered,1.0,
3036163,225709,2022-07-16,Beauty,L'Oreal,3,550.97,20.0,21.39,1343.72,Card,Cancelled,5.0,Yes
9774139,804099,2024-01-06,Beauty,Nivea,2,450.23,5.0,1.66,857.1,Card,Cancelled,1.0,N
4519472,960877,2021-09-14,Pet,Purina,1,327.83,10.0,16.93,311.98,Apple Pay,Delivered,2.0,Yes
3729053,776789,2021-02-14,Electronics,Sony,5,779.58,20.0,16.03,3134.35,Google Pay,Cancelled,4.0,
8807406,169489,2021-12-02,Electronics,Samsung,4,985.12,0.0,8.37,3948.85,Card,Returned,1.0,Y
2507681,234600,2026-05-08,Electronics,Sony,5,77.81,20.0,19.83,331.07,Bank Transfer,Cancelled,4.0,N
7396087,918992,2022-12-14,Books,Penguin,5,247.3,15.0,24.0,1075.02,Google Pay,Shipped,1.0,
9318571,824319,2024-04-03,Clothing,Zara,3,245.18,5.0,14.57,713.33,Google Pay,Shipped,3.0,No
5826837,408584,2025-08-21,Clothing,Adidas,1,332.63,15.0,1.04,283.78,Apple Pay,Cancelled,4.0,No
3254992,529560,2023-10-31,Electronics,Samsung,5,803.62,,18.75,4036.85,Google Pay,Returned,3.0,Yes
5038052,736943,2025-03-29,Home,IKEA,3,35.79,15.0,13.51,104.77,PayPal,Shipped,1.0,
4182182,457333,2024-02-13,Electronics,Samsung,3,637.09,5.0,10.97,1826.68,Google Pay,Cancelled,2.0,N
6541472,343869,2021-04-21,Toys,Lego,2,841.64,20.0,20.61,1367.23,Google Pay,Shipped,,Yes
4664941,128528,2025-03-24,Clothing,Nike,4,693.29,20.0,20.39,2238.92,Apple Pay,Processing,5.0,
7855586,775336,2024-06-03,Grocery,Nestle,4,668.79,5.0,10.32,2551.72,Card,Processing,3.0,N
4304945,834583,2025-05-31,Electronics,Sony,5,677.71,5.0,22.81,3241.93,Apple Pay,Shipped,3.0,Y
4198482,823138,2024-07-22,Electronics,Sony,3,247.42,,24.92,767.18,Google Pay,Cancelled,5.0,N
9448130,291872,2022-11-27,Clothing,Zara,5,825.06,5.0,6.42,3925.45,Bank Transfer,Processing,4.0,
3746496,892228,2024-10-07,Books,Penguin,1,824.34,15.0,1.87,702.56,Bank Transfer,Processing,4.0,N
6711232,903437,2025-09-02,Clothing,Zara,3,908.77,15.0,6.25,2323.61,Apple Pay,Shipped,5.0,No
7908338,893526,2022-10-24,Grocery,Nestle,5,509.43,0.0,7.79,2554.94,PayPal,Processing,5.0,No
5002833,628665,2024-06-22,Pet,Purina,5,100.0,20.0,13.68,413.68,Bank Transfer,Returned,1.0,N
4214399,886264,2025-04-06,Books,Penguin,3,784.4,0.0,0.48,2353.68,Bank Transfer,Delivered,5.0,Y
8640303,701927,2023-09-23,Sports,Puma,2,183.52,20.0,18.28,311.91,Apple Pay,Delivered,,Y
8569954,771894,2021-04-28,Clothing,Zara,5,190.9,10.0,13.67,872.72,Google Pay,Shipped,2.0,Yes
1226019,483555,2024-12-16,Sports,Wilson,5,843.36,0.0,18.66,4235.46,PayPal,Returned,5.0,Yes
1129492,417210,2022-09-01,Toys,Lego,4,51.71,0.0,18.49,225.33,Card,Delivered,2.0,Yes
6838417,408020,2025-10-03,Books,Penguin,1,373.33,5.0,6.08,360.74,Card,Returned,3.0,N
4885368,496378,2025-08-09,Electronics,Sony,1,83.55,0.0,13.44,96.99,Apple Pay,Processing,3.0,Yes
8168150,540859,2022-06-30,Sports,Puma,4,464.77,10.0,16.55,1689.72,Apple Pay,Delivered,4.0,N
2098866,651972,2025-02-11,Clothing,Adidas,1,122.87,0.0,1.56,124.43,Apple Pay,Delivered,1.0,Yes
9322021,583858,2025-02-21,Electronics,Sony,4,220.96,10.0,12.16,807.62,Bank Transfer,Cancelled,4.0,N
1377357,950062,2023-11-20,Clothing,Zara,5,991.92,0.0,22.72,4982.32,Bank Transfer,Returned,3.0,No
9792920,999598,2023-07-24,Electronics,Samsung,2,676.15,0.0,0.7,1353.0,Card,Delivered,4.0,N
9319592,177810,2022-12-09,Books,Penguin,2,397.04,,17.26,811.34,Bank Transfer,Delivered,2.0,Y
1215176,308655,2025-11-06,Home,IKEA,4,542.12,15.0,12.37,1855.58,Bank Transfer,Returned,2.0,
5628060,527514,2024-07-21,Beauty,L'Oreal,3,397.53,0.0,14.88,1207.47,Card,Processing,5.0,Yes
9381209,342857,2023-12-04,Electronics,Sony,3,560.88,,15.34,1697.98,PayPal,Returned,1.0,No
2848036,737385,2021-05-14,Home,Philips,2,137.56,0.0,13.15,288.27,Bank Transfer,Delivered,2.0,Y
3181922,144274,2024-06-11,Electronics,Apple,1,226.97,5.0,15.81,231.43,Card,Processing,1.0,N
2652908,747526,2021-11-20,Sports,Puma,3,792.61,10.0,24.12,2164.17,PayPal,Returned,1.0,No
7643236,352453,2026-01-11,Clothing,Nike,4,409.0,10.0,17.21,1489.61,Card,Processing,3.0,
8151489,760340,2024-12-22,Electronics,Sony,3,410.4,20.0,1.8,986.76,Google Pay,Returned,5.0,Yes
6672358,335462,2026-06-16,Electronics,Samsung,1,485.13,0.0,15.59,500.72,Google Pay,Cancelled,5.0,Yes
7735800,355323,2024-05-16,Electronics,Samsung,5,396.55,,20.13,2002.88,Bank Transfer,Returned,4.0,Yes
3541100,847792,2021-12-18,Grocery,Nestle,4,199.03,20.0,17.62,654.52,Bank Transfer,Processing,2.0,No
3597507,513851,2025-07-18,Electronics,Samsung,2,837.55,10.0,3.43,1511.02,Google Pay,Shipped,,
6835848,497788,2025-07-23,Sports,Wilson,1,936.67,10.0,14.44,857.44,Card,Returned,5.0,Yes
3364207,320356,2024-03-12,Beauty,Nivea,1,442.31,,14.23,456.54,PayPal,Returned,4.0,Y
2922052,752082,2022-04-21,Beauty,Nivea,5,521.61,20.0,0.49,2086.93,Card,Delivered,5.0,N
8580428,259365,2025-02-04,Electronics,Samsung,2,786.43,10.0,1.79,1417.36,PayPal,Processing,2.0,Y
2548430,855065,2022-07-05,Clothing,Adidas,2,801.15,10.0,10.43,1452.5,Card,Returned,,Y
1473167,413791,2022-09-23,Office,HP,3,882.08,,21.32,2667.56,Google Pay,Shipped,5.0,Y
7016802,879945,2021-01-15,Clothing,Zara,4,527.02,0.0,0.62,2108.7,Card,Returned,5.0,Yes
9380473,853695,2021-01-01,Sports,Puma,2,427.67,15.0,4.28,731.32,Card,Shipped,1.0,N
4537896,477590,2025-08-16,Electronics,Sony,3,255.15,,10.32,775.77,Apple Pay,Returned,5.0,No
8954040,101534,2025-10-11,Electronics,Apple,3,937.56,10.0,8.93,2540.34,Card,Cancelled,1.0,No
7797362,847285,2021-04-28,Clothing,Adidas,4,756.12,,3.84,3028.32,PayPal,Cancelled,2.0,Y
1477018,838691,2022-11-04,Electronics,Apple,3,468.54,10.0,11.33,1276.39,Bank Transfer,Processing,,
2840704,820823,2025-10-03,Electronics,Samsung,3,908.16,,22.39,2746.87,Bank Transfer,Cancelled,5.0,N
8836195,422187,2023-04-09,Clothing,Zara,4,587.85,,2.65,2354.05,Apple Pay,Cancelled,1.0,Y
7885565,565852,2024-09-12,Electronics,Sony,1,141.94,0.0,21.56,163.5,Apple Pay,Shipped,5.0,Y
6736332,622097,2022-04-27,Electronics,Samsung,4,54.3,15.0,24.3,208.92,Google Pay,Delivered,3.0,Yes
6572561,279176,2022-02-25,Books,Penguin,5,373.35,15.0,20.12,1606.86,Card,Returned,5.0,No
8409867,808052,2021-12-27,Electronics,Apple,5,369.23,20.0,20.39,1497.31,Apple Pay,Processing,,
2177493,253497,2026-03-19,Electronics,Samsung,2,975.49,20.0,23.85,1584.63,Apple Pay,Processing,4.0,
3637307,132701,2026-03-30,Toys,Lego,2,32.94,20.0,22.13,74.83,Apple Pay,Returned,,Y
1287052,488769,2022-05-02,Beauty,Nivea,3,916.64,,13.57,2763.49,PayPal,Processing,1.0,Y
6089978,558219,2026-04-07,Home,IKEA,4,951.35,0.0,12.98,3818.38,Card,Delivered,2.0,Y
3061581,680801,2021-01-09,Beauty,Nivea,1,442.57,0.0,5.52,448.09,Card,Shipped,,
9673685,458501,2024-02-13,Toys,Lego,2,32.01,20.0,12.73,63.95,Bank Transfer,Delivered,2.0,Y
3973246,940111,2023-04-19,Sports,Puma,3,978.86,5.0,24.18,2813.93,Bank Transfer,Processing,4.0,Y
9855632,638136,2021-12-03,Beauty,Nivea,1,359.17,5.0,23.45,364.66,Bank Transfer,Returned,5.0,
8217341,613482,2021-07-04,Pet,Purina,4,106.92,,1.85,429.53,Apple Pay,Cancelled,5.0,No
7098424,433010,2023-07-29,Electronics,Apple,1,643.94,10.0,4.07,583.62,Card,Cancelled,1.0,Yes
8791884,733089,2025-08-01,Home,IKEA,2,627.09,5.0,8.51,1199.98,Card,Shipped,2.0,N
1841694,216934,2021-04-02,Office,HP,4,28.29,15.0,5.89,102.08,Card,Processing,4.0,No
6952700,711961,2024-07-16,Home,Philips,1,730.5,0.0,13.4,743.9,Card,Shipped,4.0,Yes
6161507,777192,2022-12-18,Books,Penguin,3,860.06,5.0,17.38,2468.55,PayPal,Shipped,4.0,Y
7346193,406486,2022-03-24,Electronics,Sony,4,64.28,5.0,16.23,260.49,Card,Cancelled,2.0,Y
3611824,949766,2023-02-08,Home,Philips,5,418.63,0.0,1.93,2095.08,PayPal,Returned,2.0,No
3241292,674673,2023-11-13,Books,Penguin,4,245.03,0.0,9.52,989.64,Google Pay,Delivered,4.0,
1664209,794860,2023-11-04,Clothing,Nike,2,99.28,0.0,14.89,213.45,PayPal,Shipped,,Y
9273720,389535,2023-02-07,Books,Penguin,4,461.06,0.0,19.16,1863.4,Apple Pay,Cancelled,3.0,N
4748216,550398,2021-07-05,Electronics,Samsung,5,656.16,5.0,21.81,3138.57,Apple Pay,Processing,2.0,Y
7333408,111841,2024-03-07,Sports,Puma,4,585.51,5.0,1.21,2226.15,PayPal,Returned,4.0,No
7104342,982888,2024-10-25,Clothing,Zara,2,190.59,10.0,24.71,367.77,Card,Returned,3.0,Y
8630845,425819,2024-09-11,Clothing,Zara,3,258.03,15.0,16.87,674.85,Google Pay,Delivered,5.0,N
9126280,888795,2024-06-19,Home,IKEA,2,999.93,10.0,12.5,1812.37,Google Pay,Delivered,1.0,Yes
3175629,190629,2026-05-16,Home,Philips,1,670.72,15.0,7.48,577.59,PayPal,Cancelled,,Y
1482384,769729,2022-03-30,Clothing,Nike,3,842.49,20.0,0.32,2022.3,Card,Cancelled,2.0,N
6411948,615785,2021-08-09,Toys,Lego,4,965.99,20.0,0.67,3091.84,Bank Transfer,Returned,,Y
7992017,220550,2021-06-06,Toys,Lego,5,335.42,10.0,0.76,1510.15,Bank Transfer,Processing,1.0,Yes
9849695,625492,2022-01-25,Clothing,Nike,2,736.04,0.0,20.26,1492.34,Apple Pay,Delivered,5.0,
8984538,331282,2021-03-15,Electronics,Samsung,5,521.91,20.0,24.32,2111.96,Google Pay,Cancelled,1.0,N
1428334,735047,2026-05-22,Electronics,Sony,2,82.14,10.0,3.23,151.08,Apple Pay,Processing,1.0,Y
9632893,884236,2021-05-25,Home,Philips,2,559.81,,14.27,1133.89,Apple Pay,Processing,,
7093379,774587,2025-02-08,Office,HP,5,724.17,15.0,11.24,3088.96,Card,Processing,2.0,N
2273255,885779,2023-10-24,Home,Philips,1,324.1,15.0,14.89,290.38,PayPal,Cancelled,5.0,Yes
1093114,377534,2022-08-15,Beauty,L'Oreal,2,826.21,20.0,21.32,1343.26,Bank Transfer,Delivered,5.0,No
3860370,557990,2023-03-26,Electronics,Samsung,2,724.34,,11.71,1460.39,PayPal,Returned,1.0,Yes
5842551,490841,2024-05-12,Beauty,L'Oreal,2,982.52,10.0,23.08,1791.62,Apple Pay,Shipped,,N
4648851,922523,2021-08-02,Clothing,Zara,3,52.67,10.0,14.97,157.18,Card,Processing,,Yes
7482040,341756,2024-08-11,Books,Penguin,2,220.54,,18.64,459.72,Bank Transfer,Delivered,,N
5510008,156843,2023-02-02,Beauty,L'Oreal,1,846.61,0.0,0.76,847.37,Apple Pay,Processing,4.0,N
4905425,207465,2025-08-15,Office,HP,3,446.11,5.0,24.85,1296.26,Bank Transfer,Processing,4.0,Y
4597312,725915,2022-08-31,Electronics,Sony,1,465.22,20.0,4.21,376.39,Apple Pay,Delivered,5.0,Yes
5262724,640256,2026-04-13,Pet,Purina,3,521.62,10.0,12.32,1420.69,Card,Returned,,N
8355186,639152,2025-03-21,Clothing,Adidas,5,817.58,0.0,2.83,4090.73,PayPal,Delivered,2.0,
3657975,636166,2025-10-15,Home,IKEA,1,305.04,5.0,5.13,294.92,Google Pay,Shipped,2.0,Yes
3326953,270984,2023-10-30,Beauty,L'Oreal,1,534.66,20.0,19.58,447.31,Google Pay,Delivered,2.0,Yes
6794482,236026,2024-04-29,Books,Penguin,1,405.24,20.0,6.82,331.01,Bank Transfer,Delivered,2.0,
1383568,406244,2022-03-18,Electronics,Samsung,4,962.02,15.0,15.25,3286.12,Bank Transfer,Cancelled,5.0,
9550784,150672,2025-12-06,Home,IKEA,4,195.85,10.0,20.57,725.63,Google Pay,Cancelled,2.0,Yes
2575545,171623,2024-08-20,Clothing,Zara,3,699.26,5.0,0.29,1993.18,Bank Transfer,Processing,5.0,N
9180007,328847,2025-05-23,Books,Penguin,5,458.81,20.0,19.42,1854.66,Google Pay,Delivered,5.0,N
3560712,103325,2024-12-11,Beauty,L'Oreal,1,815.47,0.0,1.85,817.32,Google Pay,Shipped,3.0,Yes
2671783,805100,2024-10-07,Office,HP,5,691.7,15.0,24.72,2964.44,Card,Cancelled,5.0,
5932257,164799,2024-12-17,Toys,Lego,1,439.9,0.0,4.37,444.27,Bank Transfer,Cancelled,1.0,Yes
7310403,543486,2023-09-05,Electronics,Apple,2,938.42,10.0,22.02,1711.18,Bank Transfer,Delivered,5.0,Yes
7563978,867274,2022-10-01,Books,Penguin,4,819.08,10.0,8.44,2957.13,Bank Transfer,Delivered,3.0,N
5316491,850586,2021-09-26,Electronics,Sony,4,880.35,0.0,6.29,3527.69,Card,Delivered,2.0,Y
7878327,993933,2021-12-23,Clothing,Nike,1,751.16,5.0,22.58,736.18,Card,Delivered,2.0,
6457627,122061,2023-05-29,Clothing,Zara,2,363.77,,5.8,733.34,Google Pay,Delivered,5.0,
1072196,169380,2021-05-26,Clothing,Nike,5,688.45,10.0,20.41,3118.43,Bank Transfer,Returned,2.0,Y
7982736,157685,2021-01-30,Electronics,Samsung,5,983.78,10.0,4.31,4431.32,Google Pay,Delivered,,
8424205,109397,2024-07-20,Electronics,Sony,1,729.35,,6.83,736.18,PayPal,Shipped,1.0,N
5168347,136569,2025-12-11,Clothing,Adidas,4,52.25,20.0,14.98,182.18,Card,Delivered,2.0,Y
1056779,664077,2024-12-21,Toys,Lego,1,193.73,15.0,17.34,182.01,Card,Cancelled,4.0,Yes
6317942,455603,2025-04-23,Sports,Puma,2,501.21,5.0,20.07,972.37,PayPal,Processing,3.0,No
5035968,448873,2025-04-05,Beauty,L'Oreal,1,36.29,0.0,5.42,41.71,Card,Shipped,2.0,Yes
6379595,923288,2024-03-23,Electronics,Samsung,4,536.76,,3.53,2150.57,Apple Pay,Delivered,5.0,Y
5008315,119648,2021-03-14,Toys,Lego,5,320.68,15.0,23.07,1385.96,Card,Processing,2.0,
8906834,741223,2023-07-30,Sports,Wilson,3,557.06,10.0,16.52,1520.58,Card,Returned,3.0,No
3417905,109226,2024-01-10,Electronics,Sony,1,306.66,15.0,4.47,265.13,Card,Cancelled,5.0,
9096451,686184,2025-08-08,Clothing,Adidas,4,486.24,0.0,23.81,1968.77,Apple Pay,Returned,1.0,Yes
1671758,321626,2024-02-19,Books,Penguin,1,554.24,20.0,1.11,444.5,Apple Pay,Shipped,1.0,Yes
4730023,591738,2021-12-04,Office,HP,1,800.64,20.0,12.87,653.38,PayPal,Cancelled,4.0,Yes
4711328,309830,2021-05-01,Electronics,Samsung,5,412.27,0.0,23.38,2084.73,Card,Shipped,5.0,No
4118207,379196,2021-01-26,Sports,Wilson,5,344.38,10.0,4.94,1554.65,Card,Returned,5.0,Y
8569884,409710,2023-06-18,Sports,Puma,1,545.83,10.0,16.31,507.56,Card,Shipped,5.0,
4761000,709967,2022-08-09,Electronics,Samsung,4,918.43,,20.0,3693.72,Bank Transfer,Delivered,3.0,Y
1507524,677414,2023-05-25,Clothing,Adidas,4,837.38,,5.46,3354.98,PayPal,Shipped,1.0,No
5186141,646849,2024-12-21,Clothing,Adidas,5,939.81,20.0,3.68,3762.92,PayPal,Processing,1.0,Yes
1766985,363590,2023-08-23,Clothing,Adidas,3,332.02,,2.43,998.49,PayPal,Cancelled,5.0,No
7686864,344859,2026-05-19,Office,HP,5,295.77,,4.5,1483.35,Card,Processing,3.0,Yes
9472133,291548,2023-05-14,Home,IKEA,1,682.19,0.0,23.15,705.34,Card,Returned,1.0,Yes
3481561,320986,2023-05-03,Books,Penguin,2,242.42,,14.17,499.01,Card,Shipped,1.0,Yes
6985060,510467,2021-12-13,Clothing,Adidas,3,951.16,10.0,6.26,2574.39,PayPal,Delivered,,No
5596084,162674,2025-08-07,Home,IKEA,1,490.87,10.0,20.31,462.09,Card,Delivered,3.0,
9740368,350181,2023-05-26,Books,Penguin,3,143.73,5.0,3.15,412.78,Bank Transfer,Delivered,2.0,N
5627958,682305,2023-05-01,Office,HP,1,280.48,5.0,24.6,291.06,Google Pay,Processing,2.0,N
3892933,834580,2021-07-05,Electronics,Sony,2,929.37,0.0,18.11,1876.85,Bank Transfer,Cancelled,3.0,Y
7454520,574620,2023-05-25,Beauty,L'Oreal,3,593.14,5.0,6.22,1696.67,Apple Pay,Returned,,N
8769404,137063,2023-12-21,Home,Philips,1,412.32,20.0,6.38,336.24,Google Pay,Shipped,4.0,N
5657267,447503,2024-07-26,Toys,Lego,4,523.05,0.0,13.03,2105.23,Bank Transfer,Processing,,Yes
9796368,442555,2021-09-21,Electronics,Apple,4,832.79,15.0,5.15,2836.64,Card,Delivered,5.0,Y
6921886,526518,2026-01-09,Clothing,Nike,1,627.9,,9.48,637.38,Card,Shipped,3.0,N
9070073,225564,2023-08-02,Grocery,Nestle,5,346.6,0.0,17.2,1750.2,PayPal,Cancelled,5.0,Yes
4584794,116768,2021-11-06,Books,Penguin,4,164.5,,15.91,673.91,Google Pay,Cancelled,3.0,N
8792046,689872,2023-11-27,Electronics,Sony,2,234.59,10.0,1.39,423.65,Apple Pay,Processing,2.0,Yes
1218093,294036,2026-05-09,Grocery,Nestle,1,472.12,10.0,18.47,443.38,PayPal,Delivered,2.0,
2997426,630174,2024-07-08,Electronics,Samsung,3,901.83,,20.46,2725.95,Google Pay,Returned,4.0,Y
7776577,771234,2025-08-08,Home,IKEA,1,845.19,20.0,17.68,693.83,Card,Shipped,4.0,N
8613439,198227,2025-04-03,Electronics,Apple,5,868.93,10.0,14.63,3924.82,Google Pay,Shipped,3.0,Y
4444021,898477,2021-12-02,Home,IKEA,1,30.63,,10.35,40.98,Bank Transfer,Processing,2.0,
8720929,293830,2021-11-18,Toys,Lego,4,491.0,5.0,9.6,1875.4,Card,Shipped,5.0,No
2706555,328977,2022-03-30,Clothing,Nike,3,787.52,5.0,12.54,2256.97,Google Pay,Cancelled,4.0,Y
1827287,335817,2022-09-06,Electronics,Apple,4,41.44,,16.63,182.39,Card,Shipped,3.0,
4266954,285104,2021-01-16,Clothing,Adidas,1,197.21,0.0,16.61,213.82,PayPal,Delivered,,No
9215711,418961,2022-06-03,Books,Penguin,4,286.96,0.0,11.04,1158.88,Card,Processing,3.0,N
6655317,945191,2025-02-19,Home,IKEA,2,417.95,,20.87,856.77,Apple Pay,Returned,4.0,N
4329617,202529,2024-09-08,Pet,Purina,2,489.47,5.0,10.76,940.75,Google Pay,Shipped,1.0,
4451145,161652,2022-11-24,Beauty,L'Oreal,4,38.84,5.0,22.56,170.15,Card,Delivered,5.0,No
1239941,933471,2021-08-28,Electronics,Samsung,2,79.86,15.0,16.65,152.41,Apple Pay,Delivered,3.0,Y
8512547,429105,2026-02-05,Clothing,Nike,5,249.67,20.0,16.03,1014.71,Google Pay,Returned,2.0,N
7089221,861765,2023-12-06,Home,Philips,1,768.39,,20.29,788.68,Apple Pay,Shipped,1.0,Yes
6117030,253405,2021-06-20,Beauty,Nivea,3,235.64,5.0,2.41,673.98,Card,Delivered,5.0,
1817124,165870,2021-02-17,Electronics,Samsung,4,543.32,5.0,4.26,2068.88,Google Pay,Processing,5.0,Y
8544563,973436,2021-09-22,Clothing,Zara,5,714.88,10.0,10.04,3227.0,Apple Pay,Returned,,Y
1890880,564702,2024-09-28,Sports,Wilson,3,899.73,10.0,7.06,2436.33,Apple Pay,Processing,1.0,Yes
8223895,257345,2026-06-21,Toys,Lego,1,948.51,15.0,14.25,820.48,Apple Pay,Processing,4.0,Yes
2285165,342156,2024-05-12,Beauty,Nivea,3,8.41,15.0,4.36,25.81,Bank Transfer,Processing,2.0,Y
4754855,145200,2023-12-27,Office,HP,3,268.37,5.0,5.75,770.6,Bank Transfer,Returned,3.0,No
8361770,883927,2024-08-22,Clothing,Zara,3,937.1,0.0,20.26,2831.56,Apple Pay,Delivered,,N
6424467,400137,2025-01-06,Home,Philips,3,275.47,,19.61,846.02,Bank Transfer,Returned,5.0,N
3853927,461049,2025-03-04,Toys,Lego,2,151.15,10.0,1.66,273.73,PayPal,Processing,3.0,Y
6486085,161143,2025-06-11,Clothing,Adidas,3,490.37,0.0,12.66,1483.77,Bank Transfer,Delivered,1.0,N
2753853,718177,2022-11-22,Electronics,Samsung,4,628.89,0.0,10.39,2525.95,Google Pay,Delivered,3.0,
7974354,193602,2021-09-27,Electronics,Samsung,1,679.72,5.0,4.49,650.22,Google Pay,Returned,2.0,No
2819642,564017,2021-01-09,Pet,Purina,4,719.16,15.0,10.3,2455.44,PayPal,Cancelled,,N
3504957,309955,2025-05-03,Clothing,Zara,2,191.93,,9.75,393.61,PayPal,Cancelled,1.0,N
2209546,932000,2023-07-17,Beauty,L'Oreal,3,290.01,0.0,10.71,880.74,Bank Transfer,Shipped,2.0,Y
7227872,338873,2021-03-11,Home,IKEA,2,417.48,10.0,7.79,759.25,Bank Transfer,Cancelled,2.0,N
6099346,797058,2021-12-21,Electronics,Sony,2,185.91,10.0,14.54,349.18,Card,Processing,2.0,No
5494529,294104,2022-08-28,Books,Penguin,4,340.77,10.0,6.57,1233.34,Bank Transfer,Cancelled,4.0,N
9170705,224983,2025-09-16,Beauty,Nivea,5,255.04,15.0,15.14,1099.06,PayPal,Delivered,3.0,
6328281,160239,2024-10-01,Home,IKEA,1,564.83,15.0,14.46,494.57,Card,Shipped,1.0,Yes
4450798,312198,2025-08-31,Electronics,Sony,3,362.95,,22.79,1111.64,Google Pay,Shipped,1.0,Yes
6250540,156670,2025-06-25,Pet,Purina,3,300.89,20.0,17.31,739.45,Bank Transfer,Shipped,5.0,Yes
8080700,882408,2024-09-17,Electronics,Samsung,4,819.55,,7.37,3285.57,Card,Cancelled,2.0,
9659474,863743,2023-06-27,Clothing,Zara,5,857.94,20.0,10.28,3442.04,Apple Pay,Delivered,,Yes
4770655,221566,2022-03-16,Sports,Wilson,1,27.12,15.0,18.35,41.4,Card,Processing,5.0,Yes
3236301,191670,2025-12-11,Home,IKEA,5,885.26,20.0,1.44,3542.48,PayPal,Shipped,4.0,Yes
3630495,924471,2024-05-18,Electronics,Apple,1,650.03,5.0,16.55,634.08,Google Pay,Cancelled,4.0,
8527176,950982,2023-03-24,Electronics,Samsung,5,700.61,0.0,21.73,3524.78,PayPal,Shipped,4.0,Y
1862491,878514,2023-12-04,Electronics,Sony,3,657.99,,8.98,1982.95,PayPal,Delivered,3.0,Y
1661825,330515,2023-03-08,Beauty,Nivea,1,619.79,5.0,24.65,613.45,PayPal,Delivered,4.0,Y
9923034,400009,2021-07-12,Clothing,Zara,4,501.02,0.0,14.47,2018.55,Google Pay,Returned,2.0,Yes
2285548,848734,2021-01-12,Sports,Wilson,5,674.53,,4.73,3377.38,Bank Transfer,Returned,,No
9058320,364372,2022-10-11,Electronics,Sony,3,584.02,10.0,6.78,1583.63,Card,Shipped,5.0,Yes
6125133,652817,2025-12-06,Toys,Lego,1,580.43,,1.6,582.03,Google Pay,Processing,4.0,N
5225700,543384,2024-04-27,Home,Philips,2,656.65,,4.05,1317.35,PayPal,Returned,,
6351914,360717,2023-03-10,Electronics,Apple,3,398.36,20.0,9.58,965.64,Google Pay,Returned,4.0,N
2259286,857691,2025-11-01,Home,IKEA,3,714.99,5.0,9.75,2047.47,Card,Returned,,
2353773,133830,2022-06-11,Electronics,Samsung,5,428.92,0.0,4.38,2148.98,Card,Returned,3.0,Y
8235896,859100,2021-09-11,Electronics,Apple,5,867.46,0.0,10.34,4347.64,Card,Shipped,5.0,Y
3900737,240891,2025-09-24,,Wilson,1,796.45,15.0,11.45,688.43,Bank Transfer,Shipped,5.0,No
5507501,696853,2023-09-05,,HP,4,900.75,,4.48,3607.48,Card,Returned,,Y
4412700,988598,2021-08-04,,Adidas,3,865.24,5.0,11.08,2477.01,Bank Transfer,Delivered,5.0,
6544710,941235,2023-07-25,,Apple,2,667.31,0.0,17.65,1352.27,Google Pay,Delivered,3.0,
7551016,900875,2021-10-25,,Lego,2,774.14,,17.62,,Card,Processing,5.0,N
8229355,166172,2025-10-22,,Penguin,4,583.95,,9.26,2345.06,Card,Delivered,1.0,
5535371,367459,2023-02-17,,Lego,2,11.46,10.0,17.51,38.14,Card,Shipped,1.0,N
3895026,223646,2024-08-12,,L'Oreal,1,809.83,0.0,16.39,826.22,Apple Pay,Returned,4.0,
4150637,619501,2023-12-05,,IKEA,3,740.62,10.0,6.94,2006.61,Bank Transfer,Delivered,,Yes
7748204,897926,2024-08-30,,Zara,2,237.62,,19.99,495.23,Card,Shipped,3.0,Yes
