customer_id,signup_date,gender,age,city,country,traffic_source,device_type,customer_segment,total_orders,lifetime_value,last_order_date
100618,2021-01-29,Male,42,London,UK,"Paid Search",Desktop,VIP,3,1237.58,2022-06-12
100885,2024-01-13,Male,49,London,UK,Direct,Tablet,"At Risk",4,5114.68,2025-01-09
101534,2025-02-21,"Prefer not to say",73,Rome,Italy,Referral,Tablet,New,15,3508.11,2025-10-14
101661,2021-05-06,Non-binary,27,Toronto,Canada,Email,Tablet,New,8,3384.27,2021-06-11
102208,2022-03-03,"Prefer not to say",33,Rome,Italy,"Paid Search",Desktop,VIP,4,1821.18,2022-09-23
103141,2023-07-26,Female,43,"New York",USA,"Paid Search",Mobile,"At Risk",11,5424.94,2023-09-19
103325,2022-05-09,"Prefer not to say",45,Rome,Italy,Referral,Mobile,Loyal,12,3307.36,2022-08-18
103571,2025-11-23,Male,54,Toronto,Canada,Email,Mobile,VIP,23,7403.38,2026-02-07
103690,2022-06-30,"Prefer not to say",30,Madrid,Spain,Direct,Tablet,VIP,20,9852.99,2023-08-19
103808,2024-08-23,Non-binary,27,Rome,Italy,"Social Media",Mobile,"At Risk",6,2071.78,2025-11-14
104063,2024-04-28,Male,63,Berlin,Germany,"Social Media",Desktop,Loyal,12,7738.46,2025-03-11
104203,2025-09-24,,55,Istanbul,Türkiye,"Organic Search",Mobile,Loyal,7,6241.05,2025-10-10
104442,2022-02-05,Male,27,Istanbul,Türkiye,"Social Media",Desktop,Loyal,8,7771.12,2023-04-14
105052,2021-02-05,Female,59,Paris,France,"Social Media",Tablet,Loyal,16,2459.53,2022-04-29
105481,2025-11-26,Non-binary,58,Rome,Italy,"Organic Search",Desktop,Returning,1,858.57,2026-10-31
105582,2021-01-21,"Prefer not to say",55,Paris,France,Email,Desktop,New,1,6732.56,2021-01-21
105774,2024-11-27,Male,39,Toronto,Canada,Email,Desktop,Loyal,3,606.72,2025-03-05
105986,2022-04-17,"Prefer not to say",65,Rome,Italy,"Organic Search",Mobile,Loyal,10,5740.27,2022-05-24
106712,2022-09-16,"Prefer not to say",26,Paris,France,"Paid Search",Desktop,VIP,13,6334.2,2023-07-28
107840,2023-05-18,,60,London,UK,"Organic Search",Mobile,Returning,5,5666.21,2024-09-28
108349,2023-09-11,"Prefer not to say",51,Toronto,Canada,Email,Tablet,VIP,23,5343.51,2024-02-28
108582,2022-07-14,Male,55,London,UK,"Organic Search",Tablet,"At Risk",8,3446.32,2023-09-07
108588,2023-12-21,Male,32,Madrid,Spain,"Social Media",Mobile,Returning,10,3237.18,2024-03-08
108682,2021-10-14,"Prefer not to say",49,Istanbul,Türkiye,"Paid Search",Mobile,Loyal,4,8632.3,2022-02-04
108892,2021-05-21,Non-binary,81,Toronto,Canada,Direct,Mobile,"At Risk",2,4934.53,2022-07-04
108977,2024-07-17,Female,20,"New York",USA,Direct,Mobile,VIP,18,5699.52,2025-03-16
109029,2024-01-09,Male,37,"New York",USA,"Social Media",Tablet,Returning,24,2632.9,2025-01-23
109226,2022-06-29,"Prefer not to say",82,Rome,Italy,Direct,Mobile,New,0,0,NULL
109397,2023-09-11,Female,44,Rome,Italy,"Paid Search",Desktop,VIP,7,951.07,2024-07-14
109623,2021-10-14,Non-binary,73,"New York",USA,"Paid Search",Mobile,New,6,2529.94,2022-02-17
109652,2022-12-07,Non-binary,70,Paris,France,"Paid Search",Tablet,Loyal,22,3858.09,2023-06-09
109806,2023-05-13,Male,33,Istanbul,Türkiye,"Organic Search",Mobile,"At Risk",16,4676.33,2023-05-18
110072,2021-11-03,"Prefer not to say",67,"New York",USA,Referral,Tablet,"At Risk",3,9420.1,2022-02-11
110169,2021-12-23,Male,41,Rome,Italy,"Paid Search",Mobile,Loyal,25,6209.88,2023-02-05
110398,2023-03-17,Female,84,"New York",USA,Referral,Desktop,Loyal,5,9241.26,2023-12-28
110620,2023-06-03,"Prefer not to say",59,"New York",USA,"Social Media",Mobile,Returning,13,3518.8,2024-05-20
111016,2025-09-20,Female,38,Madrid,Spain,Referral,Desktop,"At Risk",11,9668.88,2026-09-14
111394,2025-09-29,Male,42,Toronto,Canada,Direct,Tablet,"At Risk",8,789.53,2027-01-24
111841,2022-09-18,Female,51,Istanbul,Türkiye,Direct,Desktop,"At Risk",16,1818.1,2022-09-29
112522,2023-10-12,Non-binary,33,Paris,France,"Organic Search",Desktop,Loyal,16,5797.1,2024-08-08
112759,2024-06-17,Male,59,Rome,Italy,"Organic Search",Mobile,Returning,5,5587.29,2024-08-10
112899,2024-12-06,"Prefer not to say",39,Toronto,Canada,"Social Media",Desktop,VIP,23,6799.9,2025-10-15
112983,2024-04-07,Male,73,Paris,France,"Social Media",Desktop,VIP,19,6181.9,2024-12-02
113857,2023-02-16,Male,66,Toronto,Canada,"Paid Search",Mobile,New,7,1236.81,2023-10-05
114122,2021-08-28,Female,60,Paris,France,"Organic Search",Desktop,Returning,14,1318.75,2021-09-22
114627,2022-11-13,,87,Paris,France,Direct,Mobile,Loyal,24,583.13,2024-01-04
115079,2021-07-22,,42,Berlin,Germany,"Social Media",Mobile,New,15,5403.79,2022-04-26
115143,2021-06-18,,54,Madrid,Spain,Referral,Mobile,VIP,10,4208.87,2022-05-07
115254,2024-12-21,Non-binary,53,Berlin,Germany,Referral,Mobile,"At Risk",19,5480.42,2025-08-04
115267,2022-11-08,Female,35,Istanbul,Türkiye,"Organic Search",Desktop,VIP,8,3537.42,2023-02-15
115380,2024-11-20,Male,19,Istanbul,Türkiye,Direct,Desktop,"At Risk",10,382.44,2025-08-19
115687,2022-08-31,Female,32,Madrid,Spain,Direct,Desktop,"At Risk",8,1752.25,2023-04-26
115918,2023-12-26,Male,20,"New York",USA,Email,Desktop,"At Risk",15,7508.97,2024-12-02
116160,2025-05-15,Female,88,Paris,France,"Paid Search",Mobile,Loyal,12,7681.35,2026-05-11
116642,2021-09-01,Female,86,London,UK,Direct,Mobile,New,3,6084.33,2022-08-26
116768,2023-11-28,,18,Madrid,Spain,"Organic Search",Mobile,New,15,5740.04,2024-06-05
117501,2023-11-27,"Prefer not to say",51,London,UK,"Paid Search",Mobile,Returning,11,794.21,2024-09-20
118035,2022-10-13,Non-binary,58,Paris,France,Email,Desktop,Loyal,24,1347.72,2023-02-04
118272,2023-11-22,Female,23,Berlin,Germany,"Paid Search",Mobile,New,22,1409.5,2024-06-29
118732,2021-05-07,Female,46,Berlin,Germany,"Social Media",Desktop,Loyal,10,1547.75,2021-10-31
118971,2022-11-22,"Prefer not to say",61,Rome,Italy,"Paid Search",Mobile,Returning,24,2229.24,2024-03-03
119045,2025-10-14,Non-binary,29,Berlin,Germany,Direct,Tablet,Returning,13,1200.33,2026-09-13
119221,2024-07-28,,85,Rome,Italy,"Organic Search",Mobile,"At Risk",7,2894.37,2025-06-25
119648,2021-09-29,,52,Berlin,Germany,"Social Media",Desktop,Loyal,25,8213.56,2022-12-25
119699,2021-03-25,Female,67,London,UK,Direct,Tablet,Returning,11,5983.35,2021-06-21
119829,2021-01-22,Male,34,London,UK,"Organic Search",Desktop,New,9,6169.11,2021-05-28
120700,2021-04-16,Female,65,Madrid,Spain,"Organic Search",Desktop,New,0,0,NULL
120956,2023-07-26,Female,62,Rome,Italy,"Paid Search",Tablet,New,11,6681.78,2024-12-06
121025,2024-10-07,,80,Istanbul,Türkiye,"Paid Search",Mobile,"At Risk",24,4151.92,2025-04-01
121363,2021-11-22,Female,71,Toronto,Canada,"Organic Search",Desktop,Returning,6,6674.25,2022-11-30
121658,2022-12-27,Non-binary,86,Paris,France,Email,Desktop,Returning,25,645.86,2023-07-14
121785,2025-08-26,Male,25,Madrid,Spain,"Organic Search",Desktop,New,17,1363.79,2025-11-07
121829,2023-03-09,Male,72,"New York",USA,Direct,Mobile,Returning,21,6633.89,2023-09-26
121863,2025-09-26,Male,37,London,UK,Direct,Desktop,Returning,3,611.59,2025-12-12
122056,2024-12-14,Non-binary,79,"New York",USA,Email,Mobile,Loyal,13,9687.35,2026-04-21
122061,2021-06-07,"Prefer not to say",36,Toronto,Canada,Direct,Mobile,New,19,7840.91,2021-11-07
122533,2025-11-16,,79,Toronto,Canada,Direct,Desktop,Returning,23,7067.34,2026-04-29
122559,2022-01-25,Male,56,Istanbul,Türkiye,Direct,Mobile,Returning,21,349.63,2022-04-06
122621,2021-10-06,Female,64,Berlin,Germany,Referral,Desktop,"At Risk",3,157.87,2022-08-18
122717,2023-01-01,Male,69,Rome,Italy,"Paid Search",Desktop,VIP,9,2222.58,2023-03-15
122910,2022-05-08,Male,74,Berlin,Germany,"Social Media",Desktop,New,4,9083.22,2023-03-20
122965,2022-04-10,Female,39,Berlin,Germany,Referral,Mobile,VIP,13,3227.47,2022-11-07
123406,2022-09-10,Female,56,"New York",USA,Direct,Desktop,New,15,1813.58,2023-09-24
124248,2021-12-06,Non-binary,83,Berlin,Germany,"Social Media",Mobile,Loyal,24,983.75,2022-09-16
124295,2021-02-10,Female,81,London,UK,Email,Desktop,Loyal,2,3044.08,2022-01-18
124414,2022-02-17,Female,54,Berlin,Germany,"Social Media",Tablet,VIP,19,7818.51,2023-04-03
124778,2024-05-12,Male,73,Istanbul,Türkiye,"Organic Search",Desktop,Returning,17,9533.38,2025-05-06
124782,2024-10-28,Non-binary,84,Paris,France,"Paid Search",Desktop,Returning,8,7086.77,2025-10-09
125323,2022-10-16,Non-binary,48,Istanbul,Türkiye,"Organic Search",Mobile,Loyal,9,533,2022-12-17
125594,2024-04-01,Male,18,Rome,Italy,"Paid Search",Mobile,Loyal,14,759.4,2025-05-02
125815,2021-03-22,Male,41,Rome,Italy,"Paid Search",Desktop,New,8,8444.87,2021-12-10
126681,2021-11-11,Male,86,Istanbul,Türkiye,Direct,Mobile,"At Risk",20,3423.51,2022-07-03
127405,2025-11-29,Female,47,"New York",USA,Referral,Desktop,VIP,10,4191.57,2026-12-13
127497,2021-03-30,Female,87,Rome,Italy,Email,Desktop,VIP,16,3974.42,2022-06-04
128528,2025-06-25,"Prefer not to say",37,Madrid,Spain,Email,Mobile,Loyal,23,6259.48,2025-08-16
128586,2021-03-19,Male,42,Istanbul,Türkiye,Referral,Tablet,Loyal,23,8127.52,2022-04-15
128964,2024-06-04,Female,66,Berlin,Germany,"Social Media",Mobile,"At Risk",23,8752.06,2024-07-03
129333,2024-10-29,Female,42,Berlin,Germany,"Organic Search",Desktop,VIP,2,3567.61,2025-01-14
129724,2022-03-22,Non-binary,81,Madrid,Spain,Referral,Desktop,VIP,4,3530.13,2022-08-11
130104,2021-03-02,Female,61,"New York",USA,Referral,Desktop,Loyal,6,4288.45,2022-02-11
130451,2025-05-15,Female,48,Toronto,Canada,"Organic Search",Mobile,Returning,17,4699.47,2025-08-12
130484,2023-12-13,Female,62,Paris,France,"Organic Search",Tablet,New,10,5221.2,2024-09-21
131011,2021-11-25,,50,Toronto,Canada,"Paid Search",Mobile,New,7,1537.59,2022-04-09
131730,2025-08-30,Female,54,"New York",USA,Direct,Desktop,"At Risk",11,8268.84,2026-02-12
131738,2023-01-21,Male,53,Toronto,Canada,Referral,Mobile,VIP,1,7135.42,2024-02-03
131841,2024-03-28,Male,47,"New York",USA,"Social Media",Desktop,"At Risk",10,6033.61,2025-01-31
131891,2023-09-17,Male,78,Rome,Italy,"Organic Search",Mobile,Loyal,8,4608.35,2024-02-29
131936,2023-06-11,Female,21,"New York",USA,"Paid Search",Desktop,"At Risk",2,9436.51,2023-12-05
132017,2023-08-17,,38,Berlin,Germany,Email,Tablet,New,7,6685.66,2023-11-07
132075,2021-04-18,Female,65,Rome,Italy,Email,Mobile,Loyal,15,7173.05,2021-12-06
132191,2021-01-23,,32,"New York",USA,Direct,Mobile,"At Risk",15,2779.04,2022-05-15
132304,2025-06-08,Non-binary,79,Madrid,Spain,"Organic Search",Desktop,New,3,9750.36,2026-04-05
132684,2024-01-22,Female,87,Berlin,Germany,"Social Media",Desktop,Loyal,15,3936.28,2024-08-09
132701,2021-03-11,Female,81,Madrid,Spain,Email,Desktop,New,23,3944.6,2021-04-26
133302,2024-09-08,Non-binary,39,Istanbul,Türkiye,"Organic Search",Desktop,New,0,0,NULL
133830,2025-01-23,Female,38,Paris,France,Referral,Desktop,Returning,23,6294,2025-06-30
133831,2021-08-29,Male,39,Berlin,Germany,"Paid Search",Mobile,New,0,0,NULL
134035,2023-03-31,,28,"New York",USA,"Organic Search",Tablet,Returning,18,3573.44,2023-11-23
134798,2025-03-20,Female,49,Berlin,Germany,Direct,Tablet,"At Risk",23,6679.23,2025-04-05
135854,2022-10-10,Female,73,Berlin,Germany,"Paid Search",Desktop,New,23,4402.16,2024-02-03
136135,2024-04-08,,72,Toronto,Canada,Direct,Mobile,Loyal,5,9860.51,2024-05-03
136202,2022-05-14,Female,84,Madrid,Spain,Direct,Tablet,VIP,9,494.3,2022-10-18
136399,2022-03-18,Male,61,Toronto,Canada,"Organic Search",Tablet,VIP,20,6930.86,2023-02-08
136569,2021-11-18,Female,53,Toronto,Canada,Referral,Desktop,VIP,25,8658.91,2022-09-21
136809,2021-08-12,"Prefer not to say",73,"New York",USA,"Paid Search",Desktop,VIP,23,4883.39,2021-12-23
136964,2023-06-23,Male,31,Madrid,Spain,Direct,Mobile,New,9,7816.11,2024-09-20
137042,2022-12-29,,38,"New York",USA,Direct,Mobile,Loyal,14,8320.49,2023-04-10
137063,2024-07-18,Male,61,London,UK,Referral,Tablet,Returning,3,2205.71,2025-01-06
137192,2021-01-14,Female,56,London,UK,Referral,Mobile,Returning,16,2953.3,2021-02-01
138010,2024-12-01,"Prefer not to say",57,Berlin,Germany,Email,Tablet,New,4,2404.28,2025-07-13
138731,2021-01-28,,52,London,UK,Direct,Mobile,New,3,5193.76,2022-05-16
139099,2023-10-28,"Prefer not to say",70,"New York",USA,Email,Desktop,New,4,7768.34,2023-11-16
139231,2025-01-21,Male,77,Rome,Italy,"Paid Search",Tablet,Returning,18,3908.1,2025-06-02
139241,2024-08-21,Male,88,Toronto,Canada,"Paid Search",Mobile,VIP,15,1504.9,2025-04-05
139428,2021-04-04,Male,62,"New York",USA,"Paid Search",Tablet,"At Risk",13,8976.76,2022-01-23
139539,2023-10-27,"Prefer not to say",55,"New York",USA,"Paid Search",Tablet,Loyal,15,5519.14,2024-08-01
139758,2024-02-20,Non-binary,71,"New York",USA,Email,Mobile,VIP,23,7789.22,2025-01-14
141038,2025-09-18,Female,47,Toronto,Canada,"Social Media",Mobile,"At Risk",12,1112.59,2026-03-04
141544,2021-04-24,Male,55,Rome,Italy,Referral,Desktop,Loyal,17,4712.27,2022-03-17
141804,2024-09-10,Male,30,"New York",USA,Email,Mobile,Returning,15,2868.23,2024-10-03
141967,2024-10-14,"Prefer not to say",38,"New York",USA,Direct,Mobile,Loyal,12,4536.19,2025-06-11
142066,2024-07-15,Female,26,Madrid,Spain,Referral,Desktop,Returning,1,1351.88,2024-10-28
142067,2024-05-02,Female,31,"New York",USA,Direct,Mobile,Loyal,23,9031.66,2024-07-31
142362,2021-12-12,Male,36,Toronto,Canada,Email,Desktop,VIP,8,3510.53,2022-03-05
142420,2023-04-10,Male,81,Paris,France,Direct,Desktop,Loyal,12,1883.4,2023-09-20
142549,2022-09-30,Female,22,London,UK,Referral,Desktop,New,17,7876.45,2023-02-14
142599,2024-07-22,"Prefer not to say",62,"New York",USA,"Paid Search",Desktop,"At Risk",4,9783.89,2024-08-06
142686,2022-12-04,Female,54,Madrid,Spain,Direct,Mobile,New,24,9850.98,2023-08-14
143015,2021-04-14,Male,70,London,UK,Referral,Tablet,Loyal,25,4458.84,2022-07-12
143046,2022-12-22,Male,63,London,UK,"Organic Search",Mobile,VIP,16,3579.51,2023-10-23
144108,2023-09-11,Male,50,Rome,Italy,Direct,Mobile,"At Risk",6,9537.68,2023-12-29
144274,2024-10-03,Female,52,Istanbul,Türkiye,"Organic Search",Mobile,Loyal,5,5044.75,2024-10-05
144730,2021-02-17,,72,Paris,France,Referral,Mobile,Loyal,9,2957.35,2021-12-29
144894,2023-07-09,"Prefer not to say",61,Berlin,Germany,"Organic Search",Desktop,"At Risk",9,1130.26,2024-11-08
145146,2025-06-02,Male,78,Berlin,Germany,"Social Media",Tablet,Returning,6,6647.08,2025-10-15
145200,2022-02-05,"Prefer not to say",64,Istanbul,Türkiye,Email,Mobile,VIP,9,1361.97,2023-02-10
145599,2023-12-20,Female,44,Rome,Italy,"Organic Search",Tablet,VIP,12,9364.82,2024-08-17
145691,2024-02-03,"Prefer not to say",43,Istanbul,Türkiye,Email,Mobile,New,18,4382.49,2024-03-15
146346,2024-08-05,,49,Istanbul,Türkiye,"Social Media",Tablet,Returning,18,3339.53,2024-08-08
147024,2022-11-14,Male,59,Toronto,Canada,"Social Media",Desktop,"At Risk",8,6136.05,2023-06-24
147087,2023-11-12,Female,59,Paris,France,Referral,Mobile,"At Risk",12,1079.04,2024-04-18
147164,2024-06-19,"Prefer not to say",21,Toronto,Canada,"Organic Search",Desktop,Loyal,16,7653.85,2024-11-20
147165,2025-02-05,,85,Rome,Italy,Email,Desktop,Loyal,24,2071.01,2026-05-03
147592,2021-12-08,,40,London,UK,Email,Mobile,Returning,0,0,NULL
147974,2025-08-08,Female,59,Madrid,Spain,"Social Media",Tablet,Loyal,7,2454.83,2026-09-07
148075,2021-09-30,Non-binary,79,Istanbul,Türkiye,"Social Media",Mobile,Loyal,9,4902.78,2021-12-15
148463,2024-10-25,Female,84,Rome,Italy,Email,Mobile,"At Risk",10,2093,2025-04-05
149319,2024-07-12,"Prefer not to say",72,"New York",USA,Referral,Desktop,Returning,5,8561.79,2025-03-10
149405,2024-02-07,Non-binary,55,Rome,Italy,"Organic Search",Mobile,VIP,10,461.1,2025-03-29
149744,2023-01-18,,71,"New York",USA,Direct,Desktop,"At Risk",0,0,NULL
149990,2022-08-09,,42,Rome,Italy,Referral,Tablet,New,23,1485.66,2023-09-01
150538,2025-03-12,Non-binary,77,Rome,Italy,"Paid Search",Mobile,Loyal,24,8178.39,2025-04-06
150672,2023-01-08,Female,21,Paris,France,Direct,Tablet,New,12,964.91,2023-01-14
150695,2023-05-21,Female,67,Paris,France,"Social Media",Mobile,VIP,25,8801.05,2023-08-31
150917,2022-10-26,Female,85,Paris,France,"Social Media",Desktop,VIP,3,2039.87,2023-03-04
151093,2021-10-19,Male,62,"New York",USA,Direct,Desktop,VIP,9,1708.88,2022-03-02
151468,2025-03-14,Non-binary,34,Toronto,Canada,"Paid Search",Mobile,VIP,13,4729.55,2025-07-05
152157,2022-05-28,Non-binary,34,Madrid,Spain,"Social Media",Mobile,VIP,22,5389.13,2022-06-04
152158,2022-10-12,,42,London,UK,"Paid Search",Desktop,New,7,7711.87,2024-01-21
152183,2022-02-10,"Prefer not to say",31,Istanbul,Türkiye,"Paid Search",Tablet,New,16,9017.76,2022-03-09
152461,2024-11-24,Female,18,Istanbul,Türkiye,Direct,Desktop,VIP,20,6234.51,2025-07-31
152538,2022-06-16,Male,84,Toronto,Canada,"Social Media",Tablet,Returning,6,9999.9,2023-08-15
153343,2025-10-01,"Prefer not to say",31,Paris,France,Email,Desktop,Returning,10,8194.45,2026-05-22
154314,2023-04-11,Female,72,Toronto,Canada,Direct,Mobile,Loyal,6,196.3,2024-02-18
154593,2024-07-27,,44,Toronto,Canada,"Organic Search",Desktop,"At Risk",23,5299.09,2024-07-28
154665,2024-05-09,"Prefer not to say",79,Rome,Italy,"Organic Search",Desktop,"At Risk",6,2235.93,2024-06-19
155376,2025-06-30,Male,84,"New York",USA,"Social Media",Mobile,Returning,11,4418.04,2026-03-21
155862,2023-04-30,Male,53,Istanbul,Türkiye,"Organic Search",Mobile,Loyal,13,8291.16,2023-11-06
156559,2022-06-01,,30,Rome,Italy,Referral,Tablet,Loyal,3,985.98,2023-08-30
156654,2023-12-28,Female,23,Madrid,Spain,Direct,Mobile,VIP,11,5251.82,2024-12-26
156670,2021-02-15,Female,53,Istanbul,Türkiye,"Social Media",Mobile,VIP,15,7261.27,2021-07-17
156843,2023-09-22,"Prefer not to say",77,"New York",USA,Direct,Tablet,VIP,2,2887.61,2024-12-01
156885,2023-04-09,"Prefer not to say",30,London,UK,Referral,Desktop,New,23,7873.41,2023-08-14
157685,2021-11-29,,55,Istanbul,Türkiye,"Organic Search",Desktop,Returning,18,3672.7,2022-02-25
157979,2025-12-02,Male,56,Rome,Italy,"Organic Search",Tablet,"At Risk",23,7281.11,2026-04-10
158031,2023-10-29,Male,73,Paris,France,"Social Media",Tablet,New,16,3522.36,2024-09-27
158371,2022-08-18,Female,23,Rome,Italy,Email,Tablet,Returning,0,0,NULL
158752,2022-06-05,Female,19,Berlin,Germany,Referral,Mobile,New,25,3844.02,2022-12-13
158825,2025-05-16,"Prefer not to say",26,"New York",USA,"Social Media",Desktop,Returning,23,4984.7,2026-07-25
158849,2022-02-21,Male,29,Rome,Italy,Referral,Desktop,Returning,16,9477.86,2022-12-14
159180,2022-03-25,Non-binary,81,"New York",USA,"Paid Search",Mobile,"At Risk",6,3625.9,2022-08-19
159894,2022-05-23,Male,25,Toronto,Canada,Email,Desktop,Loyal,22,1900.57,2023-03-02
160239,2022-07-15,Female,88,Paris,France,Direct,Desktop,VIP,19,6767.55,2023-08-13
160319,2025-10-16,,35,Paris,France,"Organic Search",Mobile,New,0,0,NULL
160987,2022-01-05,Non-binary,50,London,UK,Referral,Mobile,VIP,11,746.54,2022-11-16
161077,2023-05-24,Male,38,Istanbul,Türkiye,"Social Media",Desktop,"At Risk",18,610.58,2023-07-05
161143,2022-06-28,Male,29,Paris,France,"Paid Search",Desktop,Returning,9,9783.81,2023-01-19
161268,2022-03-31,Male,56,Toronto,Canada,"Social Media",Desktop,New,0,0,NULL
161560,2022-05-16,Male,49,"New York",USA,Direct,Mobile,New,0,0,NULL
161640,2022-02-25,Male,64,Toronto,Canada,"Paid Search",Desktop,Loyal,24,473.8,2023-01-02
161652,2022-01-30,Female,63,Toronto,Canada,"Paid Search",Desktop,VIP,23,8070.97,2022-09-17
162674,2021-07-22,Female,32,"New York",USA,"Social Media",Desktop,New,16,3886.75,2022-09-15
163107,2025-10-10,"Prefer not to say",41,Madrid,Spain,Email,Mobile,Returning,9,9866,2026-08-01
163758,2021-05-20,Female,57,Istanbul,Türkiye,Referral,Desktop,New,16,6488.52,2022-01-05
163807,2022-09-20,Female,48,Madrid,Spain,Direct,Desktop,VIP,24,8035.25,2024-01-18
164799,2025-07-22,Male,22,Paris,France,"Social Media",Desktop,"At Risk",4,217.55,2025-11-25
165348,2021-07-30,Male,53,Madrid,Spain,"Paid Search",Desktop,"At Risk",4,4785.37,2022-10-25
165870,2022-04-21,Male,51,Paris,France,Email,Mobile,Returning,8,9334.19,2022-06-10
166023,2022-01-28,"Prefer not to say",29,Toronto,Canada,"Social Media",Desktop,VIP,9,8608.4,2022-08-12
166172,2024-02-01,"Prefer not to say",31,Berlin,Germany,"Organic Search",Desktop,Loyal,17,369.03,2024-07-30
166547,2025-06-26,Non-binary,61,Berlin,Germany,Direct,Mobile,Returning,16,8840.76,2026-07-14
167310,2025-07-23,Female,56,Paris,France,Referral,Desktop,"At Risk",24,2165.69,2025-12-20
167543,2025-01-26,"Prefer not to say",51,Madrid,Spain,Referral,Mobile,Loyal,3,8422.98,2025-02-07
167571,2024-07-07,Male,51,Rome,Italy,"Paid Search",Mobile,Loyal,16,8562.82,2025-11-09
167634,2022-01-23,Female,87,Paris,France,"Organic Search",Tablet,Loyal,10,5942.08,2022-06-20
168013,2022-05-30,Male,66,Rome,Italy,"Organic Search",Tablet,New,17,9623.3,2022-07-10
168026,2025-01-25,Male,27,Rome,Italy,"Organic Search",Tablet,VIP,4,3769.98,2026-05-27
168495,2022-05-14,Female,43,"New York",USA,"Organic Search",Desktop,"At Risk",0,0,NULL
169066,2023-09-24,Female,36,Istanbul,Türkiye,"Organic Search",Mobile,New,20,5875.51,2024-05-13
169380,2022-10-01,,75,Berlin,Germany,"Paid Search",Mobile,Loyal,1,5836.46,2023-12-15
169489,2022-07-21,"Prefer not to say",56,Paris,France,Email,Tablet,Returning,1,7038.28,2023-04-02
170016,2022-10-17,"Prefer not to say",45,Rome,Italy,Email,Tablet,"At Risk",16,8179.34,2023-12-09
170253,2025-07-25,Male,40,Madrid,Spain,"Organic Search",Mobile,New,6,6029.43,2025-08-17
171036,2022-05-19,,86,"New York",USA,Email,Desktop,Returning,6,179.04,2022-10-23
171540,2024-03-25,Female,52,"New York",USA,"Social Media",Tablet,"At Risk",19,5902.46,2024-11-18
171623,2023-11-30,Female,62,Istanbul,Türkiye,"Organic Search",Desktop,Loyal,20,7180.75,2025-01-16
171884,2025-10-30,Male,50,Istanbul,Türkiye,Referral,Tablet,VIP,1,404.39,2026-10-04
172190,2024-05-20,Male,81,Berlin,Germany,"Paid Search",Desktop,Returning,0,0,NULL
172430,2022-11-15,Non-binary,68,Istanbul,Türkiye,Direct,Desktop,VIP,6,7314.04,2022-12-25
172892,2023-08-18,Male,36,Toronto,Canada,"Social Media",Tablet,Loyal,2,5667.97,2024-03-25
173142,2023-08-05,Female,78,Madrid,Spain,Direct,Tablet,"At Risk",24,7724.22,2024-07-14
173488,2025-02-14,Male,31,Madrid,Spain,Email,Desktop,VIP,3,927.49,2025-10-13
173875,2023-08-06,Female,22,Madrid,Spain,"Organic Search",Desktop,New,4,9879.69,2024-01-19
173882,2022-02-11,Male,25,London,UK,Email,Desktop,Returning,16,6581.89,2022-10-26
174162,2021-11-03,Female,44,"New York",USA,"Organic Search",Tablet,Returning,15,6290.14,2022-04-16
174361,2022-09-30,Female,73,Rome,Italy,Direct,Mobile,Loyal,15,1656.6,2023-07-15
175027,2021-03-08,Female,73,Istanbul,Türkiye,Referral,Mobile,VIP,13,4516.86,2021-09-24
175795,2025-08-07,,34,Rome,Italy,"Organic Search",Mobile,"At Risk",4,5682.14,2026-03-22
175840,2023-01-16,Male,84,Toronto,Canada,"Paid Search",Tablet,VIP,11,9907.61,2023-07-20
176063,2024-01-10,Male,55,Berlin,Germany,"Paid Search",Desktop,"At Risk",20,6789.36,2024-09-22
176224,2025-01-22,Female,61,Istanbul,Türkiye,Direct,Desktop,Returning,11,1065.99,2026-04-17
176348,2023-09-03,Female,51,Paris,France,"Social Media",Desktop,"At Risk",22,8131.94,2023-11-13
176748,2023-12-30,Male,86,Berlin,Germany,"Organic Search",Desktop,VIP,13,8074.92,2024-08-31
176978,2024-06-21,Male,51,Rome,Italy,"Social Media",Desktop,VIP,10,4524.49,2025-06-26
177047,2023-01-29,Male,42,Madrid,Spain,Referral,Mobile,New,16,2186.51,2023-01-30
177659,2023-09-03,,38,Rome,Italy,Referral,Tablet,Returning,17,9061.81,2025-01-11
177765,2025-09-26,Male,77,Madrid,Spain,Direct,Desktop,Loyal,14,8772.3,2027-01-10
177770,2022-11-01,,66,Toronto,Canada,"Social Media",Desktop,Returning,10,8960.04,2023-05-04
177810,2025-02-02,,77,"New York",USA,Referral,Mobile,"At Risk",14,5096.7,2026-03-19
177958,2023-05-27,"Prefer not to say",61,Madrid,Spain,Direct,Mobile,VIP,17,8888.06,2024-07-28
178209,2025-02-25,Female,20,London,UK,Referral,Mobile,Returning,6,2271.2,2025-08-03
178522,2024-01-15,"Prefer not to say",40,Istanbul,Türkiye,Direct,Mobile,VIP,9,7530.62,2024-08-02
178553,2025-07-02,Non-binary,62,Toronto,Canada,"Organic Search",Desktop,"At Risk",10,1533.97,2026-09-23
178774,2021-02-28,,48,"New York",USA,"Social Media",Desktop,"At Risk",17,8623.5,2021-06-08
178779,2023-11-10,Female,66,Rome,Italy,Email,Tablet,"At Risk",11,9929.06,2024-12-25
178835,2021-04-11,Non-binary,56,Paris,France,Email,Desktop,"At Risk",6,1251.15,2021-08-16
179751,2024-07-26,,60,Paris,France,"Paid Search",Desktop,Returning,15,1731.25,2024-09-24
180124,2024-02-19,Male,27,Madrid,Spain,Email,Desktop,"At Risk",22,2019.24,2024-03-22
180159,2025-06-26,,85,Berlin,Germany,"Paid Search",Mobile,Returning,22,3997.89,2026-02-10
180375,2021-03-16,Female,24,Madrid,Spain,Direct,Mobile,New,4,1390.23,2022-06-06
180852,2025-11-06,Male,45,Berlin,Germany,"Organic Search",Mobile,Returning,4,9351.49,2026-03-11
180859,2025-10-06,Male,69,London,UK,Referral,Desktop,"At Risk",9,627.39,2026-12-26
180897,2021-12-13,Non-binary,37,Berlin,Germany,Direct,Mobile,VIP,11,6547.45,2022-01-14
180971,2021-08-20,Female,32,Madrid,Spain,Referral,Mobile,"At Risk",20,9608.77,2021-12-26
181133,2025-10-31,,80,London,UK,"Social Media",Mobile,Loyal,6,7500.03,2026-04-03
181967,2024-04-22,"Prefer not to say",77,Istanbul,Türkiye,"Paid Search",Desktop,"At Risk",10,6247.47,2025-07-20
182122,2025-01-13,Non-binary,30,Toronto,Canada,"Paid Search",Mobile,VIP,23,1846.38,2025-11-14
182309,2021-07-27,Non-binary,54,Istanbul,Türkiye,Referral,Desktop,Loyal,17,3597.75,2022-01-02
182682,2024-05-14,Male,66,Toronto,Canada,Referral,Mobile,New,1,6010.32,2024-06-12
183381,2025-01-06,Female,34,"New York",USA,Direct,Desktop,Loyal,2,5868.89,2025-04-23
185321,2024-10-18,"Prefer not to say",18,London,UK,Referral,Desktop,New,25,5382.65,2024-11-02
185707,2025-11-25,"Prefer not to say",65,Berlin,Germany,"Social Media",Mobile,"At Risk",21,9730.92,2025-12-25
185714,2022-01-02,,68,"New York",USA,"Social Media",Desktop,"At Risk",20,2082.45,2022-12-03
185991,2022-01-24,Male,22,Rome,Italy,Email,Mobile,VIP,2,3262.97,2022-08-27
186580,2024-06-20,Non-binary,52,Toronto,Canada,Referral,Mobile,Returning,0,0,NULL
187277,2023-04-27,Non-binary,81,London,UK,"Organic Search",Tablet,Loyal,24,2497,2023-10-21
187339,2023-07-21,Male,42,"New York",USA,Email,Mobile,New,0,0,NULL
187535,2025-05-09,Female,80,"New York",USA,"Social Media",Desktop,Loyal,20,65.58,2025-11-07
187727,2024-07-27,Female,49,London,UK,"Paid Search",Desktop,New,6,1188.13,2025-01-04
187786,2021-02-07,Non-binary,20,Paris,France,Referral,Desktop,Loyal,18,2679.82,2021-02-07
187830,2022-10-23,,86,Rome,Italy,Direct,Desktop,Returning,10,8300.95,2022-12-31
188673,2025-01-23,Female,61,"New York",USA,"Organic Search",Tablet,VIP,4,2910.17,2026-02-12
188766,2023-10-30,Non-binary,34,Toronto,Canada,"Social Media",Mobile,Loyal,16,8468.93,2024-12-05
188793,2022-05-12,Female,23,Paris,France,Direct,Desktop,Loyal,23,7137.39,2023-03-01
189100,2025-01-25,Female,65,Istanbul,Türkiye,Direct,Mobile,VIP,6,3313.7,2025-08-08
189952,2024-12-20,Female,20,"New York",USA,Email,Tablet,Returning,25,5080.98,2026-04-21
190629,2021-11-17,Female,71,Toronto,Canada,Direct,Mobile,Loyal,23,5853.46,2022-11-10
190667,2025-09-22,Male,60,Berlin,Germany,Email,Tablet,Loyal,23,2448.41,2026-07-20
191428,2024-12-12,Male,88,London,UK,Direct,Mobile,"At Risk",2,1822.93,2026-04-09
191670,2022-07-20,Male,24,"New York",USA,"Social Media",Desktop,Loyal,24,4463.86,2023-09-27
192304,2023-11-02,Male,26,Istanbul,Türkiye,"Paid Search",Mobile,Returning,15,2743.06,2025-01-23
192886,2024-12-22,Non-binary,56,Berlin,Germany,Referral,Mobile,"At Risk",19,7364.14,2025-01-29
193493,2025-07-07,Male,44,Istanbul,Türkiye,Referral,Desktop,Loyal,14,4540.92,2025-11-19
193582,2021-09-08,Female,20,"New York",USA,Email,Tablet,Loyal,8,813.43,2022-02-19
193602,2024-05-04,Male,60,Berlin,Germany,Email,Desktop,Returning,9,1487.18,2024-09-03
193758,2023-01-29,Male,82,Toronto,Canada,Referral,Mobile,New,17,9821.15,2023-07-30
194041,2025-04-07,,34,"New York",USA,Direct,Desktop,Loyal,12,9520.45,2026-07-05
194404,2022-07-01,Male,45,"New York",USA,Email,Mobile,New,19,1474.12,2023-09-21
194766,2024-07-07,Non-binary,56,London,UK,"Social Media",Desktop,"At Risk",6,6857.51,2025-03-23
194793,2022-01-14,Male,18,Rome,Italy,"Social Media",Desktop,New,6,1696.4,2023-04-13
194871,2022-06-02,,41,Berlin,Germany,Direct,Tablet,New,2,7326.12,2022-12-18
194884,2023-11-06,"Prefer not to say",42,Paris,France,"Organic Search",Desktop,Loyal,11,3537.89,2024-05-26
195459,2023-02-03,Female,32,Madrid,Spain,Email,Desktop,"At Risk",23,3051.09,2024-01-24
195496,2022-01-01,Male,20,Madrid,Spain,Referral,Mobile,VIP,8,5261.23,2022-02-17
195649,2021-07-26,Male,74,Berlin,Germany,"Social Media",Desktop,Loyal,20,915.85,2021-12-29
195815,2024-07-18,Female,82,Madrid,Spain,Referral,Tablet,Returning,21,259.02,2024-07-20
196051,2021-02-05,"Prefer not to say",80,Rome,Italy,"Organic Search",Desktop,Loyal,12,9628.31,2021-10-26
196136,2023-12-20,"Prefer not to say",87,Paris,France,Email,Mobile,Loyal,16,5458.77,2024-10-31
196280,2025-09-12,,74,Paris,France,Direct,Tablet,"At Risk",21,2728.77,2026-04-17
196453,2025-05-23,Male,53,Rome,Italy,Email,Desktop,"At Risk",11,6270.13,2026-06-06
196515,2021-07-22,,47,Rome,Italy,"Organic Search",Desktop,"At Risk",22,615.13,2022-08-30
197573,2022-03-25,Female,28,Istanbul,Türkiye,"Social Media",Tablet,Loyal,24,4956.57,2022-08-17
198227,2023-03-30,Non-binary,59,Rome,Italy,"Organic Search",Mobile,New,15,3690.65,2024-07-19
198418,2024-08-15,Non-binary,20,Berlin,Germany,"Paid Search",Tablet,VIP,8,8696.35,2025-10-28
198420,2025-11-01,Male,38,Toronto,Canada,Direct,Mobile,Loyal,17,2892.43,2026-12-19
198595,2025-03-16,Non-binary,19,Rome,Italy,"Paid Search",Mobile,New,20,239.24,2025-05-03
198627,2023-07-07,Male,84,Paris,France,Email,Desktop,Returning,16,2023.56,2024-05-27
199185,2025-02-14,Male,75,Berlin,Germany,"Social Media",Desktop,VIP,5,5418.38,2026-03-16
199856,2023-10-22,Male,46,Paris,France,Direct,Desktop,Returning,8,7946.99,2025-01-15
201088,2021-09-01,Male,86,Rome,Italy,"Paid Search",Desktop,"At Risk",4,8559.44,2022-07-03
201258,2021-09-30,"Prefer not to say",52,Madrid,Spain,"Paid Search",Tablet,Returning,7,4410.33,2022-07-01
202110,2023-04-21,"Prefer not to say",25,Istanbul,Türkiye,Email,Mobile,VIP,1,7888.19,2023-07-18
202479,2024-11-06,Non-binary,28,Rome,Italy,Referral,Mobile,New,9,6280.36,2024-11-18
202529,2023-09-21,"Prefer not to say",57,Toronto,Canada,Email,Mobile,"At Risk",11,8507.84,2023-10-09
203421,2023-04-20,,83,Madrid,Spain,"Paid Search",Tablet,Loyal,6,5595.17,2023-07-03
203626,2022-12-09,"Prefer not to say",36,Madrid,Spain,Email,Desktop,"At Risk",21,9292.87,2023-06-13
203759,2024-08-25,,64,Istanbul,Türkiye,"Social Media",Tablet,"At Risk",21,6086.34,2024-11-02
203835,2022-01-21,Female,18,London,UK,Email,Tablet,Returning,16,7537.51,2022-06-01
204004,2022-06-26,Male,54,London,UK,Direct,Desktop,"At Risk",21,2430.35,2023-10-16
204042,2023-12-26,Non-binary,74,Paris,France,"Paid Search",Desktop,"At Risk",2,3874.49,2024-05-23
204104,2022-03-02,Male,65,Rome,Italy,"Social Media",Tablet,New,16,565.67,2023-06-28
204539,2025-09-05,Female,65,"New York",USA,Referral,Desktop,New,14,7369.33,2025-11-23
204830,2022-11-17,Male,51,Berlin,Germany,Direct,Desktop,Returning,1,9385.88,2023-12-10
204857,2024-06-28,Male,77,Madrid,Spain,Referral,Tablet,"At Risk",22,236.12,2025-08-16
204993,2022-08-06,,20,Paris,France,Direct,Mobile,New,6,4005.01,2023-06-08
205653,2021-05-04,Male,73,Berlin,Germany,Referral,Tablet,VIP,3,7270.7,2021-12-20
205824,2023-10-02,Male,21,"New York",USA,"Social Media",Desktop,"At Risk",22,1618.24,2024-01-03
205837,2025-06-05,"Prefer not to say",45,London,UK,Referral,Tablet,Loyal,2,3361.81,2026-06-24
205851,2022-06-29,Male,22,London,UK,"Paid Search",Desktop,VIP,16,1204.98,2023-07-26
205954,2022-10-25,Male,81,Berlin,Germany,"Paid Search",Desktop,"At Risk",12,8356.37,2024-01-27
206056,2025-05-06,Non-binary,43,Rome,Italy,"Paid Search",Mobile,VIP,11,861.38,2025-06-26
207192,2023-11-06,Female,69,"New York",USA,"Social Media",Desktop,VIP,4,3512.49,2023-12-25
207465,2021-03-18,Male,26,Paris,France,"Paid Search",Desktop,Returning,19,1161.4,2021-11-18
207829,2022-09-21,Female,63,Rome,Italy,Email,Desktop,VIP,3,9367.8,2023-02-10
207855,2023-12-09,Non-binary,19,Istanbul,Türkiye,"Paid Search",Mobile,"At Risk",3,1466.05,2024-06-18
208044,2023-04-15,Female,45,Madrid,Spain,Direct,Mobile,"At Risk",24,745.3,2024-01-12
208181,2023-08-02,Male,75,Madrid,Spain,"Social Media",Desktop,VIP,15,8937.4,2024-04-17
208223,2021-04-08,Non-binary,39,Paris,France,"Paid Search",Desktop,Loyal,14,4832.18,2021-09-16
208281,2022-07-10,"Prefer not to say",82,Istanbul,Türkiye,Email,Desktop,Returning,14,9071.03,2022-07-23
208309,2025-02-14,Female,82,Istanbul,Türkiye,"Paid Search",Desktop,"At Risk",23,4146.34,2026-06-16
208793,2021-07-24,"Prefer not to say",86,Madrid,Spain,"Social Media",Desktop,New,21,3219.36,2022-05-18
209340,2025-09-18,Female,18,Rome,Italy,"Organic Search",Mobile,Loyal,11,2538.16,2026-06-16
209496,2021-09-07,,64,Paris,France,Referral,Tablet,New,5,7160.78,2022-07-04
209773,2023-04-02,,23,London,UK,Referral,Mobile,"At Risk",9,2133,2023-09-03
209857,2023-05-20,"Prefer not to say",49,Berlin,Germany,"Organic Search",Desktop,VIP,5,9486.22,2024-03-30
210667,2021-05-14,Male,87,Toronto,Canada,Email,Desktop,New,1,5225.48,2021-12-06
210871,2022-03-16,"Prefer not to say",19,Madrid,Spain,"Organic Search",Desktop,VIP,17,3598.65,2022-11-24
210970,2021-06-13,Male,45,Toronto,Canada,"Social Media",Mobile,VIP,6,6327.03,2021-10-19
211553,2025-07-16,,41,Berlin,Germany,Referral,Desktop,New,11,1951.49,2026-08-26
212069,2024-11-03,Non-binary,88,Paris,France,"Paid Search",Mobile,Returning,24,368.2,2025-04-21
212132,2023-09-22,Male,74,Paris,France,Email,Desktop,"At Risk",19,9094.04,2024-02-06
212963,2023-06-20,,82,Toronto,Canada,"Social Media",Desktop,VIP,18,2710.25,2023-11-14
213127,2022-03-01,Non-binary,85,Toronto,Canada,"Social Media",Tablet,Returning,5,4675.55,2023-07-03
213174,2021-03-11,Male,53,London,UK,Direct,Desktop,"At Risk",15,6186.47,2021-04-10
213392,2022-09-03,Male,45,"New York",USA,Referral,Tablet,Returning,24,7358.17,2023-03-06
214044,2025-08-20,,21,"New York",USA,"Organic Search",Desktop,"At Risk",0,0,NULL
214265,2024-02-13,Male,32,Rome,Italy,"Social Media",Mobile,New,8,7945.48,2024-10-10
214807,2024-02-22,"Prefer not to say",28,"New York",USA,"Paid Search",Desktop,"At Risk",3,3555.58,2024-11-22
215205,2024-02-15,Female,24,Rome,Italy,"Social Media",Mobile,Loyal,9,988.22,2024-10-04
216334,2023-03-07,Female,64,Paris,France,"Organic Search",Mobile,VIP,6,2053.78,2023-10-14
216523,2025-07-11,Female,24,Istanbul,Türkiye,Direct,Tablet,Loyal,22,3898.17,2025-11-27
216624,2022-10-31,Female,60,Toronto,Canada,"Organic Search",Mobile,"At Risk",19,3933.16,2024-02-18
216771,2022-01-28,,23,London,UK,Email,Mobile,"At Risk",7,5229.89,2022-05-04
216934,2023-05-10,Non-binary,64,Istanbul,Türkiye,Direct,Desktop,"At Risk",4,7781.58,2023-12-14
217662,2021-03-27,Non-binary,31,Toronto,Canada,"Social Media",Tablet,"At Risk",24,4092,2021-05-06
217983,2021-12-19,Non-binary,36,London,UK,"Organic Search",Desktop,Loyal,21,7535.66,2022-08-15
218238,2024-07-07,Male,68,London,UK,"Organic Search",Desktop,New,10,5775.46,2025-01-30
218589,2025-02-02,Male,78,London,UK,Referral,Mobile,New,25,6155.56,2025-08-29
218909,2025-06-28,"Prefer not to say",67,London,UK,Referral,Desktop,"At Risk",22,8488.1,2025-07-18
219014,2025-04-14,Male,88,Berlin,Germany,"Social Media",Desktop,"At Risk",20,2829.35,2025-12-02
219023,2025-03-05,,55,Berlin,Germany,"Social Media",Tablet,VIP,23,2899.15,2025-05-06
219446,2022-09-04,Male,47,Madrid,Spain,"Social Media",Desktop,"At Risk",6,7023.51,2023-12-25
219737,2023-08-29,Non-binary,71,Madrid,Spain,Email,Mobile,New,10,4488.31,2024-10-19
219869,2021-06-14,Male,40,Berlin,Germany,"Social Media",Mobile,Returning,18,6703.88,2021-12-08
220260,2021-05-08,"Prefer not to say",32,Rome,Italy,"Social Media",Desktop,Returning,12,5243.11,2022-08-14
220337,2021-04-13,Non-binary,73,Madrid,Spain,Referral,Mobile,Returning,3,7875.09,2021-11-02
220550,2021-01-24,,31,Berlin,Germany,"Social Media",Tablet,VIP,13,8240.36,2021-03-01
220693,2025-04-16,"Prefer not to say",50,Madrid,Spain,Direct,Desktop,Loyal,7,4324,2025-05-30
221171,2021-04-11,Female,61,Berlin,Germany,"Paid Search",Mobile,New,3,8373.4,2021-10-05
221463,2021-09-07,Non-binary,48,Istanbul,Türkiye,"Social Media",Mobile,Returning,3,9145.08,2021-12-30
221566,2021-10-14,Female,30,Madrid,Spain,"Paid Search",Mobile,Loyal,14,8644.64,2022-07-24
221778,2022-04-20,,69,Istanbul,Türkiye,"Organic Search",Mobile,Loyal,11,9639.82,2023-01-31
221799,2022-10-28,Male,51,Rome,Italy,"Social Media",Tablet,"At Risk",13,4278.87,2024-03-10
222057,2025-01-15,Female,42,Rome,Italy,Referral,Desktop,VIP,12,5418.34,2026-04-09
222169,2022-06-05,"Prefer not to say",42,Istanbul,Türkiye,"Organic Search",Tablet,VIP,18,6457.6,2023-02-12
222826,2022-08-03,"Prefer not to say",36,London,UK,Email,Mobile,New,17,1982.61,2022-12-18
223141,2023-01-18,"Prefer not to say",58,Toronto,Canada,Direct,Desktop,Returning,12,4968.39,2024-01-27
223584,2024-03-25,Female,54,Madrid,Spain,Referral,Desktop,Loyal,11,3130.06,2025-02-13
223646,2023-02-08,Non-binary,44,London,UK,Direct,Tablet,"At Risk",12,2458.53,2023-02-24
223802,2022-06-23,,60,Berlin,Germany,Referral,Mobile,"At Risk",18,8464.49,2023-05-18
223806,2025-09-10,Male,24,Rome,Italy,Direct,Mobile,New,0,0,NULL
223826,2022-04-04,"Prefer not to say",44,Madrid,Spain,Referral,Mobile,VIP,5,9804,2023-02-21
224158,2021-10-21,"Prefer not to say",78,Paris,France,"Paid Search",Tablet,"At Risk",17,3061.61,2022-10-09
224410,2024-07-28,Male,87,London,UK,Email,Tablet,"At Risk",1,7099.43,2024-08-04
224878,2021-10-24,Female,43,Madrid,Spain,Email,Desktop,Loyal,7,4674.67,2022-10-17
224976,2025-05-09,Female,79,Toronto,Canada,Referral,Mobile,Returning,5,8082,2026-02-28
224983,2022-05-17,"Prefer not to say",79,"New York",USA,Referral,Desktop,Returning,9,7865.07,2022-06-25
225564,2023-10-01,Non-binary,75,Rome,Italy,"Organic Search",Mobile,Loyal,16,3860.96,2023-11-13
225709,2024-07-09,Female,25,Istanbul,Türkiye,Email,Tablet,Returning,22,9615.19,2025-03-18
225875,2025-01-23,Non-binary,20,Rome,Italy,"Organic Search",Mobile,Returning,17,648.35,2025-10-23
226259,2025-07-17,Male,60,Paris,France,"Organic Search",Mobile,Returning,5,9959.12,2025-09-26
226762,2021-02-14,Male,54,Toronto,Canada,Email,Mobile,Returning,6,7682.65,2021-09-23
226763,2025-01-22,Female,49,Paris,France,Direct,Mobile,"At Risk",16,6963.05,2025-10-01
227383,2024-06-30,Female,68,Madrid,Spain,Email,Mobile,Loyal,6,6684.23,2024-11-26
227471,2024-09-15,,28,Toronto,Canada,Direct,Desktop,Returning,0,0,NULL
227565,2024-06-24,"Prefer not to say",30,Paris,France,"Social Media",Desktop,Loyal,17,3074.61,2025-07-09
227716,2023-11-15,Female,79,Istanbul,Türkiye,Direct,Desktop,VIP,18,3144.24,2024-07-26
227783,2025-09-23,Female,20,Rome,Italy,Direct,Desktop,VIP,4,1694.24,2026-05-23
228388,2025-01-13,Male,36,"New York",USA,Direct,Mobile,"At Risk",8,5235.1,2025-10-02
229230,2025-03-04,Female,60,London,UK,"Paid Search",Desktop,Returning,17,5073.87,2026-05-20
229801,2022-04-15,,41,Istanbul,Türkiye,Referral,Tablet,Returning,8,4554.57,2022-07-05
229919,2025-07-02,Non-binary,26,Toronto,Canada,"Paid Search",Desktop,Returning,23,3543.45,2026-07-16
231090,2021-10-25,Female,73,Rome,Italy,"Social Media",Mobile,Returning,0,0,NULL
231207,2021-01-06,,64,"New York",USA,"Social Media",Tablet,Returning,19,2381.87,2021-09-09
231297,2023-09-14,"Prefer not to say",85,Paris,France,"Paid Search",Desktop,New,0,0,NULL
231788,2022-06-02,Male,78,London,UK,"Social Media",Mobile,VIP,15,1331.34,2023-01-06
232015,2023-04-03,,50,London,UK,Referral,Mobile,VIP,5,8797.64,2023-08-22
232197,2022-06-12,Male,60,Toronto,Canada,"Paid Search",Desktop,New,2,2195.33,2023-06-01
232409,2024-11-02,Male,73,Toronto,Canada,Email,Tablet,Loyal,10,6765.55,2025-11-22
232434,2025-01-18,"Prefer not to say",24,Toronto,Canada,"Social Media",Mobile,New,0,0,NULL
232466,2024-03-24,Male,33,Rome,Italy,"Organic Search",Mobile,Returning,3,561.12,2024-07-22
232505,2021-08-08,Female,67,Madrid,Spain,Email,Mobile,Loyal,15,4782.46,2022-04-08
232777,2022-03-29,Male,31,Paris,France,Referral,Desktop,VIP,18,6034.32,2023-06-01
233293,2025-04-24,Female,22,"New York",USA,Email,Desktop,Returning,24,4969.62,2026-06-20
234136,2021-02-20,"Prefer not to say",42,Berlin,Germany,Email,Mobile,"At Risk",8,4383.97,2021-03-26
234430,2021-11-08,Male,61,Berlin,Germany,"Social Media",Desktop,"At Risk",13,822.03,2022-06-18
234600,2023-02-19,Male,60,Toronto,Canada,"Paid Search",Tablet,New,20,560.05,2024-02-15
235187,2024-01-28,"Prefer not to say",65,Berlin,Germany,Direct,Tablet,Loyal,19,8120.31,2024-08-27
235450,2022-06-21,Female,35,Toronto,Canada,Email,Tablet,Loyal,10,9867.25,2022-07-28
235527,2022-11-16,Female,51,"New York",USA,Referral,Mobile,Returning,12,414.89,2024-03-28
235759,2021-10-18,Female,59,Paris,France,"Paid Search",Mobile,VIP,10,5986.48,2023-02-01
235895,2024-07-27,Female,28,Istanbul,Türkiye,Direct,Tablet,Returning,10,6268.89,2025-01-20
236024,2021-04-09,Non-binary,70,Berlin,Germany,"Paid Search",Tablet,New,20,9982.77,2022-06-19
236026,2021-10-26,Male,30,Paris,France,"Paid Search",Mobile,Loyal,22,1719.9,2023-01-09
236292,2022-01-19,Male,64,Istanbul,Türkiye,"Organic Search",Desktop,VIP,20,8571.42,2023-02-28
236320,2024-01-30,Male,63,London,UK,"Organic Search",Tablet,Returning,17,1023.94,2025-01-26
236362,2022-06-25,Male,40,Istanbul,Türkiye,"Paid Search",Mobile,VIP,6,178.05,2023-04-13
236526,2023-11-26,Non-binary,88,Berlin,Germany,Email,Tablet,Returning,8,480.53,2024-04-10
236589,2023-10-16,Female,36,London,UK,"Paid Search",Tablet,"At Risk",6,64.71,2025-01-27
236641,2023-10-21,Male,81,Madrid,Spain,"Paid Search",Mobile,VIP,7,4495.05,2024-09-03
236725,2022-04-06,Male,59,Istanbul,Türkiye,"Social Media",Mobile,VIP,4,9062.55,2022-09-29
237304,2022-02-19,Female,74,Rome,Italy,"Paid Search",Mobile,"At Risk",16,6098.78,2023-05-25
238633,2022-02-21,Non-binary,60,Istanbul,Türkiye,"Social Media",Desktop,"At Risk",25,5502.24,2023-04-27
238798,2021-01-18,Non-binary,67,Rome,Italy,Email,Desktop,New,19,4064.39,2022-02-06
239017,2023-11-14,Male,67,"New York",USA,Direct,Mobile,New,3,9413.08,2024-11-21
239478,2025-01-06,Female,64,Toronto,Canada,"Paid Search",Mobile,"At Risk",21,5305.98,2026-04-17
239590,2022-06-11,Non-binary,79,Rome,Italy,"Social Media",Mobile,VIP,16,716.22,2023-03-30
239671,2021-09-19,,51,Toronto,Canada,Email,Desktop,Returning,22,4948.02,2022-09-01
239726,2023-06-09,"Prefer not to say",58,Istanbul,Türkiye,Referral,Mobile,"At Risk",14,6367.41,2023-09-14
239887,2022-11-30,,47,Toronto,Canada,"Social Media",Mobile,"At Risk",18,4650.85,2023-03-18
240461,2024-08-16,Male,57,Rome,Italy,"Organic Search",Tablet,Returning,12,6295.37,2024-11-05
240891,2023-02-23,Female,67,Istanbul,Türkiye,"Paid Search",Mobile,VIP,5,6057.17,2024-05-10
241118,2021-08-31,Non-binary,64,"New York",USA,Direct,Mobile,Loyal,15,7139.21,2022-02-02
241628,2024-02-19,Male,21,Toronto,Canada,Direct,Tablet,New,0,0,NULL
241707,2024-09-17,,88,"New York",USA,"Social Media",Tablet,Loyal,2,551.65,2025-11-08
241920,2023-08-26,,23,London,UK,Email,Mobile,Loyal,24,4304.6,2023-12-27
243229,2024-11-07,Female,80,Berlin,Germany,"Paid Search",Tablet,New,12,2411.15,2025-06-14
244131,2022-06-06,Female,22,London,UK,Referral,Tablet,Returning,6,1656.42,2022-12-13
244806,2023-04-25,Male,65,"New York",USA,"Paid Search",Mobile,Loyal,10,1116.41,2024-02-04
245001,2022-03-17,,28,Berlin,Germany,Referral,Mobile,New,14,5290.82,2022-05-09
245223,2022-10-31,,85,Istanbul,Türkiye,Email,Desktop,"At Risk",21,9196.62,2023-02-04
245353,2021-04-24,Female,32,Paris,France,"Social Media",Desktop,New,0,0,NULL
245788,2022-09-20,"Prefer not to say",55,Istanbul,Türkiye,"Organic Search",Desktop,New,13,7946.34,2022-10-17
245884,2021-11-23,Female,42,Madrid,Spain,Email,Desktop,New,25,7800.66,2022-08-06
245954,2025-11-02,Male,52,Madrid,Spain,Email,Mobile,VIP,20,8053.55,2026-06-04
246199,2021-05-07,Male,54,Istanbul,Türkiye,"Organic Search",Desktop,New,2,7343.3,2021-11-28
246214,2025-02-20,"Prefer not to say",49,Berlin,Germany,Email,Tablet,Loyal,24,7146.92,2026-05-17
246354,2023-07-05,Male,81,"New York",USA,"Social Media",Desktop,New,16,1088.59,2024-07-13
246923,2024-06-15,Non-binary,37,Istanbul,Türkiye,"Paid Search",Desktop,Returning,25,5466.73,2025-07-11
247143,2022-10-09,Female,19,Madrid,Spain,Referral,Tablet,Returning,4,9664.11,2023-01-17
248413,2024-09-04,Female,23,Istanbul,Türkiye,Email,Mobile,Loyal,24,7027.21,2025-02-10
248562,2022-02-15,,40,Paris,France,Direct,Desktop,Returning,23,1372.17,2022-11-28
248820,2023-09-28,Female,87,Toronto,Canada,"Social Media",Desktop,VIP,10,4359.16,2024-08-10
249643,2021-07-05,Male,27,Madrid,Spain,Email,Desktop,New,12,7953.66,2021-07-07
250238,2021-09-29,Female,53,"New York",USA,"Social Media",Tablet,VIP,19,4883,2022-05-04
250787,2023-12-30,,82,Madrid,Spain,"Paid Search",Desktop,Returning,14,3449.98,2025-03-06
251386,2025-11-25,Non-binary,47,Istanbul,Türkiye,Referral,Mobile,"At Risk",0,0,NULL
251723,2021-05-24,Female,42,Istanbul,Türkiye,Direct,Mobile,"At Risk",23,6947.45,2022-06-11
251870,2021-02-17,Non-binary,40,Istanbul,Türkiye,"Paid Search",Desktop,Loyal,16,2767.33,2021-09-24
252194,2023-06-24,Male,85,Rome,Italy,"Organic Search",Mobile,VIP,3,1182.62,2023-10-07
252230,2025-04-26,Female,83,Berlin,Germany,Referral,Mobile,Returning,19,2804.93,2026-06-26
253242,2025-12-06,Male,41,Berlin,Germany,Referral,Desktop,"At Risk",12,6030.37,2026-02-11
253405,2025-07-22,Non-binary,18,Madrid,Spain,"Paid Search",Mobile,VIP,2,8952.69,2026-08-18
253497,2021-04-11,"Prefer not to say",61,"New York",USA,Email,Mobile,Returning,8,7231.12,2022-03-25
253576,2021-06-28,,34,Madrid,Spain,"Paid Search",Mobile,VIP,21,2799.82,2022-09-20
254485,2021-03-11,"Prefer not to say",79,Berlin,Germany,Referral,Desktop,"At Risk",17,2007.04,2021-08-08
254858,2021-11-07,Non-binary,58,London,UK,Email,Desktop,New,12,5359.56,2022-10-18
255378,2023-09-07,Female,38,Berlin,Germany,Email,Mobile,"At Risk",17,9517.07,2024-09-30
255415,2021-03-12,"Prefer not to say",18,Paris,France,Direct,Mobile,VIP,19,5873.65,2022-04-29
255462,2024-03-18,Non-binary,39,Toronto,Canada,Direct,Desktop,Loyal,21,4115.45,2025-06-15
255542,2023-11-22,,56,Berlin,Germany,"Social Media",Mobile,Loyal,25,8248.69,2024-02-22
255561,2024-06-04,Female,67,Madrid,Spain,Direct,Mobile,Returning,13,685.37,2025-01-03
255619,2021-01-06,Female,41,Madrid,Spain,Direct,Desktop,VIP,22,7591.51,2021-06-25
255982,2021-12-09,"Prefer not to say",77,Berlin,Germany,"Social Media",Mobile,VIP,11,7409.46,2022-05-16
256085,2024-12-23,Female,78,London,UK,Direct,Desktop,VIP,15,6435.84,2026-03-23
256271,2024-10-17,Female,80,Rome,Italy,Email,Mobile,VIP,13,1763.81,2026-01-28
256377,2022-11-07,,49,Paris,France,Referral,Mobile,"At Risk",25,3887.04,2023-12-09
256654,2024-09-28,Female,37,Berlin,Germany,Direct,Tablet,Loyal,20,1865,2025-12-07
256688,2023-11-25,"Prefer not to say",25,"New York",USA,Direct,Mobile,New,0,0,NULL
256828,2022-11-04,Male,36,Toronto,Canada,"Paid Search",Desktop,VIP,23,4156.77,2023-08-26
256870,2025-03-22,Female,62,London,UK,Email,Desktop,Loyal,22,5900.77,2026-01-10
257161,2023-06-07,Male,36,Rome,Italy,Referral,Desktop,Loyal,12,5597.73,2024-08-05
257345,2023-11-18,"Prefer not to say",27,Berlin,Germany,"Social Media",Desktop,Returning,25,2387.39,2024-06-19
258345,2023-05-23,Male,86,Istanbul,Türkiye,Direct,Mobile,"At Risk",12,6843.69,2024-05-21
258844,2024-12-07,"Prefer not to say",60,Madrid,Spain,Direct,Desktop,VIP,22,2508.85,2025-12-02
259365,2021-06-16,Male,36,"New York",USA,"Organic Search",Desktop,"At Risk",12,6822.87,2021-09-04
259456,2025-11-09,Male,67,Berlin,Germany,Referral,Desktop,New,14,7554.33,2027-02-05
259669,2023-12-06,Male,66,"New York",USA,"Paid Search",Tablet,Returning,14,3073.32,2025-01-06
260516,2025-03-23,Non-binary,71,Paris,France,Email,Mobile,Returning,0,0,NULL
261669,2025-07-27,Male,42,"New York",USA,"Social Media",Mobile,VIP,16,4374.17,2026-10-09
261783,2024-04-14,Female,69,Rome,Italy,Email,Desktop,"At Risk",0,0,NULL
263065,2023-06-01,Female,54,"New York",USA,Referral,Mobile,VIP,5,6791.24,2023-08-25
263163,2024-12-04,Female,80,London,UK,Referral,Mobile,VIP,25,1917.86,2026-01-18
263276,2021-11-30,Male,19,London,UK,"Social Media",Tablet,"At Risk",9,1125.34,2022-05-25
263339,2022-09-17,"Prefer not to say",18,Istanbul,Türkiye,Referral,Desktop,New,0,0,NULL
263346,2025-01-03,Female,64,London,UK,"Organic Search",Desktop,Returning,6,21.15,2025-03-05
263666,2024-09-13,Male,69,Madrid,Spain,"Social Media",Tablet,New,17,2520.25,2025-08-10
264590,2023-04-02,Female,23,Paris,France,"Social Media",Desktop,"At Risk",10,1890.06,2024-02-15
264659,2025-08-27,Female,20,"New York",USA,"Paid Search",Desktop,"At Risk",0,0,NULL
265566,2021-03-19,Female,87,Istanbul,Türkiye,Email,Desktop,Loyal,8,3531.22,2022-06-16
265892,2022-06-14,Non-binary,60,Istanbul,Türkiye,Email,Tablet,"At Risk",8,3739.94,2022-06-22
266366,2022-02-08,"Prefer not to say",50,Toronto,Canada,Email,Tablet,New,22,9603.19,2022-09-18
266623,2021-10-10,Male,18,Madrid,Spain,"Paid Search",Mobile,"At Risk",13,9238.32,2022-04-01
266665,2024-08-03,Female,51,Istanbul,Türkiye,"Paid Search",Desktop,"At Risk",7,2642.19,2025-07-27
267214,2025-02-27,Male,43,Madrid,Spain,Email,Mobile,New,3,2552.55,2026-04-24
267379,2023-01-11,Male,41,London,UK,"Paid Search",Mobile,VIP,7,2403.51,2023-10-10
267528,2025-01-02,,26,Rome,Italy,"Paid Search",Tablet,Loyal,19,7993.08,2025-02-20
267669,2025-04-30,"Prefer not to say",64,Toronto,Canada,"Paid Search",Desktop,VIP,6,7890.97,2026-02-05
267843,2024-07-23,Male,85,Madrid,Spain,Direct,Desktop,Loyal,18,9278.61,2024-08-04
268010,2024-10-03,Female,76,London,UK,Referral,Desktop,VIP,21,3117.33,2026-01-08
268517,2021-04-22,Male,54,"New York",USA,"Paid Search",Mobile,Returning,2,1702.78,2021-06-25
268766,2021-08-22,Male,85,Paris,France,"Organic Search",Mobile,New,4,2393.07,2021-09-29
269478,2023-11-07,"Prefer not to say",29,Madrid,Spain,Email,Mobile,New,1,6937.04,2024-08-16
269890,2025-02-25,,67,Toronto,Canada,Email,Mobile,Loyal,1,2963.91,2026-01-15
270431,2024-07-28,Female,64,Rome,Italy,Referral,Tablet,VIP,23,4224.36,2024-08-14
270887,2022-05-29,"Prefer not to say",61,London,UK,"Organic Search",Desktop,New,0,0,NULL
270984,2024-11-19,Male,84,"New York",USA,Referral,Tablet,VIP,4,6644.4,2025-03-17
271650,2022-02-10,Female,40,Paris,France,Email,Mobile,Returning,10,66.79,2022-08-30
271769,2022-07-11,Male,71,London,UK,Email,Desktop,Loyal,5,4468.73,2022-10-13
272111,2021-04-05,Male,81,Paris,France,Referral,Mobile,New,1,6406.43,2022-05-16
272374,2025-09-01,Female,72,London,UK,Direct,Desktop,Returning,25,5619.56,2026-08-21
272757,2023-12-10,"Prefer not to say",68,Istanbul,Türkiye,Referral,Desktop,VIP,20,9614.52,2024-09-13
272803,2024-06-10,Female,45,Paris,France,"Paid Search",Desktop,Returning,14,2588.98,2025-06-29
273202,2023-09-26,Male,77,Madrid,Spain,Email,Mobile,Loyal,16,4271.63,2024-10-28
273409,2024-04-12,Female,85,Madrid,Spain,"Organic Search",Tablet,"At Risk",4,3431.86,2024-12-04
273675,2021-11-01,Female,18,Madrid,Spain,"Social Media",Mobile,Returning,12,4456.95,2022-08-21
274643,2023-05-23,"Prefer not to say",76,Istanbul,Türkiye,"Organic Search",Mobile,Returning,17,7015.09,2024-02-09
274795,2025-06-23,"Prefer not to say",69,Istanbul,Türkiye,"Paid Search",Desktop,New,23,9395.09,2026-01-23
275241,2021-12-14,Female,80,Istanbul,Türkiye,Direct,Mobile,New,1,701.71,2023-02-15
275514,2021-10-19,,31,"New York",USA,"Paid Search",Desktop,New,19,8552.51,2022-07-27
275605,2021-09-23,Female,83,Paris,France,Email,Mobile,"At Risk",23,9008.36,2022-09-08
275760,2021-10-09,Female,62,Paris,France,Direct,Desktop,Returning,7,8000.84,2022-01-24
275924,2023-06-01,Male,32,Istanbul,Türkiye,Direct,Mobile,New,22,5366.73,2024-09-02
275948,2023-10-26,Female,25,Madrid,Spain,"Social Media",Tablet,Returning,24,2769.95,2024-07-20
276139,2025-09-09,Female,46,"New York",USA,Direct,Mobile,"At Risk",11,394.66,2026-10-05
276312,2025-02-06,Male,50,"New York",USA,"Social Media",Mobile,"At Risk",1,8542.29,2025-04-17
276741,2021-02-11,Male,52,London,UK,Email,Mobile,"At Risk",12,9677.49,2021-11-01
276783,2024-09-09,Male,74,Rome,Italy,"Social Media",Tablet,Loyal,22,9448.96,2025-11-25
276787,2021-05-15,Male,84,London,UK,Direct,Mobile,"At Risk",13,7527.75,2022-04-02
277861,2023-02-27,Male,76,Madrid,Spain,"Social Media",Desktop,New,11,7774.78,2023-05-06
277937,2022-10-09,Female,46,Berlin,Germany,"Organic Search",Desktop,New,24,4178.5,2022-11-01
278585,2024-08-26,Male,48,Toronto,Canada,"Paid Search",Mobile,New,2,4717.65,2025-12-28
278624,2022-05-10,Female,58,Berlin,Germany,Referral,Mobile,New,9,3463.14,2022-06-15
278664,2022-09-13,Male,76,Rome,Italy,Referral,Tablet,Returning,13,6632.35,2023-01-22
279176,2022-07-18,Female,31,Paris,France,"Social Media",Mobile,VIP,6,8241.02,2023-06-18
279848,2025-06-02,"Prefer not to say",72,London,UK,"Paid Search",Mobile,VIP,19,9363.17,2025-12-05
279849,2024-11-30,"Prefer not to say",42,London,UK,Direct,Mobile,"At Risk",8,2077.65,2024-12-19
280432,2024-08-14,Female,46,Rome,Italy,Email,Mobile,New,2,3541.71,2025-04-14
280442,2022-04-28,Female,83,"New York",USA,Email,Mobile,VIP,2,6513.58,2022-06-27
280537,2022-11-16,Female,63,Berlin,Germany,Email,Desktop,Returning,13,3698.41,2022-12-13
280564,2021-01-23,,20,Berlin,Germany,Direct,Mobile,Loyal,11,9829.64,2021-04-04
280735,2021-10-19,Female,86,London,UK,Direct,Tablet,Loyal,25,5547.13,2022-10-03
281076,2024-12-08,,63,Berlin,Germany,"Paid Search",Tablet,Loyal,1,3267.41,2026-04-01
281248,2023-03-03,Female,28,Toronto,Canada,"Paid Search",Desktop,"At Risk",17,3544.62,2023-06-26
281411,2021-05-13,Female,22,Berlin,Germany,"Social Media",Mobile,"At Risk",8,5926.74,2022-06-25
281635,2022-02-15,Male,70,London,UK,"Paid Search",Mobile,Returning,11,9042.72,2022-03-15
281657,2024-04-14,"Prefer not to say",71,Paris,France,Direct,Tablet,"At Risk",16,5920.16,2025-07-18
281734,2022-04-08,Non-binary,60,Paris,France,Direct,Tablet,New,0,0,NULL
281788,2022-09-14,Male,79,London,UK,"Social Media",Desktop,VIP,10,9071.26,2023-08-04
283198,2025-02-13,Female,37,Toronto,Canada,Direct,Mobile,New,25,9728.5,2026-03-01
283654,2022-10-30,Male,58,Rome,Italy,"Social Media",Mobile,Loyal,18,9118.85,2023-12-06
283665,2024-08-09,"Prefer not to say",64,London,UK,"Organic Search",Mobile,"At Risk",5,6795.47,2025-10-17
283790,2021-12-29,Male,57,Berlin,Germany,"Paid Search",Desktop,New,2,6451.37,2022-08-12
284137,2021-09-24,Male,36,Toronto,Canada,Referral,Desktop,Returning,17,1270.25,2022-09-24
284715,2024-08-04,Male,39,London,UK,"Social Media",Desktop,"At Risk",15,2365.18,2025-07-11
284838,2025-07-31,Male,51,Berlin,Germany,"Organic Search",Desktop,Returning,6,1745.95,2026-05-03
285104,2023-12-05,,88,Rome,Italy,Email,Desktop,Loyal,11,5289.6,2024-07-08
285367,2025-03-18,Male,43,Berlin,Germany,"Paid Search",Tablet,"At Risk",9,3402.98,2025-05-02
285819,2023-07-26,Male,79,Madrid,Spain,"Paid Search",Desktop,Returning,9,1076,2023-11-05
286204,2024-04-15,Male,55,Toronto,Canada,Referral,Tablet,New,17,6518.16,2024-07-31
286804,2021-01-29,,87,Rome,Italy,"Paid Search",Tablet,Returning,3,1923.71,2021-05-04
286808,2024-11-05,Male,60,London,UK,"Social Media",Mobile,Loyal,23,8422.15,2025-07-22
286964,2023-05-23,Female,52,Madrid,Spain,Direct,Desktop,"At Risk",8,7963.07,2023-09-06
287738,2025-11-13,,37,London,UK,Direct,Mobile,"At Risk",21,8260.61,2026-03-30
287750,2023-10-13,Female,88,Istanbul,Türkiye,Referral,Mobile,Returning,6,5141.67,2023-10-24
288289,2024-05-19,Female,51,Berlin,Germany,Direct,Mobile,"At Risk",10,5051.4,2025-06-08
289565,2023-07-25,"Prefer not to say",49,Istanbul,Türkiye,"Social Media",Mobile,Loyal,5,9327.78,2024-01-07
290005,2023-01-02,Non-binary,62,Madrid,Spain,Referral,Desktop,VIP,19,5372.95,2023-10-19
290317,2024-10-09,Male,18,Madrid,Spain,Referral,Desktop,New,3,9579.42,2025-08-04
291548,2025-01-04,"Prefer not to say",58,Madrid,Spain,Referral,Desktop,"At Risk",12,3985.36,2026-03-29
291853,2021-11-20,Non-binary,58,Rome,Italy,Direct,Tablet,"At Risk",23,2402.31,2023-01-01
291872,2022-09-22,"Prefer not to say",27,Paris,France,Referral,Desktop,New,0,0,NULL
292122,2022-07-02,Male,59,Toronto,Canada,Direct,Mobile,New,4,2896,2022-07-31
293326,2021-01-13,Female,84,Istanbul,Türkiye,Direct,Desktop,VIP,5,8844.23,2021-04-22
293567,2023-03-20,Female,56,"New York",USA,"Social Media",Mobile,VIP,22,3820.42,2024-02-29
293577,2023-04-24,Male,81,Rome,Italy,Email,Tablet,New,7,9533.77,2023-10-18
293830,2024-02-16,,18,Madrid,Spain,"Paid Search",Mobile,VIP,13,3439.36,2025-05-20
294036,2023-12-02,Non-binary,85,Madrid,Spain,Email,Tablet,Loyal,25,5195.2,2024-08-30
294104,2022-12-21,"Prefer not to say",80,Rome,Italy,"Paid Search",Desktop,Loyal,11,8359.35,2023-01-08
294936,2023-04-03,Male,59,Toronto,Canada,"Social Media",Mobile,"At Risk",10,5898.46,2023-05-30
295719,2021-07-22,Male,45,"New York",USA,"Organic Search",Mobile,Returning,8,4248.18,2021-11-28
295833,2022-01-06,Female,40,London,UK,"Organic Search",Desktop,VIP,10,8178.84,2022-03-17
295887,2021-07-25,Female,37,Paris,France,Email,Mobile,VIP,16,6289.91,2022-10-30
296539,2023-10-14,"Prefer not to say",69,Istanbul,Türkiye,"Social Media",Mobile,Loyal,9,5109.53,2024-11-15
296635,2021-11-11,Non-binary,76,Rome,Italy,"Organic Search",Desktop,VIP,2,3701.88,2022-02-23
297050,2025-01-01,Female,86,Berlin,Germany,Email,Mobile,Returning,3,8405.71,2025-12-13
297173,2022-08-11,Non-binary,29,London,UK,"Paid Search",Mobile,VIP,10,8329.22,2023-04-29
297961,2021-04-30,"Prefer not to say",41,Istanbul,Türkiye,Email,Mobile,Returning,0,0,NULL
297997,2023-05-05,Female,51,Istanbul,Türkiye,Email,Mobile,Returning,11,5386.87,2024-04-24
298978,2024-04-22,,48,Madrid,Spain,Email,Mobile,Loyal,25,5069.79,2024-09-08
299060,2022-10-07,Non-binary,30,Berlin,Germany,Direct,Desktop,New,19,4028.45,2023-08-12
299071,2021-07-13,Female,28,"New York",USA,"Organic Search",Mobile,"At Risk",23,1316.86,2021-12-05
299125,2021-07-14,Female,31,Paris,France,Direct,Desktop,New,19,5144.26,2021-12-02
299230,2021-12-16,Male,85,Madrid,Spain,Direct,Tablet,New,4,5724.79,2022-06-23
299345,2023-12-16,,35,Istanbul,Türkiye,Direct,Mobile,New,22,497.29,2024-09-30
299480,2023-06-23,Male,75,Berlin,Germany,"Social Media",Desktop,VIP,19,293.94,2024-03-28
301249,2022-11-24,"Prefer not to say",82,Berlin,Germany,"Paid Search",Desktop,Loyal,24,5251.05,2023-11-20
303180,2025-01-18,Male,22,Berlin,Germany,Referral,Mobile,"At Risk",1,2081.75,2025-02-07
303548,2025-01-11,Male,65,Berlin,Germany,"Paid Search",Mobile,Loyal,14,3480.25,2026-01-29
304725,2023-03-18,"Prefer not to say",80,Berlin,Germany,Referral,Desktop,Loyal,23,2914.16,2024-03-20
304780,2025-06-09,Female,86,Madrid,Spain,"Paid Search",Mobile,VIP,20,1557.39,2025-07-28
304797,2022-11-07,Non-binary,63,London,UK,"Social Media",Desktop,Returning,20,1031.67,2023-09-24
305350,2022-07-28,Male,36,"New York",USA,Referral,Mobile,Returning,24,9428.35,2023-08-10
305399,2025-07-21,Female,50,London,UK,"Organic Search",Desktop,VIP,2,712.19,2025-10-06
305837,2024-02-29,,66,Berlin,Germany,Email,Tablet,"At Risk",5,7011.81,2024-10-22
306049,2024-02-03,Female,47,Madrid,Spain,Direct,Desktop,"At Risk",22,1543.59,2024-03-03
306647,2025-03-26,Non-binary,62,London,UK,"Organic Search",Mobile,VIP,10,2468.13,2025-06-17
306948,2021-05-05,Female,55,London,UK,"Paid Search",Mobile,New,12,4932.75,2021-11-17
307015,2024-02-05,"Prefer not to say",63,Paris,France,Direct,Desktop,"At Risk",2,4506.68,2025-06-13
308049,2025-02-07,Male,74,Berlin,Germany,Direct,Tablet,VIP,11,6323.67,2025-08-21
308540,2023-05-06,Male,63,Madrid,Spain,Direct,Desktop,Loyal,10,3806.31,2023-12-14
308655,2021-01-07,Male,84,Madrid,Spain,"Paid Search",Mobile,VIP,12,6381.94,2022-04-18
308893,2021-12-26,Non-binary,87,Madrid,Spain,"Organic Search",Desktop,"At Risk",2,6600.63,2022-04-11
309052,2022-07-20,Female,55,"New York",USA,Referral,Desktop,VIP,22,7264.72,2023-10-13
309090,2021-06-16,"Prefer not to say",35,"New York",USA,Referral,Tablet,"At Risk",15,1268.06,2022-02-02
309208,2024-02-14,Female,34,Istanbul,Türkiye,Direct,Mobile,Loyal,23,354.54,2025-05-19
309546,2021-12-25,Female,66,London,UK,Email,Mobile,New,16,4168.65,2023-01-28
309688,2024-07-29,Female,76,Madrid,Spain,"Paid Search",Desktop,"At Risk",8,1672.97,2025-09-10
309830,2023-07-14,Male,45,Paris,France,"Paid Search",Desktop,Loyal,13,2931.39,2023-10-07
309955,2023-06-24,"Prefer not to say",72,Rome,Italy,Email,Desktop,New,8,9098.27,2023-11-08
309979,2023-09-28,Female,62,"New York",USA,Referral,Desktop,"At Risk",2,3145.33,2025-02-04
310119,2022-09-07,"Prefer not to say",43,Madrid,Spain,Referral,Mobile,"At Risk",14,4998.13,2023-12-14
310142,2023-07-20,"Prefer not to say",29,Rome,Italy,"Paid Search",Mobile,"At Risk",19,9843.49,2024-10-17
310184,2021-03-18,Male,32,Rome,Italy,Direct,Desktop,New,23,364.09,2022-04-30
310469,2024-04-21,,82,"New York",USA,"Social Media",Mobile,"At Risk",19,9363.11,2025-06-16
310609,2021-08-11,,44,"New York",USA,"Social Media",Tablet,"At Risk",24,7178.58,2022-11-16
310973,2023-08-14,Non-binary,29,Rome,Italy,"Organic Search",Mobile,VIP,18,3806.71,2024-09-09
311145,2021-02-11,Female,76,Madrid,Spain,Referral,Desktop,New,21,69.05,2021-12-08
311334,2022-02-15,Non-binary,29,Berlin,Germany,Direct,Tablet,New,3,8825.01,2022-03-17
312198,2022-01-04,,68,Rome,Italy,Email,Mobile,Loyal,16,2683.24,2022-11-08
312244,2022-07-16,Non-binary,83,"New York",USA,Direct,Mobile,Returning,10,9382.63,2023-05-13
313224,2023-03-08,Male,64,Paris,France,"Organic Search",Desktop,Loyal,19,8364.12,2024-05-06
313746,2022-02-26,Female,36,Paris,France,Referral,Mobile,"At Risk",22,8590.8,2023-01-21
313813,2023-11-07,Non-binary,27,"New York",USA,"Social Media",Tablet,Returning,6,4018.2,2025-03-08
313819,2023-11-26,Male,51,Madrid,Spain,Email,Desktop,Returning,0,0,NULL
314270,2021-02-22,Female,81,Madrid,Spain,"Social Media",Mobile,VIP,25,4068.41,2022-03-24
314771,2021-04-23,,44,Berlin,Germany,Referral,Desktop,Returning,19,7901.84,2021-05-13
315389,2022-06-04,,66,Paris,France,"Organic Search",Mobile,Loyal,13,8625.52,2023-07-24
315413,2021-07-19,Non-binary,19,Istanbul,Türkiye,Email,Mobile,New,2,7322.31,2022-01-27
315466,2023-05-29,Female,39,London,UK,Email,Mobile,"At Risk",21,9075.84,2023-10-24
315756,2024-08-08,Female,27,Berlin,Germany,"Paid Search",Mobile,Loyal,5,1733.77,2024-10-03
316153,2024-12-17,Male,60,London,UK,Direct,Desktop,"At Risk",15,3167.86,2026-01-18
316205,2022-09-20,"Prefer not to say",86,Madrid,Spain,"Social Media",Tablet,New,22,2404.52,2023-10-29
316641,2021-11-09,Male,57,"New York",USA,Direct,Tablet,"At Risk",21,2717.39,2021-12-15
316783,2021-03-30,Male,45,Rome,Italy,Email,Mobile,New,7,9089.8,2021-04-07
317699,2025-08-10,Female,69,Toronto,Canada,Email,Mobile,Returning,24,7557.52,2026-03-23
317797,2023-03-08,Female,86,"New York",USA,"Paid Search",Mobile,Loyal,21,6796.53,2023-06-04
317932,2024-04-15,Female,81,Toronto,Canada,Direct,Mobile,Loyal,7,2104.8,2024-07-10
317969,2024-02-20,,82,Madrid,Spain,Referral,Mobile,New,20,9229.77,2025-03-29
318694,2025-11-10,Female,34,Paris,France,Referral,Desktop,New,8,3141.59,2026-03-14
318979,2025-07-22,Non-binary,32,Paris,France,"Paid Search",Desktop,VIP,9,574.43,2026-09-23
319036,2022-08-16,Male,79,Berlin,Germany,"Social Media",Tablet,Returning,21,2729.38,2023-08-21
319094,2025-07-14,Non-binary,42,Paris,France,"Social Media",Desktop,Returning,9,6267.69,2026-09-08
319247,2021-08-15,Male,60,Istanbul,Türkiye,"Social Media",Tablet,Returning,5,3317.38,2022-06-14
319307,2024-06-26,Female,66,"New York",USA,"Paid Search",Desktop,"At Risk",18,1428.53,2024-09-14
319376,2024-02-01,,29,Istanbul,Türkiye,"Social Media",Desktop,"At Risk",16,7160.79,2024-07-28
319610,2025-08-11,Female,68,London,UK,"Social Media",Mobile,Returning,18,3702.22,2026-02-18
320153,2024-05-24,,29,Toronto,Canada,Email,Mobile,VIP,2,9912.49,2024-11-02
320356,2025-02-15,Non-binary,46,Paris,France,Referral,Mobile,New,14,7043.92,2026-01-21
320810,2021-11-24,Male,82,Rome,Italy,"Organic Search",Mobile,VIP,25,4932.42,2023-03-10
320986,2025-02-11,Male,88,Istanbul,Türkiye,"Paid Search",Desktop,VIP,8,2624.16,2025-06-02
321626,2023-08-10,Female,31,Istanbul,Türkiye,Referral,Desktop,VIP,9,1565.66,2024-02-07
322200,2021-01-21,Male,26,Toronto,Canada,"Paid Search",Tablet,"At Risk",8,9603.88,2021-08-22
322313,2025-03-05,Male,30,Paris,France,Direct,Desktop,Loyal,15,246.07,2025-11-06
322436,2021-10-24,Female,78,Berlin,Germany,Direct,Mobile,"At Risk",18,5886.48,2023-01-21
322481,2022-11-04,Male,70,Madrid,Spain,Direct,Desktop,Loyal,23,5881.87,2023-07-13
323313,2025-04-10,Male,65,Rome,Italy,Email,Desktop,Returning,6,769.55,2025-09-07
323377,2022-02-14,Male,83,Rome,Italy,"Organic Search",Mobile,VIP,7,8604.64,2022-10-18
323536,2025-08-09,Non-binary,18,Paris,France,"Paid Search",Mobile,VIP,8,7979.12,2026-03-12
324235,2021-11-19,"Prefer not to say",63,Madrid,Spain,Direct,Mobile,New,19,4282.23,2023-03-24
324329,2022-05-29,Non-binary,73,Berlin,Germany,Direct,Mobile,New,14,5791.64,2023-02-21
324625,2022-02-16,Male,29,London,UK,Email,Tablet,New,21,1322.33,2023-01-02
324749,2022-04-19,Male,55,Paris,France,"Organic Search",Tablet,Returning,12,9228.29,2023-01-09
324815,2024-04-30,Female,71,Istanbul,Türkiye,Referral,Desktop,New,1,4875.83,2025-01-21
325050,2021-02-05,Female,29,Toronto,Canada,"Social Media",Mobile,"At Risk",20,496.82,2022-04-27
325468,2023-11-27,Female,59,Berlin,Germany,"Organic Search",Desktop,VIP,11,1962.02,2024-09-23
325646,2021-03-05,"Prefer not to say",61,"New York",USA,Email,Mobile,VIP,23,6557.95,2022-06-17
325930,2021-05-31,Female,29,Berlin,Germany,"Paid Search",Desktop,"At Risk",16,3489.9,2021-09-09
326773,2021-04-29,,52,Toronto,Canada,"Organic Search",Desktop,Loyal,23,5110.88,2022-06-11
327077,2022-10-14,Non-binary,60,Berlin,Germany,"Paid Search",Desktop,VIP,17,7256.51,2023-11-09
327120,2025-06-08,,40,Rome,Italy,Email,Mobile,VIP,17,8715.56,2026-06-18
327397,2024-12-17,Female,78,Madrid,Spain,Email,Mobile,Loyal,9,2414.49,2025-02-03
327940,2022-02-17,Non-binary,67,"New York",USA,Email,Desktop,VIP,12,680.41,2022-08-22
328160,2021-11-28,"Prefer not to say",20,"New York",USA,"Organic Search",Mobile,New,0,0,NULL
328189,2025-09-20,,65,Toronto,Canada,Email,Mobile,Returning,10,1932.39,2026-10-06
328847,2023-09-06,Female,71,Berlin,Germany,"Social Media",Mobile,"At Risk",9,2344.69,2024-09-26
328880,2021-05-23,Male,78,Paris,France,Email,Mobile,Returning,0,0,NULL
328977,2023-02-22,"Prefer not to say",42,Toronto,Canada,"Paid Search",Mobile,Loyal,10,5808.25,2024-06-01
329408,2025-10-03,Female,68,"New York",USA,"Social Media",Mobile,Loyal,23,3185.92,2026-09-13
330049,2021-09-16,Non-binary,42,"New York",USA,Referral,Tablet,VIP,14,1675.78,2022-02-22
330130,2021-10-27,Non-binary,46,Paris,France,Referral,Desktop,VIP,19,6180.38,2022-12-19
330444,2023-07-28,,18,Madrid,Spain,"Organic Search",Tablet,VIP,16,5821.57,2024-06-27
330515,2024-09-21,Male,70,"New York",USA,"Organic Search",Desktop,"At Risk",17,9619.28,2025-12-30
330618,2021-11-17,Female,63,Berlin,Germany,Email,Tablet,New,1,4314.31,2023-01-16
330849,2025-01-22,Male,53,Rome,Italy,"Organic Search",Tablet,Returning,11,3896.29,2026-04-18
330966,2025-02-04,Male,29,London,UK,"Social Media",Desktop,Loyal,11,4871.72,2025-09-29
331282,2021-11-13,Male,63,Istanbul,Türkiye,"Paid Search",Mobile,"At Risk",23,7999.58,2022-05-02
331315,2025-05-30,Female,46,Berlin,Germany,Referral,Desktop,VIP,15,2294.06,2026-02-27
331873,2024-08-25,Non-binary,61,Istanbul,Türkiye,Email,Mobile,New,6,6215.66,2024-12-03
332460,2022-02-08,Female,44,London,UK,"Organic Search",Tablet,"At Risk",6,737.33,2023-02-11
332852,2023-09-28,,54,London,UK,Referral,Tablet,Loyal,13,9530.33,2024-06-20
333117,2025-11-13,Male,74,Toronto,Canada,Referral,Mobile,VIP,12,3003.31,2026-09-25
334037,2021-11-13,Male,67,Toronto,Canada,Referral,Mobile,Returning,19,3525.06,2022-11-03
334581,2025-03-26,Male,27,"New York",USA,Referral,Mobile,"At Risk",14,4666.37,2025-07-12
335416,2022-02-16,Female,23,Berlin,Germany,"Organic Search",Mobile,VIP,7,4141,2023-03-17
335462,2021-11-13,Non-binary,33,Istanbul,Türkiye,"Social Media",Tablet,New,24,6953.77,2022-08-30
335817,2023-02-08,Female,38,Istanbul,Türkiye,Email,Tablet,New,7,2701.77,2023-08-14
335958,2024-02-03,"Prefer not to say",21,Berlin,Germany,"Organic Search",Desktop,New,14,8019.36,2024-02-23
335994,2022-02-20,Male,78,Madrid,Spain,"Social Media",Desktop,Returning,21,6538.35,2022-11-26
336033,2021-03-12,Non-binary,71,Madrid,Spain,"Paid Search",Desktop,New,17,403.44,2021-08-14
336321,2023-02-14,Non-binary,35,Toronto,Canada,"Paid Search",Mobile,Loyal,20,9991.39,2023-03-04
336695,2023-11-20,,49,"New York",USA,Referral,Tablet,Returning,3,459.84,2024-05-09
336889,2022-08-28,Female,54,London,UK,Direct,Mobile,VIP,21,8546.38,2024-01-04
337238,2021-07-14,Male,36,London,UK,Referral,Desktop,"At Risk",17,3042.78,2021-08-08
337961,2025-05-07,Male,70,Rome,Italy,Email,Mobile,Returning,25,2869.5,2026-02-16
338473,2023-08-13,,45,London,UK,Referral,Mobile,New,6,3547.89,2024-07-02
338676,2023-05-25,,28,Istanbul,Türkiye,"Paid Search",Mobile,Loyal,12,9194.67,2024-08-30
338870,2025-05-16,Male,58,Berlin,Germany,"Social Media",Desktop,New,9,2075.06,2026-04-21
338873,2022-10-20,,87,Rome,Italy,Referral,Mobile,VIP,21,2145.09,2023-11-26
339459,2023-11-19,Male,80,Istanbul,Türkiye,"Social Media",Tablet,New,8,5473.62,2024-12-30
339662,2022-09-18,Male,46,Istanbul,Türkiye,Email,Desktop,"At Risk",4,4122.62,2023-08-07
339874,2021-12-22,Male,52,Berlin,Germany,"Social Media",Mobile,New,17,2313.51,2023-02-26
340363,2023-06-18,Female,63,Paris,France,"Social Media",Desktop,Returning,18,3484.58,2024-01-11
340758,2023-06-11,"Prefer not to say",65,Paris,France,Referral,Desktop,Loyal,10,6703.16,2024-06-24
341266,2023-03-09,Non-binary,77,Toronto,Canada,"Organic Search",Tablet,Returning,13,767.92,2023-06-12
341756,2023-11-17,Non-binary,85,Madrid,Spain,Referral,Mobile,Returning,3,5192.97,2024-09-27
341873,2025-10-11,Female,68,Berlin,Germany,Referral,Desktop,VIP,6,7236.6,2026-04-10
342081,2023-06-14,Female,20,Rome,Italy,"Paid Search",Tablet,New,15,6386.04,2024-10-12
342156,2023-05-20,Male,70,Paris,France,"Organic Search",Mobile,"At Risk",16,3817.48,2023-07-22
342857,2021-11-10,Non-binary,39,"New York",USA,Email,Mobile,"At Risk",22,5239.25,2021-11-24
342973,2024-02-08,Male,76,Paris,France,"Organic Search",Tablet,New,25,6365.99,2025-03-26
343389,2025-04-04,Non-binary,63,Paris,France,"Paid Search",Desktop,Loyal,25,1238.35,2025-05-09
343420,2022-10-16,Female,36,"New York",USA,"Paid Search",Desktop,New,10,90.16,2023-02-09
343454,2021-08-10,Male,22,Istanbul,Türkiye,Direct,Mobile,Returning,11,1158.16,2022-10-01
343869,2022-10-20,Non-binary,47,Rome,Italy,"Paid Search",Mobile,Loyal,11,8910.13,2024-01-05
344023,2024-12-22,Male,51,Toronto,Canada,Referral,Desktop,New,7,523.09,2025-07-09
344149,2022-12-06,"Prefer not to say",47,London,UK,"Organic Search",Tablet,VIP,20,1795.16,2023-03-22
344406,2025-05-29,"Prefer not to say",34,Paris,France,Email,Tablet,"At Risk",23,492.07,2025-10-18
344441,2024-04-04,,31,Istanbul,Türkiye,"Organic Search",Desktop,Loyal,17,7147.42,2025-01-31
344546,2021-07-23,"Prefer not to say",52,London,UK,Direct,Mobile,New,6,3498.07,2022-03-05
344859,2023-06-07,"Prefer not to say",44,Rome,Italy,"Social Media",Desktop,VIP,20,6414.03,2024-09-21
344873,2022-02-11,Male,22,London,UK,"Paid Search",Mobile,"At Risk",15,6705.7,2022-09-30
346038,2022-01-01,Male,41,London,UK,Direct,Desktop,Loyal,21,1908.4,2022-07-15
346259,2025-10-27,Male,74,Istanbul,Türkiye,Email,Desktop,"At Risk",7,2839.71,2027-01-03
346614,2022-12-23,Non-binary,41,London,UK,Email,Tablet,VIP,11,9706.94,2024-03-25
346647,2023-12-06,Male,80,London,UK,"Social Media",Mobile,Loyal,16,8222.76,2024-08-01
347110,2023-11-19,"Prefer not to say",74,Madrid,Spain,"Social Media",Tablet,VIP,25,1328.29,2023-12-06
347187,2022-06-21,Female,75,Rome,Italy,"Social Media",Tablet,VIP,18,4838.25,2022-07-31
348757,2024-03-18,Female,67,Istanbul,Türkiye,"Organic Search",Mobile,New,0,0,NULL
349623,2024-04-01,Male,60,Berlin,Germany,Referral,Mobile,VIP,15,5859.82,2025-06-18
349953,2021-03-16,"Prefer not to say",24,Istanbul,Türkiye,"Social Media",Tablet,VIP,7,2133.71,2021-08-09
350181,2024-12-09,Non-binary,73,Istanbul,Türkiye,"Paid Search",Mobile,VIP,2,5683.88,2025-09-12
350767,2025-06-29,Female,70,London,UK,"Paid Search",Desktop,New,3,939.76,2026-04-12
350812,2023-07-28,Female,85,Madrid,Spain,"Organic Search",Desktop,Loyal,24,3019.05,2024-09-25
351273,2024-11-12,Female,77,Paris,France,Referral,Mobile,New,0,0,NULL
351460,2024-05-14,"Prefer not to say",78,Berlin,Germany,Direct,Tablet,New,6,4612.2,2024-09-21
351478,2023-01-05,Male,59,Berlin,Germany,"Paid Search",Mobile,New,19,231.07,2024-01-22
352175,2023-08-09,Female,79,Berlin,Germany,"Social Media",Mobile,VIP,21,7379.56,2024-03-30
352267,2025-05-23,Non-binary,84,Berlin,Germany,"Social Media",Desktop,Returning,14,3985.74,2026-04-01
352453,2023-09-19,Male,78,Rome,Italy,Direct,Desktop,New,17,649.84,2024-06-11
352696,2023-01-21,,30,Toronto,Canada,Direct,Desktop,New,2,2669.75,2023-08-07
352935,2021-03-23,Female,39,Toronto,Canada,"Paid Search",Desktop,VIP,23,6549.37,2022-04-18
353147,2025-01-17,Non-binary,40,Rome,Italy,Email,Desktop,Returning,18,8615.1,2026-03-09
353401,2021-05-19,Female,84,Rome,Italy,Email,Desktop,VIP,6,7538.59,2021-10-27
353819,2023-05-06,Male,66,London,UK,Direct,Tablet,VIP,2,2325.93,2024-05-19
354006,2021-10-19,Female,19,Toronto,Canada,Email,Tablet,Returning,18,2631.3,2022-02-15
354531,2022-05-21,,32,Paris,France,"Paid Search",Desktop,"At Risk",19,6866.7,2023-04-30
354825,2021-08-08,Male,60,"New York",USA,Referral,Mobile,"At Risk",12,8450.24,2022-07-17
354900,2021-04-09,Female,69,London,UK,Referral,Mobile,Returning,23,2076.36,2021-09-17
355309,2025-11-29,Female,65,"New York",USA,"Paid Search",Mobile,New,5,3900.75,2026-09-24
355323,2024-08-30,"Prefer not to say",56,Paris,France,"Paid Search",Mobile,"At Risk",9,4374.52,2025-05-08
355600,2022-07-07,"Prefer not to say",48,Toronto,Canada,"Organic Search",Desktop,Returning,6,326.52,2023-09-01
356091,2023-09-27,Female,61,London,UK,"Organic Search",Desktop,New,13,3135.94,2024-01-02
357003,2022-12-23,,71,"New York",USA,Referral,Mobile,Loyal,24,8123.12,2023-04-15
357081,2021-04-22,Female,26,Paris,France,Referral,Tablet,Returning,12,1576.21,2021-08-07
357082,2022-04-06,Male,62,Berlin,Germany,Email,Desktop,Loyal,14,9788.8,2023-07-03
357283,2025-04-09,Male,53,Madrid,Spain,Direct,Tablet,"At Risk",25,7039.46,2026-04-12
357310,2021-08-21,Female,62,Toronto,Canada,Referral,Mobile,New,21,6481.61,2022-04-07
357347,2021-02-19,Female,18,"New York",USA,Direct,Mobile,New,21,547.39,2022-03-06
357790,2024-04-06,Female,37,Berlin,Germany,Referral,Mobile,New,0,0,NULL
357844,2022-12-27,Female,70,Rome,Italy,Direct,Mobile,New,21,8116.34,2023-11-28
358316,2021-09-21,Male,69,London,UK,Direct,Tablet,New,19,9248.84,2022-10-20
358349,2021-12-16,Female,45,"New York",USA,Direct,Desktop,"At Risk",7,9373.34,2022-07-12
358629,2024-03-31,Male,73,Istanbul,Türkiye,Direct,Desktop,Returning,18,4568.88,2024-11-28
359309,2022-05-21,,23,"New York",USA,Direct,Desktop,Returning,20,2451.52,2023-08-01
359660,2022-08-15,Female,31,Madrid,Spain,"Social Media",Desktop,"At Risk",4,9823.66,2022-10-16
359958,2024-05-09,Male,24,London,UK,Referral,Tablet,VIP,2,3037.44,2024-11-24
360273,2025-03-23,"Prefer not to say",67,Istanbul,Türkiye,"Social Media",Mobile,VIP,14,2844.14,2026-04-15
360417,2023-02-27,Male,85,Madrid,Spain,"Paid Search",Mobile,New,2,4373.63,2023-09-07
360494,2023-08-14,Non-binary,67,Istanbul,Türkiye,"Paid Search",Mobile,New,2,4539.77,2024-02-01
360717,2023-05-14,Female,45,London,UK,Referral,Tablet,VIP,21,7503.14,2024-07-24
361045,2022-12-23,"Prefer not to say",38,London,UK,Email,Mobile,Loyal,25,787.95,2023-05-08
361592,2021-06-06,Female,78,Rome,Italy,Referral,Desktop,VIP,17,1195.45,2021-08-18
361681,2025-05-30,Female,34,"New York",USA,"Paid Search",Desktop,"At Risk",8,1849.67,2026-04-21
362152,2023-04-06,Male,32,Rome,Italy,"Social Media",Desktop,Returning,2,6795.52,2024-06-25
362209,2022-05-08,Male,59,"New York",USA,"Organic Search",Desktop,"At Risk",12,3062.04,2023-04-11
362275,2023-11-23,,47,Berlin,Germany,"Organic Search",Desktop,New,16,8112.22,2024-11-09
362374,2025-03-19,Female,73,Madrid,Spain,"Organic Search",Mobile,"At Risk",16,109.21,2026-06-15
362576,2021-12-17,Female,46,London,UK,"Organic Search",Tablet,New,23,1412.29,2023-02-22
362768,2022-04-24,"Prefer not to say",47,Berlin,Germany,"Social Media",Mobile,Loyal,1,9490.27,2022-07-20
363005,2024-09-30,Non-binary,84,Toronto,Canada,Referral,Mobile,Loyal,21,1494.74,2025-12-17
363069,2024-02-20,Non-binary,38,Rome,Italy,"Paid Search",Mobile,Loyal,7,4784.87,2024-03-07
363590,2022-03-04,Male,78,Paris,France,Email,Desktop,Returning,2,4604.4,2023-07-11
363801,2025-04-16,"Prefer not to say",28,Rome,Italy,Referral,Tablet,New,1,2715.25,2026-07-16
364155,2022-03-08,"Prefer not to say",31,"New York",USA,"Paid Search",Mobile,"At Risk",14,5299.6,2023-06-23
364372,2023-02-18,"Prefer not to say",30,Paris,France,"Social Media",Desktop,Loyal,23,6252.58,2023-12-19
364528,2024-10-17,Male,30,Madrid,Spain,"Paid Search",Mobile,Returning,23,6531.73,2026-02-05
364616,2025-06-13,Female,77,Toronto,Canada,Direct,Mobile,Loyal,2,9729.61,2025-11-01
364856,2022-07-31,Male,84,Toronto,Canada,"Paid Search",Mobile,"At Risk",7,4559.06,2022-12-16
365000,2023-04-08,Non-binary,21,Istanbul,Türkiye,"Paid Search",Desktop,VIP,7,624.02,2023-09-29
365021,2021-06-30,,23,"New York",USA,Email,Mobile,Loyal,22,6695.48,2022-07-25
365524,2024-07-25,Female,28,Madrid,Spain,"Organic Search",Desktop,VIP,12,3368.1,2025-01-08
365618,2025-11-10,"Prefer not to say",88,Istanbul,Türkiye,Email,Tablet,VIP,14,7927.62,2027-01-13
365719,2022-05-25,Female,87,Rome,Italy,"Social Media",Desktop,Returning,14,341.3,2023-07-03
365770,2021-07-03,,45,Rome,Italy,Email,Mobile,"At Risk",10,1909.21,2022-03-15
365804,2021-12-12,Male,34,Paris,France,Email,Mobile,Loyal,12,3595.84,2022-08-27
366515,2021-09-29,Male,78,London,UK,Referral,Mobile,VIP,11,8813.78,2022-10-11
366955,2024-06-27,Male,79,Rome,Italy,Direct,Tablet,"At Risk",11,52.98,2024-07-28
366971,2025-02-01,Female,72,London,UK,"Social Media",Tablet,Returning,10,2753.95,2025-04-07
367278,2023-12-30,Non-binary,65,Toronto,Canada,"Organic Search",Desktop,"At Risk",10,4157.31,2024-03-11
367397,2021-01-12,"Prefer not to say",55,Berlin,Germany,Direct,Desktop,"At Risk",17,38.07,2021-03-13
367459,2021-04-06,Female,63,Rome,Italy,"Social Media",Tablet,VIP,20,1221.74,2022-04-12
367579,2023-05-18,,37,"New York",USA,Referral,Desktop,Loyal,12,5041.04,2023-09-14
367613,2023-12-16,Female,70,"New York",USA,"Paid Search",Mobile,Returning,16,5336.29,2024-09-10
367692,2023-02-18,Male,67,Paris,France,Email,Desktop,New,5,7546.32,2024-06-01
367695,2023-04-20,Female,87,London,UK,Direct,Tablet,Loyal,23,1921.2,2024-04-23
367790,2021-01-16,Male,47,Istanbul,Türkiye,"Social Media",Desktop,New,6,8497.02,2021-12-27
368230,2022-07-01,Female,34,"New York",USA,"Social Media",Tablet,Returning,25,7934.26,2022-11-15
368766,2025-09-06,Male,36,Paris,France,Email,Desktop,New,15,2275.27,2027-01-05
368927,2025-11-25,Male,65,London,UK,"Paid Search",Desktop,New,2,2365.55,2026-03-29
369023,2025-03-06,Female,85,Berlin,Germany,Direct,Desktop,Returning,16,2318.32,2025-04-20
370123,2021-07-29,Male,51,Madrid,Spain,Direct,Tablet,"At Risk",25,4039.67,2022-05-23
370401,2025-05-21,Male,61,Paris,France,Email,Tablet,"At Risk",15,868.46,2026-07-21
370449,2022-09-13,Non-binary,85,Berlin,Germany,Referral,Mobile,New,8,2071.6,2022-10-16
370500,2025-07-03,Male,26,Berlin,Germany,"Organic Search",Desktop,New,22,7580.49,2026-01-27
370973,2023-08-23,Non-binary,21,Madrid,Spain,"Social Media",Desktop,"At Risk",0,0,NULL
371023,2022-10-16,Female,65,Berlin,Germany,"Organic Search",Mobile,Returning,6,3462.48,2022-11-08
371337,2021-01-03,Male,20,Berlin,Germany,Direct,Desktop,New,15,7559.89,2021-12-25
371671,2021-08-31,Male,79,London,UK,Direct,Desktop,New,3,4650.77,2022-06-14
371699,2021-11-08,Male,38,Paris,France,"Social Media",Desktop,New,12,6300.55,2022-03-19
371738,2023-03-28,,23,Paris,France,Direct,Desktop,"At Risk",5,6904.61,2023-09-27
371949,2025-06-01,Non-binary,70,Berlin,Germany,Referral,Desktop,"At Risk",11,4049.78,2025-08-28
372055,2021-08-03,Non-binary,73,"New York",USA,"Social Media",Tablet,Returning,25,2879.04,2022-11-16
372128,2022-01-21,"Prefer not to say",69,Toronto,Canada,"Social Media",Desktop,Loyal,20,764.38,2022-01-22
372392,2021-12-16,Male,72,"New York",USA,"Social Media",Desktop,VIP,2,9234.46,2022-09-05
372464,2023-02-09,Male,35,Rome,Italy,Referral,Desktop,New,17,3020.52,2023-05-24
372874,2022-02-28,Male,84,"New York",USA,Referral,Desktop,"At Risk",17,6641.05,2022-10-18
372944,2022-01-29,Non-binary,68,Madrid,Spain,Email,Mobile,Returning,14,8224.9,2023-03-29
373045,2023-09-19,Non-binary,77,Toronto,Canada,"Organic Search",Tablet,Returning,22,8135.91,2023-10-13
373685,2021-08-09,"Prefer not to say",80,Rome,Italy,"Social Media",Mobile,Returning,7,6555.34,2022-11-14
374409,2024-12-26,,55,London,UK,Direct,Mobile,"At Risk",1,3124.47,2026-02-13
374459,2024-06-24,Female,49,Istanbul,Türkiye,"Social Media",Desktop,Loyal,25,7555.84,2024-09-06
374710,2024-04-03,"Prefer not to say",50,Istanbul,Türkiye,Email,Mobile,"At Risk",18,6031.12,2024-12-01
375574,2025-05-13,Female,85,Madrid,Spain,"Organic Search",Mobile,"At Risk",6,663.56,2026-05-26
377435,2025-03-12,Female,49,Rome,Italy,"Social Media",Mobile,VIP,5,5838.24,2025-08-24
377534,2023-06-18,Female,84,Madrid,Spain,"Social Media",Desktop,"At Risk",1,5697.36,2023-08-25
378223,2023-09-12,Male,30,Toronto,Canada,"Paid Search",Desktop,"At Risk",20,4530.75,2024-06-25
378409,2022-01-23,"Prefer not to say",52,Paris,France,Email,Desktop,New,2,5246.49,2022-06-14
378637,2021-05-09,Female,76,"New York",USA,Direct,Mobile,Loyal,23,9888.78,2022-01-28
379196,2024-06-06,Female,34,"New York",USA,"Social Media",Mobile,Returning,18,6680.69,2024-10-30
379267,2023-02-18,Female,83,Berlin,Germany,Email,Desktop,Loyal,11,8356.33,2024-02-18
379400,2025-04-09,Non-binary,43,"New York",USA,Email,Desktop,Returning,13,3688.88,2026-07-10
379482,2021-07-05,Male,74,Berlin,Germany,Referral,Mobile,New,25,8832.67,2021-10-11
379547,2024-11-15,,83,Paris,France,"Organic Search",Mobile,"At Risk",16,1905.42,2024-11-24
379680,2025-11-27,Male,37,Istanbul,Türkiye,Email,Tablet,New,19,8059.16,2026-11-15
380029,2023-02-10,"Prefer not to say",64,London,UK,"Paid Search",Mobile,VIP,17,6725.63,2023-10-02
380069,2025-05-05,Male,22,Paris,France,Direct,Desktop,New,4,5076.27,2026-03-30
380279,2022-10-19,Non-binary,68,Berlin,Germany,Direct,Tablet,VIP,11,2874.46,2023-11-25
380521,2021-08-17,,21,Berlin,Germany,"Social Media",Desktop,Returning,8,6250.92,2022-12-07
380529,2022-04-25,Male,58,Berlin,Germany,"Organic Search",Desktop,Returning,1,6233.27,2022-06-03
380662,2022-09-13,"Prefer not to say",60,Paris,France,"Organic Search",Mobile,New,23,8673.74,2023-04-09
380931,2025-10-22,"Prefer not to say",66,Rome,Italy,"Social Media",Mobile,"At Risk",7,7080,2026-08-20
380990,2022-10-25,"Prefer not to say",35,Berlin,Germany,Referral,Mobile,Loyal,7,1878.07,2024-02-05
381028,2022-04-10,Non-binary,71,Paris,France,Referral,Tablet,New,12,3460.34,2022-05-23
381085,2022-01-20,"Prefer not to say",59,Rome,Italy,Email,Mobile,"At Risk",24,375.26,2022-05-25
381298,2025-07-31,,67,Rome,Italy,Email,Desktop,New,16,7748.6,2026-04-17
381691,2022-03-23,Male,60,Rome,Italy,"Organic Search",Desktop,Returning,6,3299.01,2022-06-13
381936,2023-01-12,,67,Madrid,Spain,Direct,Desktop,Loyal,11,2291.67,2023-03-25
382139,2023-07-11,Non-binary,50,"New York",USA,"Paid Search",Tablet,VIP,7,3482.53,2024-06-12
382144,2024-04-18,Male,42,"New York",USA,"Organic Search",Desktop,Loyal,6,4538.23,2025-03-23
382162,2021-08-31,Non-binary,49,Istanbul,Türkiye,"Paid Search",Mobile,New,1,269.82,2022-01-25
382359,2022-08-28,Male,58,Paris,France,"Paid Search",Desktop,Loyal,11,2579.11,2023-08-30
382420,2021-11-17,Non-binary,43,Toronto,Canada,Direct,Tablet,"At Risk",7,3736,2022-01-27
382859,2025-02-18,Male,77,Istanbul,Türkiye,"Organic Search",Desktop,New,23,6266.02,2025-12-05
382864,2025-01-14,Male,22,Paris,France,"Paid Search",Desktop,VIP,13,8514.99,2025-04-18
383104,2025-09-07,Male,61,London,UK,Email,Mobile,Returning,4,8765.22,2025-11-13
383285,2021-09-04,Male,30,Madrid,Spain,Email,Desktop,Loyal,8,456.66,2022-06-14
383386,2025-01-13,Female,70,Paris,France,"Paid Search",Mobile,VIP,5,4050.63,2025-10-22
383469,2024-10-27,Non-binary,81,Berlin,Germany,Email,Desktop,"At Risk",2,6270.13,2025-02-02
383975,2021-03-24,"Prefer not to say",73,Rome,Italy,"Social Media",Mobile,VIP,15,8111.64,2021-05-05
384062,2025-05-31,,83,Paris,France,Direct,Mobile,Loyal,4,3361.17,2026-02-17
384095,2023-07-30,Non-binary,20,Madrid,Spain,"Paid Search",Desktop,VIP,17,3736.4,2023-12-04
384247,2025-05-15,Male,73,Rome,Italy,"Paid Search",Tablet,"At Risk",14,7646.12,2026-01-29
385168,2023-08-13,Female,71,Istanbul,Türkiye,Email,Desktop,VIP,11,8536.64,2023-09-08
385191,2024-05-11,"Prefer not to say",27,Berlin,Germany,"Organic Search",Desktop,Loyal,21,9559.96,2025-07-12
385914,2022-04-30,"Prefer not to say",40,Rome,Italy,"Social Media",Mobile,Loyal,11,8360.81,2023-08-22
386171,2022-08-27,Male,19,Istanbul,Türkiye,"Organic Search",Desktop,New,20,114.02,2023-08-06
386497,2024-07-20,Female,65,"New York",USA,Direct,Desktop,VIP,1,7585.9,2025-04-14
386880,2022-05-02,"Prefer not to say",19,Paris,France,Referral,Desktop,Returning,10,1885.85,2023-06-24
386925,2023-10-24,Non-binary,35,"New York",USA,Direct,Tablet,VIP,4,944.37,2024-09-17
386969,2022-05-31,Female,37,London,UK,Referral,Desktop,Returning,12,9191.37,2023-06-26
386984,2022-09-04,Female,56,Toronto,Canada,Email,Mobile,New,0,0,NULL
387827,2024-05-10,Non-binary,43,Paris,France,Email,Desktop,"At Risk",16,5271.29,2025-06-16
387901,2021-10-29,Non-binary,50,"New York",USA,"Organic Search",Desktop,"At Risk",16,2146.06,2022-01-19
387912,2023-02-06,Non-binary,23,Toronto,Canada,Email,Mobile,Returning,5,6843.62,2024-03-12
388594,2024-03-28,Female,45,Rome,Italy,Email,Mobile,New,9,1280.51,2025-05-19
389192,2023-09-23,Female,31,Istanbul,Türkiye,"Organic Search",Desktop,Returning,9,1374.65,2024-12-12
389472,2025-06-17,Male,82,Istanbul,Türkiye,Referral,Desktop,New,0,0,NULL
389535,2022-08-14,Female,18,Paris,France,"Paid Search",Tablet,VIP,9,7322.2,2022-08-15
390365,2024-05-20,Female,81,Madrid,Spain,"Organic Search",Desktop,New,3,3482.06,2025-05-22
390591,2022-01-19,Male,79,"New York",USA,"Social Media",Tablet,Returning,11,3107.84,2023-01-06
390647,2022-09-25,Non-binary,29,Istanbul,Türkiye,"Social Media",Mobile,"At Risk",23,5817.98,2022-11-13
391106,2021-01-20,"Prefer not to say",82,Istanbul,Türkiye,"Organic Search",Desktop,VIP,16,3860.1,2022-04-20
391160,2023-04-23,,88,Madrid,Spain,Email,Mobile,"At Risk",21,7056.33,2023-11-21
391269,2023-04-23,Female,56,Berlin,Germany,"Paid Search",Mobile,New,17,1530.87,2023-08-11
391580,2024-02-24,Non-binary,78,London,UK,Referral,Mobile,New,10,373.61,2025-04-05
391955,2022-08-20,"Prefer not to say",71,London,UK,"Social Media",Mobile,New,3,9838.03,2023-06-22
392294,2023-11-14,Non-binary,69,"New York",USA,"Social Media",Mobile,Loyal,2,501.58,2024-10-09
392692,2022-11-26,,34,"New York",USA,"Organic Search",Desktop,Returning,5,80.35,2023-04-30
392836,2022-04-10,Female,51,Rome,Italy,"Paid Search",Desktop,"At Risk",5,4876.81,2022-11-25
393064,2023-04-15,,81,Paris,France,Referral,Mobile,New,5,7639.6,2023-06-19
393194,2023-05-30,Male,34,Paris,France,Direct,Mobile,VIP,14,2852.6,2023-09-15
393382,2022-10-01,Male,63,Istanbul,Türkiye,Email,Desktop,Loyal,19,2694.62,2023-10-02
393782,2023-12-23,Female,73,Toronto,Canada,Direct,Tablet,"At Risk",14,3015.94,2025-02-27
394426,2024-02-18,Non-binary,33,Madrid,Spain,Direct,Desktop,New,9,568.28,2025-01-08
394856,2022-04-16,,24,Toronto,Canada,"Organic Search",Mobile,"At Risk",14,45.04,2023-04-06
395018,2022-06-16,"Prefer not to say",32,Toronto,Canada,"Organic Search",Mobile,New,18,813.57,2022-08-05
395231,2024-11-25,Male,49,Toronto,Canada,Referral,Desktop,New,6,7284.04,2025-01-18
396148,2023-08-05,Female,42,Toronto,Canada,"Organic Search",Mobile,Returning,25,6289.43,2024-09-18
396229,2021-07-30,,57,"New York",USA,"Organic Search",Mobile,New,0,0,NULL
397419,2021-03-12,Female,68,Toronto,Canada,"Paid Search",Mobile,Returning,4,5786.76,2021-04-20
397535,2024-11-09,Non-binary,21,Toronto,Canada,"Social Media",Desktop,Returning,5,7036.55,2025-08-20
397644,2021-11-27,"Prefer not to say",78,Toronto,Canada,Email,Tablet,Returning,13,1855.26,2022-05-17
397845,2023-07-28,,23,Rome,Italy,"Paid Search",Desktop,New,12,2749.43,2024-09-17
397962,2024-10-09,"Prefer not to say",28,Madrid,Spain,Direct,Mobile,New,2,8281.16,2024-10-29
398615,2022-08-03,,38,Toronto,Canada,Email,Desktop,Loyal,1,2910.32,2022-09-19
399393,2024-09-29,Male,24,Rome,Italy,"Organic Search",Desktop,VIP,23,9135.02,2025-02-08
399547,2022-09-20,Female,33,Istanbul,Türkiye,Direct,Desktop,VIP,22,5228.68,2023-11-01
400009,2023-05-15,Male,39,Rome,Italy,"Organic Search",Desktop,"At Risk",7,8866.29,2023-08-12
400137,2025-05-16,Female,51,Rome,Italy,"Paid Search",Tablet,"At Risk",22,7232.45,2025-05-16
401093,2023-07-18,Female,55,Istanbul,Türkiye,Direct,Mobile,"At Risk",18,7465.7,2024-06-04
401167,2021-05-11,Female,56,Berlin,Germany,"Social Media",Tablet,New,20,7789.14,2021-06-08
401231,2021-02-17,,42,Istanbul,Türkiye,"Paid Search",Mobile,VIP,9,8244.28,2021-08-19
402517,2024-01-09,Non-binary,32,London,UK,"Paid Search",Mobile,New,17,3535.66,2024-07-04
402611,2025-04-20,Female,82,Rome,Italy,Email,Desktop,"At Risk",11,7271.39,2026-06-21
402791,2024-04-10,Female,65,Paris,France,Direct,Mobile,Returning,8,374.77,2025-04-05
403858,2023-05-29,Non-binary,68,London,UK,Direct,Desktop,Loyal,14,2204.52,2024-03-10
404385,2024-04-02,Male,32,Madrid,Spain,"Paid Search",Desktop,Loyal,18,9085.27,2024-09-07
404397,2025-02-25,Female,70,Paris,France,"Paid Search",Mobile,"At Risk",16,1777.73,2025-12-11
404948,2024-04-30,Non-binary,47,Rome,Italy,Referral,Tablet,VIP,16,7650.39,2025-08-20
405016,2025-01-28,Male,22,London,UK,Direct,Mobile,"At Risk",15,7903.46,2026-06-06
405361,2022-02-26,"Prefer not to say",59,Rome,Italy,"Organic Search",Mobile,New,5,4944.63,2023-01-02
405477,2024-11-13,Male,30,Madrid,Spain,Direct,Desktop,VIP,11,9291.61,2025-04-15
405941,2022-02-15,Male,37,Paris,France,"Paid Search",Desktop,Loyal,14,5762.68,2022-08-24
406244,2021-04-18,,59,Istanbul,Türkiye,Direct,Mobile,VIP,22,7895.81,2021-05-13
406486,2025-09-14,,26,"New York",USA,"Paid Search",Tablet,Returning,16,3986.71,2026-07-02
406544,2024-07-30,Male,85,Istanbul,Türkiye,Direct,Desktop,New,25,5229.21,2025-11-10
407746,2023-01-04,Female,26,Madrid,Spain,Direct,Mobile,"At Risk",9,6854.33,2024-01-15
408020,2024-09-27,,58,Paris,France,"Organic Search",Mobile,Returning,5,2924.5,2025-01-05
408209,2022-12-11,Female,74,Madrid,Spain,"Organic Search",Desktop,Loyal,10,8717.66,2023-09-03
408306,2023-02-01,"Prefer not to say",31,Paris,France,"Organic Search",Mobile,Loyal,23,1947.38,2023-12-14
408541,2022-03-09,,81,Toronto,Canada,"Organic Search",Tablet,Returning,15,878.12,2022-05-15
408584,2024-07-14,Male,21,Berlin,Germany,Direct,Mobile,VIP,4,7978.63,2025-07-04
408798,2024-06-27,Female,55,"New York",USA,Referral,Desktop,Loyal,12,8440.98,2025-02-12
409636,2024-10-15,Male,74,Istanbul,Türkiye,"Organic Search",Mobile,Returning,8,8989.69,2026-02-07
409710,2024-05-29,Female,38,London,UK,Referral,Desktop,Returning,25,8727.85,2025-03-09
409828,2021-08-28,Male,29,Istanbul,Türkiye,"Paid Search",Tablet,New,7,9612.93,2021-10-10
409906,2023-07-14,"Prefer not to say",25,Istanbul,Türkiye,Email,Mobile,VIP,6,6555.39,2024-05-26
409909,2025-10-25,Male,51,Madrid,Spain,"Social Media",Mobile,VIP,2,1490.38,2026-04-05
410103,2022-06-14,Male,34,Paris,France,Direct,Mobile,Loyal,24,830.89,2022-12-26
410426,2021-07-24,Male,20,London,UK,Email,Desktop,Loyal,12,3151.36,2022-09-21
410454,2023-03-20,Female,60,Berlin,Germany,Direct,Desktop,"At Risk",1,9259.85,2024-06-16
410787,2025-09-18,"Prefer not to say",52,Berlin,Germany,"Social Media",Desktop,New,19,2663.23,2026-07-03
410811,2024-03-08,,53,Berlin,Germany,"Social Media",Mobile,Returning,14,3446.04,2025-06-11
411297,2025-11-09,Female,73,"New York",USA,"Social Media",Tablet,Loyal,11,6667.53,2027-02-14
411388,2021-09-03,Male,24,Istanbul,Türkiye,"Social Media",Desktop,New,11,2214.57,2021-11-10
412309,2023-10-14,,25,Paris,France,"Organic Search",Desktop,Returning,20,6676.04,2024-04-25
412349,2022-10-18,,55,Paris,France,Email,Tablet,Loyal,10,8242.84,2023-05-13
412812,2023-08-16,"Prefer not to say",80,London,UK,"Paid Search",Mobile,New,21,7526.84,2024-07-10
413111,2023-01-25,Male,70,Berlin,Germany,Referral,Mobile,VIP,20,8987.22,2023-07-10
413228,2022-06-02,Female,48,Istanbul,Türkiye,"Social Media",Mobile,VIP,18,5563.55,2023-10-11
413447,2023-12-22,"Prefer not to say",56,"New York",USA,"Social Media",Desktop,Returning,13,3195.19,2024-03-20
413456,2022-08-07,,38,Madrid,Spain,Email,Desktop,Loyal,20,5489.3,2023-06-16
413791,2023-03-04,Female,78,Rome,Italy,Direct,Desktop,New,22,3059.83,2023-08-18
413895,2025-07-25,Female,35,Rome,Italy,"Organic Search",Desktop,Loyal,10,8735.81,2026-12-03
414117,2021-10-09,Female,54,London,UK,Referral,Mobile,Loyal,11,8514.11,2022-04-29
414430,2023-07-04,,52,Paris,France,"Organic Search",Desktop,Loyal,14,9107.13,2024-03-28
414558,2024-02-25,,59,Madrid,Spain,Email,Tablet,VIP,2,3987.7,2025-02-13
415093,2022-11-28,Female,87,"New York",USA,"Social Media",Tablet,Returning,1,4594.43,2023-01-13
415721,2025-10-28,"Prefer not to say",80,Istanbul,Türkiye,"Social Media",Mobile,Returning,4,3270.86,2026-09-15
415934,2024-08-03,Female,69,Istanbul,Türkiye,Email,Tablet,New,0,0,NULL
415960,2025-04-20,Male,41,"New York",USA,"Social Media",Desktop,New,8,4730.31,2025-08-01
416168,2025-11-14,Non-binary,52,Toronto,Canada,Direct,Mobile,Loyal,2,8152.45,2026-04-15
416501,2022-10-15,Female,20,Istanbul,Türkiye,Direct,Tablet,Loyal,25,3903.95,2023-04-12
416575,2022-05-08,Male,73,London,UK,"Social Media",Desktop,Loyal,22,2547.14,2022-12-16
417210,2023-01-25,Male,38,London,UK,"Paid Search",Mobile,New,16,9885.26,2023-05-03
417355,2023-06-10,Male,63,Paris,France,Email,Desktop,New,23,3922.71,2024-06-13
417374,2021-06-10,Non-binary,59,Toronto,Canada,Email,Desktop,Returning,8,3747.91,2022-05-23
417518,2024-07-14,"Prefer not to say",49,Paris,France,Referral,Desktop,"At Risk",18,4070.64,2025-05-14
418104,2025-04-19,"Prefer not to say",80,Paris,France,Email,Mobile,Loyal,19,858.74,2026-01-30
418139,2021-11-11,Non-binary,55,Madrid,Spain,"Organic Search",Desktop,VIP,21,7473.83,2021-12-07
418419,2025-05-24,,38,Paris,France,Direct,Desktop,Returning,0,0,NULL
418499,2025-01-02,,49,London,UK,"Organic Search",Desktop,Returning,21,1331.19,2026-04-05
418961,2024-01-27,Female,24,Rome,Italy,"Paid Search",Mobile,Returning,2,2109.42,2025-04-19
419189,2025-10-25,Female,82,Toronto,Canada,Referral,Tablet,Returning,25,3689.96,2026-11-26
419402,2024-04-25,"Prefer not to say",47,Berlin,Germany,"Organic Search",Desktop,VIP,15,3687.83,2025-06-12
419605,2022-01-25,Non-binary,69,Istanbul,Türkiye,"Paid Search",Desktop,Returning,25,974.46,2023-03-17
420135,2023-09-18,Female,71,Paris,France,"Social Media",Desktop,VIP,25,5609.24,2024-05-22
420168,2021-05-30,"Prefer not to say",31,London,UK,"Social Media",Tablet,New,9,1351.1,2022-03-22
420335,2021-07-22,Female,50,Istanbul,Türkiye,Email,Mobile,"At Risk",11,5455.87,2022-07-20
420468,2024-02-03,"Prefer not to say",49,Toronto,Canada,"Organic Search",Desktop,New,0,0,NULL
420651,2024-01-13,Female,21,Toronto,Canada,Direct,Desktop,"At Risk",11,7891.08,2024-10-18
421269,2023-09-10,Male,51,Toronto,Canada,Email,Mobile,Loyal,8,4883.59,2024-03-11
421325,2022-03-26,Non-binary,35,Berlin,Germany,"Social Media",Mobile,Returning,6,5320.31,2023-01-24
421686,2024-04-07,Non-binary,47,Paris,France,Referral,Mobile,Returning,11,9299.8,2025-07-02
422187,2022-01-08,Male,25,Berlin,Germany,"Social Media",Mobile,New,20,7286.83,2022-05-22
422249,2025-05-25,Female,34,London,UK,Referral,Mobile,Loyal,14,9634.95,2026-02-24
422319,2023-06-26,Male,24,Rome,Italy,"Paid Search",Desktop,VIP,3,7326.57,2023-12-30
422709,2021-09-01,Non-binary,35,Istanbul,Türkiye,"Organic Search",Mobile,VIP,10,7962.84,2022-02-12
422817,2025-06-11,Female,40,Rome,Italy,Email,Desktop,New,0,0,NULL
423095,2023-05-22,Female,21,Paris,France,Direct,Desktop,Returning,15,8844.76,2023-08-07
423516,2023-03-08,Male,47,Toronto,Canada,Email,Mobile,Loyal,18,2680.02,2023-08-03
423824,2021-08-26,Male,48,Paris,France,Direct,Mobile,Returning,25,650.98,2022-06-23
424808,2021-09-22,Female,65,Madrid,Spain,"Organic Search",Mobile,VIP,9,2810.99,2023-01-01
425313,2022-08-05,Non-binary,68,Paris,France,"Social Media",Desktop,"At Risk",25,896.97,2023-08-17
425439,2024-08-11,Non-binary,80,Madrid,Spain,Email,Mobile,Returning,0,0,NULL
425819,2023-01-02,Female,74,Madrid,Spain,Email,Mobile,"At Risk",6,1342.29,2023-06-01
426249,2022-06-10,Female,66,"New York",USA,"Social Media",Desktop,VIP,1,5281.75,2023-01-28
426370,2023-01-28,Female,58,Toronto,Canada,Email,Tablet,"At Risk",2,663.92,2024-02-13
426948,2022-01-13,Non-binary,50,Madrid,Spain,"Paid Search",Desktop,"At Risk",4,8115.54,2022-09-19
427160,2025-08-15,"Prefer not to say",21,"New York",USA,"Paid Search",Desktop,New,2,1669.09,2025-12-20
427163,2025-01-25,Non-binary,86,Rome,Italy,"Paid Search",Desktop,"At Risk",1,9784.19,2025-04-30
427876,2023-04-16,Female,21,Paris,France,"Organic Search",Desktop,"At Risk",14,4355.04,2023-11-16
428188,2022-01-25,Non-binary,53,Rome,Italy,"Organic Search",Mobile,Returning,5,3950.31,2022-04-18
428421,2024-12-10,Female,48,Toronto,Canada,"Organic Search",Desktop,Returning,20,5968.28,2026-04-02
428498,2023-05-18,Non-binary,52,Berlin,Germany,Referral,Desktop,VIP,12,5401.33,2023-07-13
428886,2022-04-19,,32,Toronto,Canada,Referral,Tablet,"At Risk",16,8145.12,2022-12-31
428936,2021-08-27,"Prefer not to say",58,Berlin,Germany,"Paid Search",Mobile,"At Risk",7,7182.84,2022-07-29
429105,2022-07-07,Female,71,London,UK,Referral,Mobile,Loyal,1,6617.01,2022-08-18
429734,2022-04-30,Male,23,Rome,Italy,"Social Media",Desktop,Returning,13,3191.03,2022-06-21
430685,2022-05-09,Male,23,"New York",USA,"Paid Search",Tablet,Loyal,11,5916.58,2022-08-16
430782,2023-05-16,Non-binary,73,Toronto,Canada,Email,Mobile,"At Risk",14,3869.89,2024-09-09
430801,2022-02-17,"Prefer not to say",87,London,UK,"Paid Search",Desktop,Loyal,1,8296.17,2022-05-12
430880,2024-01-24,Male,52,Paris,France,"Organic Search",Mobile,Loyal,24,5211.32,2025-04-25
430935,2021-02-22,Non-binary,53,Madrid,Spain,"Paid Search",Tablet,"At Risk",15,7692.33,2021-12-24
431422,2021-01-02,Male,70,London,UK,"Organic Search",Mobile,"At Risk",16,299.94,2021-09-13
431904,2021-07-25,Male,79,"New York",USA,Direct,Tablet,VIP,14,4742.79,2022-04-15
432120,2024-07-02,,64,Madrid,Spain,Email,Mobile,Loyal,17,4114.12,2025-08-20
432419,2023-08-27,Non-binary,44,Toronto,Canada,"Social Media",Desktop,New,14,9629.34,2024-01-01
432514,2025-07-25,Male,31,"New York",USA,Email,Mobile,Returning,6,1103.09,2026-01-13
432609,2021-06-15,Male,23,London,UK,"Social Media",Mobile,New,25,6630.66,2022-01-08
432651,2021-12-10,Female,87,Rome,Italy,"Paid Search",Desktop,VIP,22,6715.09,2022-07-08
432724,2023-12-30,Male,83,"New York",USA,Email,Mobile,"At Risk",21,3452.14,2024-06-11
432765,2025-11-25,Male,73,Paris,France,"Social Media",Desktop,Returning,4,6653.83,2026-10-20
432835,2022-11-13,Female,44,Toronto,Canada,Email,Mobile,Loyal,16,3960.18,2023-04-02
432849,2021-10-09,Female,46,Paris,France,Referral,Desktop,New,22,1047.46,2022-08-17
433010,2025-11-08,Female,68,London,UK,"Organic Search",Desktop,"At Risk",12,5444.88,2026-12-16
433782,2023-09-20,Non-binary,65,Madrid,Spain,Direct,Mobile,Returning,5,3821.41,2024-05-08
434285,2025-04-28,,68,Berlin,Germany,Direct,Mobile,Loyal,20,463.52,2026-07-29
435098,2021-10-07,Non-binary,26,"New York",USA,Direct,Tablet,Loyal,8,8757.27,2022-04-30
435317,2025-02-05,Male,29,Toronto,Canada,"Social Media",Mobile,VIP,3,7725.08,2026-03-20
435807,2021-12-23,Non-binary,32,Paris,France,Email,Tablet,Returning,4,8414.81,2023-03-05
436305,2021-10-14,Female,82,Madrid,Spain,Direct,Mobile,Returning,24,543.32,2022-10-03
436850,2024-09-03,"Prefer not to say",70,London,UK,"Social Media",Mobile,VIP,8,3266.58,2025-06-02
436981,2023-05-17,"Prefer not to say",26,"New York",USA,"Social Media",Desktop,New,22,7372.3,2023-11-27
437460,2024-07-13,Male,81,Rome,Italy,"Paid Search",Mobile,New,5,9267.89,2025-06-30
437643,2025-02-01,Female,67,"New York",USA,"Social Media",Desktop,New,16,7125.83,2026-04-03
439411,2024-12-15,Female,36,"New York",USA,"Paid Search",Mobile,VIP,23,4853,2025-03-27
439969,2025-01-17,Female,55,Paris,France,Referral,Mobile,Returning,19,6065.24,2026-01-13
440239,2024-08-10,Male,29,Paris,France,Direct,Desktop,New,7,6609.69,2024-10-30
440681,2024-05-29,Male,30,Madrid,Spain,"Social Media",Mobile,Loyal,3,6526.78,2025-03-23
440818,2022-01-07,Non-binary,80,Rome,Italy,"Social Media",Mobile,Returning,19,3157.06,2022-03-26
441089,2023-01-31,Non-binary,63,Paris,France,"Paid Search",Tablet,"At Risk",14,1537.76,2023-10-19
441149,2025-08-07,Male,67,London,UK,"Paid Search",Mobile,VIP,19,7614.13,2026-05-06
441221,2021-12-22,,79,Madrid,Spain,"Social Media",Tablet,Loyal,22,6077.09,2022-08-28
441277,2021-04-03,,54,Paris,France,Referral,Mobile,Loyal,1,1555.5,2022-05-04
441387,2021-07-24,Female,68,Madrid,Spain,Email,Mobile,New,8,7294.85,2022-05-01
441842,2021-01-03,Male,38,Rome,Italy,Referral,Mobile,Returning,0,0,NULL
442555,2021-06-28,Male,30,Rome,Italy,Email,Tablet,Loyal,5,249.82,2022-06-09
443137,2022-05-09,Non-binary,84,Madrid,Spain,"Social Media",Desktop,VIP,5,1504.45,2023-09-20
443476,2025-09-28,,50,Berlin,Germany,Direct,Desktop,New,6,6910.34,2026-08-20
443556,2022-11-09,Female,84,Istanbul,Türkiye,"Organic Search",Desktop,"At Risk",10,4011.91,2023-07-03
443661,2024-07-06,Non-binary,29,Toronto,Canada,Email,Tablet,New,14,4679.65,2025-11-08
444031,2024-11-01,Female,73,Istanbul,Türkiye,Direct,Tablet,Returning,23,6587.36,2025-12-30
444605,2025-05-05,"Prefer not to say",56,London,UK,Direct,Tablet,VIP,5,3750.65,2025-07-19
444794,2024-11-10,Male,49,Madrid,Spain,Email,Mobile,New,1,564.24,2025-01-05
445032,2022-01-19,,54,Paris,France,"Paid Search",Mobile,Returning,12,2053.58,2022-03-29
445656,2021-02-08,"Prefer not to say",55,Rome,Italy,Direct,Mobile,New,15,8166.71,2021-10-11
445825,2022-03-06,Female,59,Istanbul,Türkiye,Email,Tablet,VIP,2,7638.17,2022-04-25
445856,2025-06-04,Non-binary,50,London,UK,Referral,Desktop,VIP,4,4906.19,2025-12-06
446073,2021-12-07,Non-binary,43,London,UK,"Social Media",Mobile,New,1,3485.56,2022-02-03
446142,2023-08-29,"Prefer not to say",66,Istanbul,Türkiye,"Organic Search",Mobile,Returning,11,2120.71,2024-11-25
446153,2025-01-19,,49,Paris,France,"Organic Search",Desktop,VIP,23,5969.36,2026-02-10
447222,2021-09-26,Non-binary,19,London,UK,Direct,Desktop,New,9,6572.14,2021-11-26
447503,2023-04-11,"Prefer not to say",26,Berlin,Germany,Referral,Desktop,New,8,6237.46,2024-02-13
448174,2025-09-01,Female,50,Madrid,Spain,"Organic Search",Desktop,"At Risk",25,1298.45,2026-07-22
448372,2025-11-23,Male,55,Toronto,Canada,Referral,Tablet,VIP,23,3145.89,2026-12-09
448856,2022-04-15,Male,64,Istanbul,Türkiye,Direct,Desktop,Returning,8,1566.8,2023-06-03
448873,2021-01-03,Male,37,Istanbul,Türkiye,"Organic Search",Tablet,"At Risk",10,6944.05,2021-12-22
450167,2024-06-08,Male,76,"New York",USA,"Organic Search",Desktop,Loyal,3,5117.85,2025-01-01
450573,2024-10-28,"Prefer not to say",75,Istanbul,Türkiye,Referral,Mobile,Returning,12,9447.74,2025-10-03
450730,2021-04-26,"Prefer not to say",85,Paris,France,"Social Media",Mobile,"At Risk",9,3476.51,2022-04-21
451194,2025-03-24,,40,"New York",USA,"Organic Search",Mobile,New,9,207.44,2026-08-03
451760,2022-04-22,Non-binary,43,Madrid,Spain,Direct,Mobile,Returning,13,971.13,2023-02-09
451893,2021-04-28,Male,40,Madrid,Spain,Referral,Desktop,"At Risk",25,7652.13,2021-07-01
451912,2022-08-13,Female,27,"New York",USA,Referral,Mobile,VIP,8,7596.32,2023-11-14
452220,2024-02-11,Female,44,"New York",USA,"Social Media",Mobile,Loyal,23,6343.53,2025-04-25
452332,2022-11-29,,64,Berlin,Germany,"Paid Search",Mobile,VIP,21,6286.33,2023-11-05
452441,2023-03-30,Female,37,London,UK,Referral,Mobile,"At Risk",5,9175.4,2023-08-07
452583,2021-11-15,Female,28,Istanbul,Türkiye,Direct,Desktop,Loyal,22,3917.14,2022-03-07
452889,2024-12-25,"Prefer not to say",28,Toronto,Canada,"Paid Search",Mobile,VIP,16,4300.93,2025-12-07
453052,2025-03-20,"Prefer not to say",63,Istanbul,Türkiye,"Organic Search",Desktop,Returning,11,4805.4,2025-06-05
453319,2024-05-28,Female,27,Paris,France,Email,Desktop,"At Risk",22,3592.43,2025-01-10
453463,2025-01-20,Male,85,Toronto,Canada,Direct,Desktop,Loyal,11,6456.34,2025-09-05
454585,2021-06-17,Male,65,Berlin,Germany,"Paid Search",Desktop,Loyal,3,695.37,2021-10-24
454832,2023-05-21,Male,48,Toronto,Canada,"Social Media",Mobile,Returning,11,122.04,2024-10-02
455099,2024-06-30,Female,48,Toronto,Canada,Referral,Desktop,"At Risk",23,9037.89,2025-07-03
455114,2023-02-11,Male,31,"New York",USA,"Paid Search",Desktop,New,2,7473.09,2023-08-26
455120,2022-04-28,Male,75,Istanbul,Türkiye,"Organic Search",Mobile,Returning,11,1986.92,2022-11-22
455311,2022-02-07,Non-binary,40,Toronto,Canada,"Organic Search",Desktop,Returning,0,0,NULL
455345,2022-01-29,Male,42,Paris,France,Email,Tablet,Returning,23,6749.38,2023-04-09
455352,2024-06-07,Female,20,Toronto,Canada,"Social Media",Mobile,VIP,24,487.35,2024-07-07
455567,2024-02-15,Female,57,Paris,France,"Social Media",Desktop,Returning,7,2803.77,2024-07-01
455603,2024-03-11,Male,30,London,UK,Email,Mobile,Returning,17,9806.24,2024-07-22
455850,2023-11-16,"Prefer not to say",62,Berlin,Germany,Email,Tablet,"At Risk",2,7612.37,2024-01-26
456164,2023-10-19,Female,59,"New York",USA,"Paid Search",Mobile,"At Risk",9,4309.14,2023-12-15
456814,2023-05-08,Male,41,London,UK,Direct,Desktop,Returning,9,1395.1,2024-04-27
456989,2023-11-16,,77,Istanbul,Türkiye,Direct,Mobile,Loyal,13,2869.56,2023-11-17
457333,2025-08-02,Female,40,Berlin,Germany,"Organic Search",Mobile,New,18,6730.89,2025-08-18
457456,2021-04-14,Male,67,Rome,Italy,"Paid Search",Desktop,New,13,335.76,2021-04-22
457548,2025-02-07,"Prefer not to say",68,Paris,France,Email,Desktop,VIP,17,6673.1,2025-03-09
457603,2021-04-15,Male,19,London,UK,Direct,Desktop,Loyal,16,3743.36,2022-08-19
457640,2022-03-30,,49,Madrid,Spain,"Social Media",Tablet,Loyal,5,3342.56,2022-12-25
457811,2025-11-01,Non-binary,28,Istanbul,Türkiye,"Organic Search",Desktop,VIP,11,5770.96,2026-04-28
458000,2021-02-15,Male,76,Madrid,Spain,"Paid Search",Tablet,Returning,12,8970.82,2021-07-29
458085,2022-08-17,Non-binary,73,Istanbul,Türkiye,Email,Mobile,New,19,8787.99,2022-10-30
458501,2024-03-06,Female,60,Toronto,Canada,"Paid Search",Mobile,Returning,25,4764.42,2024-07-13
459077,2024-07-22,,41,Berlin,Germany,"Social Media",Desktop,Returning,0,0,NULL
459111,2024-10-02,Male,70,Rome,Italy,Direct,Tablet,New,0,0,NULL
460020,2023-06-02,Female,56,"New York",USA,Referral,Desktop,New,24,1672.2,2023-10-24
460292,2021-06-23,Female,51,Rome,Italy,"Social Media",Desktop,Loyal,10,1978.72,2022-04-20
460527,2021-07-23,Male,18,London,UK,"Social Media",Tablet,"At Risk",19,9468.36,2022-03-10
460552,2023-03-13,Female,29,Paris,France,Email,Desktop,Loyal,17,8518.73,2023-04-20
461049,2023-10-17,Male,73,Rome,Italy,"Paid Search",Desktop,Returning,5,1101.41,2023-11-27
461153,2023-04-22,Female,35,Paris,France,Referral,Desktop,"At Risk",1,1639.82,2024-03-29
462156,2023-08-08,Non-binary,45,Berlin,Germany,"Social Media",Mobile,Loyal,10,600.7,2024-11-22
462493,2023-07-20,Female,84,Rome,Italy,Direct,Mobile,Returning,20,6402.6,2023-09-24
462889,2024-06-18,Non-binary,53,Madrid,Spain,"Social Media",Desktop,"At Risk",11,1432.15,2024-09-27
463075,2023-11-29,Male,49,Rome,Italy,Email,Mobile,Returning,23,9850.31,2024-08-10
463543,2024-09-30,Non-binary,78,Madrid,Spain,Email,Mobile,VIP,10,7146.9,2025-01-20
463728,2025-07-28,,50,"New York",USA,Referral,Mobile,VIP,1,9853.62,2026-04-14
463783,2023-07-21,Female,54,"New York",USA,Direct,Tablet,New,0,0,NULL
463857,2022-12-16,Female,46,London,UK,"Organic Search",Desktop,New,8,1182.47,2023-02-24
463880,2025-10-19,,46,Istanbul,Türkiye,Direct,Desktop,VIP,6,6618.02,2026-03-19
464611,2024-05-01,Female,56,Rome,Italy,"Social Media",Desktop,"At Risk",14,1913.86,2024-11-10
464885,2022-06-20,Non-binary,61,Istanbul,Türkiye,"Social Media",Mobile,VIP,12,3329.34,2022-08-11
466323,2023-09-26,Non-binary,71,Istanbul,Türkiye,"Social Media",Mobile,Returning,20,9305.92,2024-03-14
466424,2024-12-04,"Prefer not to say",56,Madrid,Spain,Direct,Mobile,VIP,4,8851.58,2025-09-03
466597,2025-05-25,Female,64,"New York",USA,Referral,Desktop,New,14,3639.92,2026-09-22
467224,2024-08-16,Non-binary,44,Istanbul,Türkiye,Email,Desktop,New,17,183.56,2025-12-06
468916,2022-09-05,Female,50,Istanbul,Türkiye,Direct,Desktop,Returning,6,1302.45,2023-05-21
469299,2021-02-15,Male,57,Istanbul,Türkiye,Referral,Tablet,VIP,5,9679.83,2021-11-27
469478,2023-05-21,Non-binary,70,Berlin,Germany,"Social Media",Desktop,New,21,8424.27,2023-08-15
469744,2023-10-07,Female,34,Paris,France,"Paid Search",Mobile,Loyal,15,317.31,2023-10-20
470385,2021-08-23,Male,37,London,UK,"Social Media",Mobile,VIP,19,1427.22,2022-08-15
470434,2025-04-05,Female,60,Berlin,Germany,"Social Media",Mobile,Returning,22,8402.78,2026-05-30
471716,2021-02-19,Female,62,London,UK,"Social Media",Desktop,VIP,20,4519.53,2022-06-10
471909,2024-04-23,,61,Berlin,Germany,"Social Media",Desktop,Returning,5,4615.71,2025-08-26
472185,2023-06-23,"Prefer not to say",21,Berlin,Germany,Direct,Desktop,New,4,6128.6,2023-12-02
472430,2025-09-10,Female,86,London,UK,Referral,Mobile,"At Risk",17,7691.95,2025-12-25
472807,2023-01-31,"Prefer not to say",78,Rome,Italy,Referral,Mobile,Returning,12,8812.29,2023-03-26
473111,2022-08-13,Female,77,Berlin,Germany,"Paid Search",Tablet,VIP,3,9479.87,2023-05-04
473137,2021-04-21,Female,18,Toronto,Canada,Referral,Tablet,Returning,23,2279.56,2022-04-09
473595,2023-02-02,"Prefer not to say",70,Istanbul,Türkiye,Email,Desktop,VIP,25,8806.47,2024-06-06
473628,2021-01-16,Non-binary,66,London,UK,"Paid Search",Desktop,New,12,2204.27,2021-01-21
473731,2024-07-01,"Prefer not to say",55,London,UK,"Organic Search",Tablet,"At Risk",11,5461.88,2025-11-05
474121,2021-11-30,Female,22,Paris,France,Direct,Tablet,Returning,20,2627.89,2022-10-30
474151,2023-01-08,Male,22,Berlin,Germany,"Social Media",Mobile,Loyal,20,2310.31,2023-11-15
474196,2021-08-31,Female,87,Madrid,Spain,Email,Desktop,New,18,3986.74,2022-09-23
474294,2022-10-12,Female,49,Paris,France,Email,Mobile,"At Risk",14,4004.57,2023-08-08
475093,2024-11-12,Male,51,"New York",USA,"Organic Search",Mobile,New,18,7604.45,2025-11-09
476170,2024-05-02,Female,72,Madrid,Spain,Referral,Desktop,Returning,0,0,NULL
476639,2022-08-19,"Prefer not to say",23,Berlin,Germany,"Paid Search",Desktop,Returning,4,208.64,2023-12-14
476881,2022-09-06,Female,67,Madrid,Spain,"Paid Search",Mobile,Returning,15,3143.47,2023-04-21
477205,2021-02-02,Male,82,Rome,Italy,Direct,Desktop,New,17,3745.24,2021-08-07
477477,2022-05-06,"Prefer not to say",66,Toronto,Canada,"Social Media",Desktop,"At Risk",4,2732.67,2023-04-18
477521,2021-01-21,"Prefer not to say",84,Paris,France,Direct,Tablet,Loyal,16,9418.7,2021-02-13
477590,2025-02-06,Female,30,Paris,France,"Organic Search",Tablet,VIP,17,6418.22,2026-05-26
477973,2022-11-04,,19,Paris,France,Referral,Tablet,New,3,2272.84,2023-11-20
478036,2021-12-29,,47,"New York",USA,"Paid Search",Mobile,VIP,10,2000.67,2022-03-10
478060,2025-09-30,Female,78,Paris,France,Direct,Mobile,Returning,2,3379.86,2026-07-21
478379,2024-01-18,"Prefer not to say",51,Berlin,Germany,Referral,Tablet,"At Risk",11,6207.35,2024-10-17
478516,2021-06-13,Male,88,Toronto,Canada,Direct,Desktop,New,16,8265.27,2021-09-20
478630,2025-09-26,"Prefer not to say",81,Berlin,Germany,"Social Media",Mobile,VIP,3,1993.02,2026-06-12
478857,2021-12-24,Female,88,London,UK,"Social Media",Mobile,New,19,7318.91,2023-03-31
479141,2024-08-26,Female,20,London,UK,"Paid Search",Desktop,Loyal,7,9632.17,2025-05-05
479329,2025-06-18,Male,88,Madrid,Spain,Referral,Desktop,Loyal,22,4483.83,2025-11-05
480782,2023-09-06,Male,59,London,UK,"Paid Search",Desktop,VIP,9,945.03,2025-01-03
481133,2025-03-02,Non-binary,72,Madrid,Spain,"Organic Search",Mobile,Returning,1,2232.04,2026-06-29
481621,2023-02-15,Female,55,Berlin,Germany,"Organic Search",Mobile,New,25,9353.51,2024-01-30
481855,2021-11-23,,72,London,UK,Referral,Desktop,VIP,23,9411.89,2022-07-29
482453,2021-06-24,Male,50,Toronto,Canada,Direct,Mobile,VIP,25,558.12,2021-09-24
482616,2024-07-29,,25,Paris,France,"Paid Search",Desktop,"At Risk",15,700.82,2025-04-04
482825,2022-07-27,"Prefer not to say",48,Madrid,Spain,Direct,Tablet,VIP,22,666.76,2023-11-23
483555,2023-03-26,Female,58,Madrid,Spain,"Paid Search",Tablet,Loyal,25,4338.78,2024-04-10
484957,2022-03-22,Non-binary,66,Madrid,Spain,"Social Media",Tablet,Returning,17,5218.3,2022-06-29
484995,2025-08-08,Male,71,"New York",USA,Referral,Desktop,"At Risk",3,3506.22,2026-07-20
485545,2024-11-08,Male,30,Toronto,Canada,Referral,Mobile,Loyal,16,5592.08,2025-07-27
485630,2024-06-22,Non-binary,60,Rome,Italy,"Social Media",Mobile,Returning,5,5853.59,2024-10-22
485985,2024-03-05,Male,68,Berlin,Germany,Email,Mobile,VIP,4,2218.16,2024-09-20
485989,2022-12-24,Male,76,Berlin,Germany,Email,Desktop,Returning,19,632.09,2024-04-25
486094,2024-07-23,"Prefer not to say",67,Rome,Italy,"Organic Search",Desktop,Returning,0,0,NULL
486237,2023-10-29,"Prefer not to say",87,Toronto,Canada,Direct,Tablet,"At Risk",22,1794.33,2023-11-27
486256,2021-06-28,Non-binary,49,Berlin,Germany,"Organic Search",Mobile,New,5,1150.15,2022-10-07
486384,2024-10-15,Non-binary,28,London,UK,"Social Media",Tablet,VIP,17,8558.35,2026-01-07
486599,2021-03-20,Female,27,"New York",USA,Direct,Desktop,Loyal,7,9699.36,2021-08-31
487501,2022-02-10,Male,83,Madrid,Spain,"Social Media",Mobile,Loyal,13,6728.29,2023-05-03
488114,2022-11-16,Male,29,"New York",USA,"Social Media",Mobile,"At Risk",11,7219.66,2023-09-11
488124,2022-12-11,Male,19,Istanbul,Türkiye,Referral,Desktop,Loyal,14,3377.87,2023-05-31
488138,2023-11-16,Non-binary,55,Toronto,Canada,"Social Media",Desktop,Loyal,6,6943.38,2025-02-01
488238,2024-10-15,Female,46,London,UK,Direct,Desktop,VIP,6,9300.46,2025-09-15
488342,2025-01-26,Non-binary,71,Paris,France,"Paid Search",Desktop,New,0,0,NULL
488521,2023-11-06,Male,40,Madrid,Spain,Referral,Mobile,VIP,11,9363.31,2024-11-13
488769,2025-08-26,Non-binary,86,Paris,France,"Organic Search",Tablet,"At Risk",5,6625.45,2025-12-01
489418,2023-05-14,,31,Istanbul,Türkiye,"Paid Search",Tablet,New,14,7271.8,2024-06-06
489665,2022-04-24,Non-binary,61,London,UK,"Paid Search",Tablet,Loyal,9,4715.24,2023-07-13
490130,2025-11-22,,34,Berlin,Germany,"Social Media",Mobile,New,13,6784.73,2026-08-31
490733,2023-11-15,Female,32,Toronto,Canada,"Social Media",Mobile,Returning,6,363.46,2024-08-14
490734,2023-04-03,Non-binary,42,Istanbul,Türkiye,"Organic Search",Mobile,Loyal,1,1041.05,2024-03-18
490841,2023-08-07,Male,44,London,UK,Email,Mobile,Loyal,15,3141.32,2023-11-02
491619,2023-11-22,Non-binary,69,Berlin,Germany,Email,Mobile,"At Risk",6,8502.71,2024-07-21
491881,2021-01-31,Female,23,Rome,Italy,"Organic Search",Desktop,Loyal,19,3235.71,2021-04-01
492904,2025-04-11,Male,47,Toronto,Canada,"Social Media",Mobile,VIP,21,390.01,2025-12-02
493932,2022-05-10,Male,42,London,UK,Direct,Mobile,New,2,9565.08,2023-02-23
494391,2025-03-12,Male,50,"New York",USA,"Paid Search",Desktop,"At Risk",9,1752.01,2026-01-23
494582,2025-11-17,Male,68,Toronto,Canada,"Organic Search",Tablet,Loyal,10,6791.62,2026-06-19
495331,2023-05-09,Male,35,Rome,Italy,Direct,Tablet,Returning,3,8566.5,2023-12-31
495520,2022-01-22,Male,21,Istanbul,Türkiye,Referral,Mobile,Loyal,20,5516.27,2022-01-30
495898,2025-05-05,Female,70,Berlin,Germany,"Paid Search",Desktop,Loyal,13,3072.62,2026-09-06
496250,2021-11-02,Male,73,Istanbul,Türkiye,"Organic Search",Tablet,Returning,12,6463.62,2022-04-22
496329,2022-02-08,Non-binary,27,Madrid,Spain,Email,Desktop,VIP,23,7682.7,2022-05-11
496378,2024-01-19,Male,43,Istanbul,Türkiye,Referral,Tablet,"At Risk",16,4394.75,2024-10-30
496403,2022-10-05,,18,Rome,Italy,Direct,Mobile,Loyal,4,7156.54,2023-10-26
496414,2022-06-26,Male,85,Rome,Italy,Email,Mobile,"At Risk",21,934.34,2023-01-08
496652,2024-09-12,Male,18,Berlin,Germany,"Organic Search",Desktop,VIP,2,5130.02,2024-10-31
497135,2025-07-21,Female,20,Toronto,Canada,Referral,Tablet,Returning,15,6967.33,2025-09-10
497252,2023-05-15,Non-binary,79,"New York",USA,"Paid Search",Desktop,VIP,19,7473.47,2024-06-15
497655,2024-05-18,"Prefer not to say",57,Rome,Italy,Email,Mobile,New,12,9914.53,2025-06-20
497700,2024-01-13,Female,27,Paris,France,Referral,Tablet,"At Risk",2,7786.86,2024-01-29
497788,2021-06-25,Non-binary,36,Toronto,Canada,Direct,Tablet,New,12,4902.43,2021-07-14
497923,2025-09-16,Male,72,Toronto,Canada,Direct,Desktop,VIP,7,4031.97,2026-06-17
497941,2024-06-20,Male,86,Paris,France,Direct,Desktop,VIP,9,1079.47,2024-10-22
498055,2024-03-23,,20,Paris,France,Email,Desktop,New,1,8535.63,2025-03-11
498650,2021-07-20,Female,60,Istanbul,Türkiye,"Paid Search",Desktop,New,7,1206.64,2021-10-25
498700,2024-03-17,"Prefer not to say",50,Rome,Italy,"Social Media",Tablet,"At Risk",1,1817.44,2025-06-09
499012,2024-03-30,Female,26,Rome,Italy,Email,Desktop,"At Risk",25,3076.32,2024-08-01
499210,2023-05-27,Female,68,"New York",USA,"Organic Search",Desktop,Loyal,11,273.64,2024-03-03
499721,2025-05-04,Male,67,Rome,Italy,"Paid Search",Mobile,"At Risk",10,3859.22,2025-08-01
500208,2023-03-04,Male,85,Istanbul,Türkiye,Direct,Mobile,New,17,4343.27,2024-06-03
500277,2022-05-22,Non-binary,18,Toronto,Canada,Email,Desktop,New,0,0,NULL
500926,2024-06-29,Male,21,Berlin,Germany,"Paid Search",Mobile,New,20,8596.32,2024-06-30
500960,2025-09-22,"Prefer not to say",38,Madrid,Spain,"Paid Search",Mobile,New,14,658.07,2026-03-09
501215,2022-06-02,Female,83,Toronto,Canada,"Social Media",Desktop,"At Risk",21,3398.24,2023-04-17
501759,2025-04-26,Non-binary,58,Rome,Italy,Referral,Desktop,Loyal,10,256.39,2025-08-06
501854,2023-02-25,Female,23,Berlin,Germany,"Social Media",Mobile,Returning,18,8542.65,2023-07-01
501873,2023-03-11,Male,85,Berlin,Germany,"Paid Search",Mobile,Loyal,4,3421.71,2023-10-30
502041,2024-08-08,"Prefer not to say",68,London,UK,Email,Mobile,"At Risk",3,7679.83,2025-11-22
502327,2024-11-02,"Prefer not to say",61,Madrid,Spain,"Social Media",Tablet,VIP,19,768.87,2025-12-13
502464,2022-06-30,Female,72,Rome,Italy,"Social Media",Mobile,"At Risk",8,8106.21,2023-02-03
502543,2022-01-19,Female,26,Rome,Italy,Direct,Tablet,Loyal,20,712.7,2023-05-28
502628,2022-09-12,Non-binary,20,Berlin,Germany,"Paid Search",Desktop,Loyal,3,9237.39,2022-11-21
502900,2021-09-20,Female,60,Paris,France,Direct,Mobile,Returning,17,6033.72,2021-09-30
502928,2024-02-24,,52,Paris,France,Referral,Mobile,Loyal,6,3135.64,2024-08-30
503495,2025-01-25,,69,Madrid,Spain,"Social Media",Tablet,Loyal,8,9842.86,2025-03-12
505132,2024-06-17,Male,35,Rome,Italy,"Organic Search",Tablet,Loyal,13,6120.06,2024-07-08
505334,2024-05-18,"Prefer not to say",46,Madrid,Spain,Direct,Mobile,VIP,4,1219.25,2025-05-25
505785,2025-10-11,Non-binary,38,London,UK,"Social Media",Mobile,VIP,23,8276.35,2026-02-24
506083,2021-07-06,Female,60,Istanbul,Türkiye,"Social Media",Desktop,VIP,25,9015.04,2022-09-17
507328,2024-08-10,Male,75,Paris,France,Direct,Mobile,Returning,15,718.85,2025-10-09
507989,2024-02-18,Male,73,Toronto,Canada,Email,Tablet,Loyal,23,8141.82,2024-12-19
508066,2022-07-03,Female,88,Berlin,Germany,Direct,Mobile,VIP,4,8864.02,2023-01-12
508146,2021-04-19,Female,42,Istanbul,Türkiye,Email,Mobile,VIP,14,6010.72,2022-03-08
508518,2022-03-06,Male,63,Toronto,Canada,Direct,Desktop,Returning,9,6881.04,2023-03-02
508632,2025-05-25,Non-binary,48,"New York",USA,Referral,Desktop,New,15,3079.24,2025-08-07
508647,2024-11-19,Non-binary,52,Berlin,Germany,Referral,Desktop,New,16,4409.74,2025-08-27
508744,2022-05-23,Female,27,London,UK,"Social Media",Mobile,VIP,16,7955.05,2022-07-02
509008,2022-09-10,Male,83,Toronto,Canada,"Organic Search",Mobile,VIP,14,4830.6,2023-01-19
509446,2023-02-11,Male,45,Rome,Italy,Direct,Desktop,"At Risk",9,3100.08,2023-11-30
509775,2021-08-09,,51,Madrid,Spain,"Organic Search",Tablet,Returning,25,7004.81,2021-12-04
510009,2024-01-02,Non-binary,39,London,UK,Email,Mobile,Loyal,3,7549.88,2025-01-09
510089,2023-02-19,"Prefer not to say",66,Istanbul,Türkiye,Email,Tablet,New,19,7066.26,2024-04-17
510275,2025-06-17,Female,42,Berlin,Germany,Referral,Desktop,Returning,6,9556.71,2025-07-07
510326,2024-06-08,Female,69,Berlin,Germany,Direct,Mobile,New,25,7745.41,2025-02-05
510467,2025-04-08,Non-binary,35,Madrid,Spain,"Organic Search",Desktop,"At Risk",2,2807.21,2025-10-14
511020,2021-11-27,Female,62,London,UK,Direct,Tablet,VIP,12,1201.72,2022-06-13
511628,2024-03-15,"Prefer not to say",88,Berlin,Germany,Email,Mobile,Loyal,15,9359.73,2025-05-25
512177,2025-11-10,Male,30,Madrid,Spain,Direct,Mobile,Returning,16,6540.99,2025-12-16
512357,2024-03-02,Male,28,Toronto,Canada,"Paid Search",Mobile,Returning,17,5098.01,2025-06-18
512461,2024-12-15,Female,22,Toronto,Canada,Email,Mobile,VIP,24,2213.77,2025-04-02
512719,2025-05-11,,78,Berlin,Germany,"Organic Search",Mobile,New,5,2800.16,2025-07-21
512727,2021-09-16,"Prefer not to say",88,Toronto,Canada,"Social Media",Mobile,New,18,999.16,2022-01-12
512898,2024-03-09,Male,70,Berlin,Germany,Direct,Desktop,Returning,6,9294.21,2025-06-23
513076,2022-12-21,"Prefer not to say",35,Istanbul,Türkiye,Email,Mobile,VIP,25,6084.04,2023-12-27
513538,2023-10-14,Male,21,"New York",USA,"Organic Search",Desktop,Loyal,25,7048.58,2024-02-07
513851,2022-06-01,Female,26,Istanbul,Türkiye,Referral,Mobile,VIP,1,9818.65,2023-02-26
514080,2023-10-04,,72,Toronto,Canada,"Paid Search",Desktop,New,12,2579.96,2024-03-14
514384,2025-08-13,Female,18,London,UK,"Paid Search",Mobile,Returning,5,5330.21,2026-09-15
514695,2025-03-11,Male,86,Berlin,Germany,"Paid Search",Mobile,Loyal,8,1733.22,2025-08-02
514932,2025-03-25,Male,88,London,UK,Referral,Mobile,Returning,12,3249.6,2025-10-10
515550,2023-01-26,Female,75,Paris,France,"Organic Search",Tablet,"At Risk",17,5036.74,2024-05-08
515681,2023-01-10,Male,39,Toronto,Canada,Referral,Desktop,VIP,4,4256.91,2024-01-24
515810,2024-02-01,Female,70,Paris,France,"Organic Search",Mobile,"At Risk",6,5224.88,2024-05-18
516098,2024-05-10,"Prefer not to say",18,Madrid,Spain,Referral,Mobile,Returning,10,2618.61,2025-06-15
516292,2023-11-20,,50,"New York",USA,"Paid Search",Desktop,Loyal,3,7866.18,2024-10-19
516335,2022-04-19,Male,58,Rome,Italy,Referral,Mobile,Returning,9,8100.61,2023-07-28
516469,2022-10-07,"Prefer not to say",54,Berlin,Germany,"Social Media",Tablet,New,9,3158.04,2023-10-11
516536,2022-03-18,"Prefer not to say",53,Berlin,Germany,Referral,Tablet,New,0,0,NULL
516541,2022-09-20,Female,88,Berlin,Germany,Email,Mobile,Returning,10,9746.98,2023-05-15
516615,2024-05-16,Female,26,"New York",USA,"Organic Search",Mobile,New,21,768.95,2025-04-06
516617,2024-08-21,Female,28,London,UK,"Paid Search",Desktop,New,8,2208.64,2025-10-10
517120,2022-02-12,"Prefer not to say",57,"New York",USA,"Social Media",Desktop,Loyal,13,360.91,2023-01-28
517504,2022-09-17,Non-binary,64,Madrid,Spain,Direct,Desktop,VIP,15,7540.23,2022-12-31
517905,2022-03-13,"Prefer not to say",31,"New York",USA,"Organic Search",Mobile,New,0,0,NULL
517915,2023-04-08,Non-binary,61,Berlin,Germany,Direct,Desktop,Loyal,5,9375.48,2023-05-10
518232,2021-09-13,Female,71,"New York",USA,Email,Desktop,VIP,7,9128.73,2022-11-15
518518,2022-12-24,Non-binary,50,Toronto,Canada,"Organic Search",Desktop,"At Risk",15,399.41,2023-11-27
518724,2022-01-30,Female,45,"New York",USA,"Paid Search",Tablet,VIP,12,8923.42,2022-10-15
518804,2022-01-25,Non-binary,22,Madrid,Spain,"Organic Search",Desktop,Returning,24,1694.83,2022-10-26
519121,2022-11-12,Male,37,Paris,France,"Social Media",Desktop,Loyal,14,3658.27,2023-09-27
519132,2025-09-08,Female,39,Rome,Italy,"Paid Search",Desktop,Returning,15,1582.45,2026-02-15
519355,2022-09-17,Female,76,Berlin,Germany,Referral,Mobile,New,3,8397.16,2023-09-10
519371,2023-12-10,Female,54,Toronto,Canada,"Paid Search",Tablet,Returning,25,335.52,2024-02-26
520223,2022-07-08,,23,Istanbul,Türkiye,"Paid Search",Mobile,Returning,0,0,NULL
520565,2021-09-21,"Prefer not to say",62,Rome,Italy,"Social Media",Mobile,New,11,7583.09,2022-09-12
521290,2023-04-24,,80,Toronto,Canada,"Paid Search",Desktop,Loyal,2,3824.17,2024-03-11
521427,2024-02-02,Male,85,Istanbul,Türkiye,"Organic Search",Desktop,"At Risk",4,3656.36,2024-12-26
521447,2022-07-11,"Prefer not to say",49,London,UK,"Organic Search",Desktop,"At Risk",25,7098.09,2023-02-16
521673,2021-05-09,Male,49,London,UK,Direct,Desktop,Returning,4,3338.32,2022-07-10
521868,2022-06-02,,19,Madrid,Spain,Email,Desktop,Loyal,4,1721.62,2023-03-14
522130,2025-10-24,Non-binary,88,London,UK,"Paid Search",Desktop,New,0,0,NULL
522155,2024-12-19,Male,84,Berlin,Germany,Email,Mobile,Loyal,19,9472.94,2025-11-23
522877,2022-10-29,Male,65,"New York",USA,"Organic Search",Tablet,New,21,497.39,2023-10-23
523355,2021-01-22,Male,67,Istanbul,Türkiye,"Paid Search",Tablet,Returning,4,7221.99,2022-01-30
523600,2025-08-12,Female,38,Berlin,Germany,"Organic Search",Desktop,Loyal,14,8309.13,2026-11-26
523926,2024-01-19,Non-binary,51,"New York",USA,"Social Media",Desktop,"At Risk",14,2803.87,2024-06-10
524101,2025-09-22,"Prefer not to say",46,Berlin,Germany,"Paid Search",Tablet,"At Risk",12,8270.79,2026-11-04
524844,2023-07-27,Male,83,Toronto,Canada,"Social Media",Desktop,"At Risk",14,8409.46,2023-11-20
524937,2021-10-10,"Prefer not to say",18,Madrid,Spain,Direct,Desktop,New,8,82.62,2022-07-30
525079,2021-07-26,Male,85,Berlin,Germany,Referral,Mobile,New,0,0,NULL
525344,2023-07-11,Female,55,Berlin,Germany,"Social Media",Tablet,VIP,12,2726.78,2024-07-18
525862,2021-11-16,Male,28,Berlin,Germany,"Organic Search",Mobile,Loyal,9,5134.19,2022-07-12
526349,2025-04-08,Male,76,Berlin,Germany,Email,Desktop,New,0,0,NULL
526518,2022-03-02,Non-binary,88,"New York",USA,"Social Media",Desktop,Returning,15,840.08,2022-10-01
526769,2025-07-23,Non-binary,43,Madrid,Spain,"Paid Search",Mobile,"At Risk",4,9668.65,2026-11-02
527095,2024-08-14,,34,Istanbul,Türkiye,Referral,Mobile,Loyal,15,1808.11,2025-11-24
527514,2021-03-09,Male,37,Toronto,Canada,"Social Media",Desktop,VIP,3,6372.78,2021-04-27
527523,2021-01-15,Female,79,"New York",USA,Direct,Mobile,"At Risk",21,5864.67,2021-06-01
528053,2022-12-28,Female,39,Berlin,Germany,"Paid Search",Desktop,"At Risk",8,5677.8,2023-11-07
528134,2022-05-08,"Prefer not to say",72,Toronto,Canada,"Social Media",Mobile,VIP,15,4705.76,2023-08-23
528270,2023-06-11,Female,43,Madrid,Spain,Email,Desktop,"At Risk",12,3236.66,2024-01-31
528831,2022-05-30,"Prefer not to say",71,"New York",USA,"Paid Search",Desktop,Returning,25,4972.95,2023-03-30
529394,2022-03-21,Male,22,Berlin,Germany,Direct,Desktop,Loyal,16,2428.09,2023-05-27
529560,2024-09-30,Male,62,"New York",USA,"Organic Search",Tablet,"At Risk",3,9525.23,2025-03-29
530380,2024-10-06,"Prefer not to say",78,"New York",USA,Referral,Desktop,Loyal,16,4373.92,2025-02-15
531078,2022-01-16,"Prefer not to say",20,Berlin,Germany,Referral,Mobile,"At Risk",19,4202.16,2023-01-18
531111,2021-03-28,Male,79,Toronto,Canada,"Paid Search",Desktop,New,11,2821.27,2021-08-14
531422,2021-08-03,Female,49,Toronto,Canada,Referral,Mobile,Returning,18,8205.04,2022-02-16
531639,2023-05-17,,57,Paris,France,Email,Tablet,Returning,5,5608.76,2024-01-27
532271,2023-08-17,"Prefer not to say",20,Istanbul,Türkiye,Referral,Desktop,New,12,9191.35,2023-08-30
532694,2022-06-15,Female,61,Rome,Italy,"Social Media",Mobile,New,15,1662.56,2023-07-16
532968,2022-05-15,Non-binary,18,Berlin,Germany,"Social Media",Mobile,Loyal,9,1043.59,2022-07-19
533481,2024-06-06,Male,87,Rome,Italy,"Paid Search",Desktop,"At Risk",8,8211.45,2025-01-23
533622,2021-08-20,Female,59,"New York",USA,"Social Media",Mobile,Loyal,7,1137.22,2022-08-11
533898,2021-10-05,"Prefer not to say",86,Rome,Italy,"Organic Search",Mobile,VIP,20,6281.33,2022-09-20
533902,2023-02-17,"Prefer not to say",76,Istanbul,Türkiye,Direct,Tablet,Loyal,3,4145.86,2024-02-05
534439,2022-01-04,"Prefer not to say",68,Berlin,Germany,"Social Media",Mobile,"At Risk",1,8465.32,2023-01-27
534555,2021-03-27,Male,37,Toronto,Canada,Direct,Tablet,Loyal,24,8582.05,2022-04-24
534757,2022-07-06,Male,34,Toronto,Canada,Direct,Desktop,New,8,557.61,2022-10-10
535091,2024-06-10,"Prefer not to say",19,Madrid,Spain,"Organic Search",Tablet,New,17,8640.89,2024-08-27
535295,2024-10-09,Female,44,London,UK,"Paid Search",Mobile,Returning,23,2862.85,2025-09-08
535362,2023-08-13,Male,34,Istanbul,Türkiye,"Paid Search",Desktop,New,16,3780.38,2024-05-22
535745,2024-09-28,Male,29,Berlin,Germany,"Social Media",Mobile,VIP,10,1500.3,2025-09-15
536388,2023-10-06,Male,66,Toronto,Canada,"Organic Search",Mobile,Returning,4,3149.59,2023-11-04
536396,2023-07-22,Male,41,Rome,Italy,Referral,Mobile,"At Risk",19,3996.4,2023-12-20
536840,2022-12-06,Male,40,Berlin,Germany,Referral,Desktop,Loyal,7,9112.9,2024-04-12
536924,2022-03-02,Female,48,Paris,France,Direct,Mobile,"At Risk",15,7248.1,2023-06-25
537522,2022-12-10,Female,48,London,UK,Referral,Tablet,New,13,8744.95,2024-01-14
537776,2022-10-21,,38,"New York",USA,Email,Mobile,VIP,23,9170.98,2023-01-16
537872,2021-12-14,Male,52,Istanbul,Türkiye,Referral,Mobile,Loyal,20,548.39,2023-02-02
537893,2024-02-04,Non-binary,50,Berlin,Germany,Referral,Desktop,Returning,7,2796.79,2025-04-29
539060,2021-10-08,Female,51,London,UK,Email,Desktop,"At Risk",11,2659.61,2022-11-09
540013,2025-03-27,,60,London,UK,Direct,Desktop,Returning,10,8691.07,2026-07-27
540366,2024-04-12,Male,62,Istanbul,Türkiye,"Social Media",Desktop,Loyal,5,5821.48,2025-06-21
540596,2024-03-17,Male,33,Madrid,Spain,"Social Media",Desktop,Returning,17,4142.35,2024-11-18
540859,2025-01-29,Female,85,"New York",USA,"Social Media",Desktop,Returning,17,5857.97,2025-11-04
541192,2023-04-08,Non-binary,57,Madrid,Spain,Referral,Mobile,Returning,11,4329.6,2023-10-03
541302,2025-06-12,Male,55,Madrid,Spain,Direct,Desktop,Loyal,6,8172.01,2025-12-20
541312,2021-05-05,Male,31,Rome,Italy,"Organic Search",Desktop,Returning,22,4951.33,2022-07-30
541365,2023-09-26,"Prefer not to say",32,London,UK,Referral,Tablet,VIP,1,9850.07,2024-11-16
541464,2024-08-24,Male,55,London,UK,Direct,Mobile,Loyal,2,9373.01,2025-01-24
541651,2023-07-17,Female,76,London,UK,Email,Desktop,VIP,2,2404.11,2024-01-22
542372,2023-10-18,"Prefer not to say",42,"New York",USA,"Organic Search",Desktop,Returning,6,3229.91,2023-12-28
542611,2023-10-04,Male,40,Toronto,Canada,Referral,Desktop,"At Risk",13,4015.29,2024-07-24
542621,2024-12-06,Non-binary,44,Paris,France,"Paid Search",Desktop,Returning,4,1215.97,2025-08-30
542776,2024-09-08,,33,Toronto,Canada,Referral,Desktop,"At Risk",14,4942.15,2025-04-05
542791,2021-07-31,"Prefer not to say",57,Toronto,Canada,"Social Media",Desktop,Returning,1,6034.98,2022-06-08
542912,2021-08-03,"Prefer not to say",45,Paris,France,"Organic Search",Mobile,New,4,5949.61,2021-10-19
543125,2024-07-17,Non-binary,72,London,UK,"Social Media",Desktop,New,0,0,NULL
543198,2023-01-03,Female,54,Paris,France,Email,Mobile,VIP,4,7554.77,2024-03-30
543384,2023-08-03,Female,86,Rome,Italy,"Social Media",Mobile,"At Risk",0,0,NULL
543486,2022-04-06,Female,36,Madrid,Spain,"Organic Search",Desktop,VIP,9,5308.29,2023-07-09
543516,2025-12-01,,59,Berlin,Germany,Referral,Desktop,Loyal,13,7662.07,2025-12-20
544721,2022-07-29,Male,22,Paris,France,Direct,Desktop,Loyal,11,3303.44,2023-09-06
544782,2023-11-23,Non-binary,50,Toronto,Canada,"Social Media",Desktop,Returning,11,1721.22,2024-02-12
545203,2023-10-14,Non-binary,50,Rome,Italy,"Organic Search",Tablet,New,0,0,NULL
545466,2025-03-18,Female,39,Istanbul,Türkiye,"Social Media",Mobile,VIP,24,271.21,2025-08-08
545773,2022-04-14,,48,Toronto,Canada,Direct,Mobile,New,6,9384.8,2023-01-17
546110,2023-07-28,"Prefer not to say",72,London,UK,Email,Mobile,New,1,1728.01,2024-11-14
546270,2021-05-20,Male,27,London,UK,Email,Desktop,Loyal,15,5553.52,2022-05-14
546556,2025-07-27,,40,"New York",USA,Direct,Mobile,Loyal,2,2746.09,2026-03-26
546788,2021-08-17,Non-binary,73,London,UK,Direct,Mobile,"At Risk",18,4879.51,2022-02-27
546945,2024-06-24,Non-binary,30,Paris,France,Referral,Desktop,"At Risk",11,8792.69,2025-05-15
547007,2024-06-06,Female,54,Toronto,Canada,"Social Media",Desktop,New,20,897.72,2024-11-20
547390,2025-07-11,Male,35,Madrid,Spain,Direct,Desktop,New,9,5241.46,2025-12-10
547482,2021-10-30,Non-binary,77,Rome,Italy,"Social Media",Mobile,Loyal,7,8303.73,2022-07-12
547554,2022-08-23,Non-binary,88,"New York",USA,"Organic Search",Mobile,Returning,4,9496.35,2023-10-28
548187,2021-08-06,Female,43,Berlin,Germany,"Social Media",Desktop,"At Risk",1,7953,2022-06-30
548461,2021-08-30,Male,64,Berlin,Germany,"Organic Search",Mobile,New,19,9668.37,2022-03-16
548897,2021-07-12,Non-binary,61,London,UK,"Organic Search",Desktop,New,1,5654.37,2022-03-14
549287,2024-03-15,Male,55,Berlin,Germany,"Paid Search",Desktop,New,20,1615.08,2025-04-23
550066,2022-01-16,Non-binary,27,London,UK,Direct,Tablet,Returning,4,5415.24,2022-03-23
550091,2023-05-05,Female,82,Madrid,Spain,"Social Media",Mobile,New,13,2260.23,2023-11-21
550398,2025-06-14,Non-binary,78,Berlin,Germany,"Social Media",Mobile,"At Risk",11,7806.46,2026-06-19
551067,2024-05-17,Female,66,Paris,France,"Social Media",Mobile,Loyal,14,3333.43,2025-08-08
552209,2021-05-16,,45,Toronto,Canada,"Organic Search",Tablet,New,16,3180.74,2021-10-25
552623,2023-12-08,Female,85,Toronto,Canada,Referral,Desktop,New,5,3098.64,2025-01-05
552739,2025-02-13,"Prefer not to say",56,Madrid,Spain,"Paid Search",Tablet,Returning,21,5232.96,2026-03-04
552936,2023-06-26,"Prefer not to say",85,Toronto,Canada,Referral,Mobile,Returning,17,3212.24,2024-07-25
552975,2025-02-19,Male,83,Madrid,Spain,Referral,Tablet,"At Risk",12,3944.55,2026-01-11
553079,2022-08-25,Male,68,Rome,Italy,Referral,Mobile,"At Risk",17,1813.79,2023-02-21
553477,2021-11-02,Female,80,Berlin,Germany,"Social Media",Desktop,VIP,14,6802.11,2022-03-28
553519,2025-08-03,"Prefer not to say",61,London,UK,Referral,Mobile,New,22,3534.72,2026-05-05
553653,2025-05-09,Female,68,London,UK,"Paid Search",Mobile,"At Risk",25,1565.91,2025-12-14
553789,2024-02-28,"Prefer not to say",68,London,UK,"Social Media",Desktop,Loyal,5,5941.96,2025-02-24
553951,2021-04-27,Male,63,"New York",USA,Direct,Mobile,Returning,15,5721.36,2022-01-20
553981,2022-06-27,Male,18,Rome,Italy,"Organic Search",Tablet,Returning,1,365.17,2022-08-24
554560,2025-04-10,Male,79,Rome,Italy,"Organic Search",Mobile,Loyal,3,4051.64,2025-11-03
555723,2022-10-23,Female,47,Madrid,Spain,"Paid Search",Tablet,Loyal,5,7379.71,2023-04-21
555997,2025-10-17,,34,London,UK,Referral,Desktop,New,0,0,NULL
556238,2022-12-23,Female,26,Rome,Italy,"Organic Search",Desktop,VIP,16,144.73,2023-04-26
556437,2024-07-25,"Prefer not to say",49,Istanbul,Türkiye,Direct,Desktop,"At Risk",16,4705.73,2025-05-16
557990,2023-12-26,"Prefer not to say",81,"New York",USA,Direct,Tablet,"At Risk",10,1945.58,2025-04-30
558219,2021-02-04,"Prefer not to say",27,Berlin,Germany,"Social Media",Desktop,"At Risk",10,8446.95,2021-12-06
558405,2025-07-25,,36,London,UK,"Organic Search",Tablet,VIP,7,1578.15,2026-11-25
558604,2024-08-22,"Prefer not to say",36,Istanbul,Türkiye,"Organic Search",Mobile,New,1,7228.16,2025-05-08
559158,2023-09-16,Non-binary,36,"New York",USA,Referral,Tablet,Loyal,13,4373.26,2024-08-22
559411,2021-04-14,Female,35,Toronto,Canada,"Paid Search",Desktop,"At Risk",4,3154.53,2022-08-23
559608,2022-04-25,Male,46,Madrid,Spain,Email,Desktop,"At Risk",22,2828.65,2023-03-17
560086,2024-05-10,Female,30,Toronto,Canada,Direct,Mobile,New,11,4212.59,2024-08-26
560284,2025-03-16,Male,82,Madrid,Spain,Direct,Tablet,New,18,862.92,2025-09-28
560743,2025-01-09,Male,76,Paris,France,Email,Desktop,Loyal,12,2090.47,2025-06-20
561077,2024-05-03,,32,London,UK,Email,Mobile,"At Risk",8,9283.85,2024-05-04
561636,2024-01-30,Male,74,Madrid,Spain,Direct,Tablet,"At Risk",8,500.42,2024-05-30
562007,2024-01-21,Male,22,Rome,Italy,"Organic Search",Desktop,Loyal,5,718.33,2025-02-24
562087,2023-03-26,Male,81,Istanbul,Türkiye,"Social Media",Mobile,New,17,8024.29,2023-09-14
562443,2025-09-08,Male,69,London,UK,Direct,Tablet,VIP,5,943.85,2025-09-21
563234,2024-12-01,Male,55,Toronto,Canada,"Paid Search",Desktop,Returning,14,478.32,2025-08-11
563705,2022-03-02,Male,37,Paris,France,Referral,Desktop,Returning,13,3124.96,2022-06-22
563771,2022-01-01,"Prefer not to say",54,Toronto,Canada,Referral,Mobile,Loyal,9,846.22,2022-01-14
563800,2024-05-13,Male,60,Istanbul,Türkiye,Referral,Desktop,Returning,16,2720.14,2025-07-02
563977,2021-02-18,Male,36,Berlin,Germany,"Paid Search",Mobile,Returning,6,6492.66,2021-06-17
564017,2024-10-06,Non-binary,20,Toronto,Canada,"Paid Search",Tablet,New,24,5250.15,2025-09-28
564508,2021-12-03,Female,86,Toronto,Canada,"Organic Search",Desktop,Loyal,19,270.36,2023-02-20
564702,2023-02-14,Male,44,Paris,France,Referral,Mobile,VIP,3,5679.01,2023-11-16
564885,2024-12-24,Non-binary,36,Toronto,Canada,Referral,Tablet,Loyal,20,7167.29,2025-09-12
565123,2022-08-31,,21,Rome,Italy,Referral,Tablet,"At Risk",16,347.74,2023-12-29
565140,2024-09-10,Male,84,Toronto,Canada,"Organic Search",Mobile,New,12,2976.27,2024-09-10
565731,2025-11-07,Female,72,Paris,France,Referral,Mobile,New,18,9689.72,2026-09-27
565759,2022-07-15,Male,32,Berlin,Germany,"Social Media",Desktop,Returning,8,4440.86,2023-08-26
565852,2024-01-03,Female,84,"New York",USA,Direct,Mobile,Loyal,25,7331.3,2024-01-20
566677,2025-05-08,Male,36,London,UK,"Organic Search",Desktop,Loyal,10,4243.36,2026-06-16
567022,2023-12-01,Male,57,Paris,France,Referral,Desktop,New,10,1208.24,2024-10-11
567126,2024-03-07,"Prefer not to say",72,Paris,France,"Social Media",Desktop,New,0,0,NULL
567317,2021-11-11,Male,23,Madrid,Spain,"Organic Search",Desktop,New,0,0,NULL
567752,2022-08-27,Female,26,Berlin,Germany,Email,Tablet,VIP,18,6437.17,2023-04-15
567884,2024-10-08,Female,43,"New York",USA,"Social Media",Mobile,Returning,20,843.19,2025-08-13
568080,2024-06-25,Female,77,"New York",USA,"Organic Search",Mobile,Returning,11,4775.02,2025-08-07
568393,2025-10-16,Female,55,Paris,France,Direct,Tablet,Returning,7,3592.26,2026-10-18
569020,2023-04-26,,36,"New York",USA,"Social Media",Desktop,VIP,22,5974.89,2023-06-24
569252,2024-04-05,Male,24,London,UK,"Paid Search",Desktop,Returning,20,2684.98,2025-05-12
569659,2021-11-29,Male,70,Toronto,Canada,"Paid Search",Mobile,"At Risk",20,837.27,2023-01-26
570403,2022-08-29,Male,65,Berlin,Germany,"Organic Search",Mobile,"At Risk",16,2653.21,2023-09-13
570480,2024-01-15,Female,27,Toronto,Canada,"Organic Search",Mobile,Returning,17,3012.57,2024-11-18
571217,2023-12-09,Non-binary,71,"New York",USA,Direct,Mobile,VIP,16,3330.04,2024-11-10
571325,2025-11-04,,73,Toronto,Canada,"Paid Search",Desktop,VIP,6,4342.35,2026-08-08
571389,2021-03-13,,64,Madrid,Spain,Referral,Mobile,New,16,6695.31,2022-02-18
571664,2023-02-27,Male,24,Istanbul,Türkiye,"Paid Search",Desktop,Returning,14,8497.46,2023-04-17
571696,2021-10-01,Non-binary,88,Paris,France,Direct,Mobile,Returning,9,6249.39,2022-08-08
571936,2022-05-11,Non-binary,52,"New York",USA,"Social Media",Mobile,Loyal,18,8108.59,2023-03-04
572745,2025-08-30,Male,53,Madrid,Spain,Referral,Mobile,New,11,7292.06,2026-01-04
572811,2022-09-22,"Prefer not to say",78,London,UK,"Social Media",Desktop,Loyal,7,7362.6,2023-03-02
573026,2023-08-04,,74,Paris,France,"Social Media",Mobile,New,1,539.73,2023-10-05
573638,2023-11-12,Female,51,Toronto,Canada,"Paid Search",Desktop,"At Risk",7,3418.23,2024-06-23
573761,2025-11-01,Non-binary,47,Toronto,Canada,"Organic Search",Mobile,VIP,14,4774.13,2026-07-31
574159,2025-09-01,Female,18,Toronto,Canada,"Paid Search",Tablet,"At Risk",21,5630.71,2025-10-28
574503,2021-05-06,,59,Berlin,Germany,Email,Mobile,Returning,1,3562.8,2021-12-24
574620,2023-05-23,Female,58,Toronto,Canada,"Social Media",Tablet,New,17,940.23,2023-11-23
575003,2024-05-09,,49,Berlin,Germany,Email,Desktop,"At Risk",22,7324.52,2025-08-27
575329,2022-09-12,Female,38,Toronto,Canada,Direct,Desktop,"At Risk",9,7256.1,2024-01-12
575980,2025-03-21,Male,49,London,UK,"Organic Search",Mobile,Returning,7,6297.82,2025-07-10
576202,2021-03-23,Female,31,"New York",USA,Email,Tablet,VIP,20,5637.58,2021-12-14
576789,2025-01-30,Female,49,Toronto,Canada,Direct,Tablet,Loyal,15,8953.55,2025-09-24
578001,2021-04-30,Female,25,Paris,France,Referral,Tablet,New,5,6704.79,2022-09-06
578279,2023-08-18,"Prefer not to say",52,Berlin,Germany,"Organic Search",Desktop,New,15,8810.62,2023-12-05
578306,2023-08-19,"Prefer not to say",73,Istanbul,Türkiye,Direct,Desktop,VIP,9,2812.19,2024-04-22
579762,2025-11-30,Female,68,"New York",USA,"Organic Search",Tablet,Loyal,17,3346.21,2026-12-21
579803,2022-08-02,Male,32,Paris,France,"Social Media",Tablet,"At Risk",6,9833.55,2022-11-04
580005,2021-11-13,Male,62,Toronto,Canada,Referral,Desktop,"At Risk",21,1784.64,2022-07-20
580401,2021-10-31,Male,38,"New York",USA,"Paid Search",Mobile,Returning,24,1623.44,2022-01-04
580597,2024-10-06,Male,52,Istanbul,Türkiye,"Paid Search",Mobile,Returning,6,6254.36,2025-05-10
580723,2022-06-28,Male,46,Paris,France,Email,Desktop,VIP,19,1934.32,2022-08-23
580729,2021-07-06,Female,70,Madrid,Spain,Direct,Mobile,New,17,5704.5,2022-06-08
581083,2022-03-27,Male,20,Berlin,Germany,Referral,Mobile,VIP,4,4120.37,2022-08-31
581434,2023-01-05,Female,70,Rome,Italy,"Social Media",Mobile,New,8,549.11,2023-11-29
581706,2024-04-11,,76,Paris,France,Direct,Tablet,Returning,20,5354.75,2025-03-06
581850,2022-04-22,Non-binary,55,Rome,Italy,"Social Media",Desktop,New,5,6979.04,2022-10-01
581929,2024-04-25,Male,83,"New York",USA,"Organic Search",Tablet,Loyal,19,637.03,2024-06-08
582873,2022-01-09,Non-binary,53,London,UK,"Social Media",Mobile,Returning,23,6926.76,2022-12-17
583238,2021-10-14,Female,36,Paris,France,"Organic Search",Desktop,Loyal,17,9700.44,2022-07-24
583713,2024-03-11,Non-binary,28,Berlin,Germany,"Organic Search",Tablet,Loyal,25,340.73,2025-01-22
583858,2023-06-16,Female,34,Paris,France,"Social Media",Desktop,New,8,6843.3,2024-10-03
584002,2025-05-13,Male,81,London,UK,Referral,Desktop,VIP,9,306.12,2025-12-02
584429,2023-10-12,Female,20,Paris,France,"Social Media",Desktop,Loyal,13,8827.78,2024-03-31
584516,2025-02-06,,69,Istanbul,Türkiye,Referral,Tablet,"At Risk",11,6885.13,2025-08-30
585045,2021-04-02,Female,68,Istanbul,Türkiye,Direct,Mobile,VIP,16,1158.62,2021-09-19
585374,2024-09-05,Non-binary,36,Berlin,Germany,"Paid Search",Tablet,Loyal,16,3836.93,2025-03-24
585965,2022-12-29,Male,49,Madrid,Spain,Email,Desktop,Returning,15,6832.19,2023-08-22
586921,2022-06-17,Female,75,Rome,Italy,"Paid Search",Tablet,Returning,22,5827.42,2023-09-24
586991,2025-07-09,Female,46,Madrid,Spain,"Paid Search",Desktop,New,23,870.76,2026-05-29
587138,2024-07-25,,75,"New York",USA,Email,Mobile,Returning,11,8470.22,2025-07-03
587355,2023-11-10,Male,22,London,UK,Referral,Tablet,Loyal,3,4874.32,2024-05-28
587532,2022-08-19,Male,77,Berlin,Germany,Referral,Tablet,"At Risk",16,5499.45,2023-09-27
589086,2021-02-07,Male,47,Istanbul,Türkiye,Email,Mobile,"At Risk",17,2475.57,2021-11-06
589792,2023-05-25,Male,18,Toronto,Canada,Direct,Desktop,Loyal,19,9433.12,2023-09-25
590483,2025-05-06,Female,84,Berlin,Germany,"Organic Search",Mobile,VIP,23,8747.79,2026-09-14
590667,2021-10-07,Male,44,Paris,France,"Organic Search",Mobile,VIP,7,9070.21,2022-08-03
591608,2022-11-27,Male,59,Toronto,Canada,"Organic Search",Mobile,New,15,6880.09,2023-10-16
591698,2023-06-11,Female,82,Berlin,Germany,"Social Media",Desktop,Returning,21,8223.69,2023-11-08
591738,2021-12-05,Female,86,Paris,France,"Social Media",Mobile,Returning,23,5251.53,2022-11-17
591945,2024-08-03,,35,Rome,Italy,Email,Mobile,"At Risk",19,7861.72,2025-03-07
591957,2025-05-19,Female,77,Paris,France,Referral,Mobile,"At Risk",14,5999.16,2025-09-23
592117,2023-02-27,Female,26,Istanbul,Türkiye,"Social Media",Mobile,New,1,2729,2023-03-28
593406,2024-06-26,"Prefer not to say",71,London,UK,"Paid Search",Desktop,Returning,23,6101.12,2024-12-05
593490,2021-04-15,Female,31,London,UK,Direct,Desktop,VIP,3,4715.26,2022-06-07
593631,2025-10-29,Non-binary,53,London,UK,Referral,Mobile,"At Risk",10,9170.67,2026-11-12
594054,2024-05-02,Non-binary,41,Toronto,Canada,Referral,Mobile,Loyal,3,5288.87,2024-07-30
594062,2022-12-15,Male,88,Paris,France,Referral,Mobile,VIP,17,9957.65,2023-04-13
595185,2021-06-01,Female,47,Berlin,Germany,"Paid Search",Mobile,Returning,15,3641.56,2021-10-20
596221,2023-06-05,Female,54,Berlin,Germany,Email,Mobile,New,6,3964.3,2024-09-10
596784,2023-06-08,Female,62,"New York",USA,"Paid Search",Tablet,Returning,21,4622.1,2024-05-15
596934,2024-05-30,"Prefer not to say",30,"New York",USA,Email,Mobile,New,5,3848.02,2025-02-05
597047,2021-11-01,Non-binary,28,"New York",USA,Direct,Desktop,Loyal,18,8725.92,2022-09-08
598687,2022-12-01,Female,30,Berlin,Germany,Direct,Mobile,New,2,5266.77,2022-12-27
599121,2022-03-02,Female,79,Toronto,Canada,"Organic Search",Desktop,Returning,7,7497.76,2022-06-16
600181,2024-01-29,Female,73,Paris,France,Direct,Desktop,"At Risk",6,2966.04,2025-01-03
600334,2021-04-02,Non-binary,76,Toronto,Canada,Email,Mobile,Loyal,23,5718.17,2022-04-09
600806,2025-10-21,Male,75,Berlin,Germany,Referral,Tablet,New,0,0,NULL
602086,2022-01-14,Female,43,Istanbul,Türkiye,"Organic Search",Mobile,New,14,77.44,2022-06-18
602187,2024-10-28,"Prefer not to say",72,London,UK,"Social Media",Mobile,Returning,20,9018.07,2024-12-22
602467,2025-10-25,Non-binary,44,Rome,Italy,"Paid Search",Mobile,Returning,1,4110.47,2026-10-13
602999,2022-08-28,Non-binary,36,Toronto,Canada,Email,Tablet,New,24,1875.67,2023-07-28
603015,2022-01-18,,36,Rome,Italy,Direct,Desktop,New,4,5869.95,2023-02-19
603093,2023-04-21,Female,29,"New York",USA,Direct,Mobile,New,7,113.85,2023-12-20
603470,2023-04-30,"Prefer not to say",51,Toronto,Canada,Direct,Tablet,Returning,12,7322.51,2023-06-22
603554,2025-11-26,Female,74,London,UK,"Organic Search",Tablet,Loyal,21,3056.19,2025-12-01
603584,2023-12-21,,47,"New York",USA,Direct,Mobile,Returning,14,1722.54,2024-04-08
603734,2023-10-10,Male,80,Paris,France,Referral,Desktop,VIP,8,7571.31,2024-07-14
603743,2025-10-10,,61,Paris,France,"Organic Search",Mobile,Returning,8,2879,2026-05-05
603758,2023-08-15,,36,Madrid,Spain,"Organic Search",Mobile,Loyal,4,6794.17,2024-04-23
604471,2023-09-21,Male,71,"New York",USA,Direct,Mobile,VIP,1,2615.5,2024-12-07
604524,2023-10-07,Non-binary,80,Madrid,Spain,"Social Media",Tablet,Returning,10,8725.51,2025-01-03
604805,2024-06-01,"Prefer not to say",43,Rome,Italy,"Organic Search",Mobile,Loyal,19,7920.59,2025-07-04
605445,2023-03-18,"Prefer not to say",64,Madrid,Spain,Referral,Desktop,VIP,3,3900.81,2024-07-11
605579,2024-01-11,Female,66,Madrid,Spain,"Organic Search",Tablet,Loyal,13,2991.84,2024-08-11
607116,2023-01-04,,47,Toronto,Canada,Email,Desktop,"At Risk",3,9172.4,2024-01-11
607221,2021-10-17,,86,Paris,France,Direct,Tablet,Loyal,6,5684.81,2021-12-03
607585,2025-08-22,Male,69,Toronto,Canada,"Organic Search",Mobile,Loyal,9,2222.57,2026-07-18
608033,2024-10-08,"Prefer not to say",30,Istanbul,Türkiye,"Paid Search",Tablet,Returning,23,9281.89,2025-04-03
608080,2024-06-15,Female,37,Toronto,Canada,Direct,Desktop,VIP,15,368.03,2025-10-12
608480,2022-05-22,Non-binary,50,Berlin,Germany,Direct,Desktop,VIP,16,6416.22,2023-04-30
609380,2025-06-11,Male,88,Paris,France,Direct,Desktop,Returning,22,4052.28,2025-07-11
609392,2021-11-12,"Prefer not to say",81,London,UK,"Social Media",Tablet,VIP,15,7981.2,2022-06-15
609581,2025-02-08,Female,85,Madrid,Spain,"Social Media",Mobile,"At Risk",14,7214.18,2026-01-01
609604,2022-02-24,,32,London,UK,Referral,Tablet,New,4,3719.19,2022-06-01
610313,2023-04-13,Male,19,Paris,France,"Paid Search",Desktop,Loyal,3,4226.17,2024-06-29
610736,2022-11-20,Non-binary,27,Istanbul,Türkiye,Email,Tablet,VIP,6,1322.21,2023-11-04
611013,2021-01-05,Male,73,Rome,Italy,Referral,Tablet,New,23,4061.6,2021-07-09
611117,2025-10-01,Female,82,Rome,Italy,Referral,Desktop,Returning,21,8897.25,2026-12-15
611554,2023-09-26,Male,55,Berlin,Germany,"Organic Search",Mobile,Loyal,13,9273.59,2024-04-25
611669,2021-01-27,Female,28,London,UK,Direct,Mobile,"At Risk",14,7833.95,2021-03-30
611996,2022-07-16,"Prefer not to say",72,Istanbul,Türkiye,"Social Media",Mobile,"At Risk",13,2353.89,2023-03-30
612182,2021-09-25,"Prefer not to say",57,London,UK,"Social Media",Tablet,Loyal,13,3913.29,2022-06-07
612482,2025-05-18,Male,27,Berlin,Germany,"Paid Search",Mobile,New,25,8407.75,2026-03-09
612536,2022-11-28,"Prefer not to say",57,Istanbul,Türkiye,"Social Media",Tablet,Returning,4,548.35,2023-06-01
613480,2023-07-25,"Prefer not to say",88,"New York",USA,"Paid Search",Tablet,"At Risk",17,8123.54,2024-10-12
613482,2021-08-21,,80,Paris,France,"Paid Search",Desktop,New,10,3181.04,2022-09-20
614310,2025-08-01,Female,27,Berlin,Germany,"Paid Search",Tablet,VIP,24,3184.21,2025-10-08
614650,2021-04-22,,56,Paris,France,Referral,Desktop,VIP,10,8665.39,2022-05-21
615193,2022-02-02,Female,71,Istanbul,Türkiye,Referral,Desktop,"At Risk",25,9863.67,2022-09-15
615245,2023-08-30,Male,72,Paris,France,"Organic Search",Desktop,Loyal,15,5182.99,2024-10-08
615785,2023-05-25,Non-binary,57,Istanbul,Türkiye,"Organic Search",Desktop,VIP,8,6569.45,2024-02-12
616027,2023-02-07,"Prefer not to say",27,Toronto,Canada,"Organic Search",Mobile,VIP,18,2610.69,2024-04-08
616080,2021-12-26,Male,80,London,UK,Email,Mobile,"At Risk",2,6401.61,2022-08-15
616213,2022-03-08,Male,44,Istanbul,Türkiye,Referral,Mobile,VIP,23,2199.8,2023-01-23
616267,2024-04-17,Male,49,Paris,France,"Paid Search",Mobile,VIP,16,3710.44,2025-07-04
616278,2021-05-12,Female,39,"New York",USA,"Paid Search",Desktop,Returning,17,5464.89,2022-05-25
616399,2025-06-10,Male,72,Toronto,Canada,"Social Media",Tablet,"At Risk",13,2738.48,2025-10-27
616554,2023-12-11,,87,Paris,France,"Paid Search",Mobile,Returning,23,2046.27,2024-12-18
616635,2021-11-23,Female,56,Rome,Italy,Referral,Mobile,New,1,7017.96,2022-05-19
617221,2024-07-11,,69,Rome,Italy,Direct,Desktop,VIP,10,5327.03,2024-07-19
617593,2022-07-18,Male,78,Rome,Italy,"Paid Search",Desktop,Returning,25,9132.32,2023-11-21
617714,2022-05-03,Male,50,Paris,France,Direct,Desktop,VIP,2,4710.47,2022-11-14
617971,2021-03-20,Non-binary,54,London,UK,"Organic Search",Desktop,VIP,2,4508.39,2022-03-23
618349,2023-09-30,Male,76,Berlin,Germany,Direct,Tablet,Returning,4,5020.36,2024-06-06
618479,2021-07-04,Non-binary,42,Rome,Italy,Email,Tablet,Returning,18,5262.98,2022-07-25
619069,2021-03-28,Male,20,Toronto,Canada,"Social Media",Desktop,Loyal,20,1678.59,2021-05-19
619072,2024-11-18,Female,63,Rome,Italy,"Paid Search",Desktop,"At Risk",6,2080.12,2026-03-01
619120,2023-07-27,Male,19,Toronto,Canada,Email,Tablet,VIP,15,8394.17,2023-11-11
619458,2025-06-14,"Prefer not to say",43,Toronto,Canada,"Organic Search",Mobile,New,24,8106.05,2026-10-09
619501,2025-05-01,Female,55,London,UK,"Organic Search",Desktop,Returning,11,5071.46,2025-05-26
619896,2024-01-30,Female,43,Istanbul,Türkiye,"Paid Search",Desktop,New,7,6701.23,2025-05-16
620442,2025-05-24,Female,67,London,UK,"Social Media",Mobile,New,13,9767.6,2026-09-06
620611,2021-04-03,,45,Toronto,Canada,Direct,Mobile,Returning,0,0,NULL
622097,2024-06-11,Male,82,"New York",USA,"Social Media",Desktop,VIP,1,169,2025-10-17
622150,2024-01-21,Female,49,"New York",USA,Referral,Desktop,Loyal,19,5683.92,2024-01-25
622985,2023-01-23,Non-binary,57,Paris,France,"Paid Search",Mobile,Returning,12,2882.4,2023-04-17
623619,2024-07-09,Male,49,Rome,Italy,"Paid Search",Desktop,VIP,9,8317.89,2025-01-06
623933,2021-12-14,"Prefer not to say",87,Berlin,Germany,Email,Desktop,New,2,7466.07,2023-04-15
624078,2024-12-23,Female,76,Toronto,Canada,Direct,Tablet,"At Risk",4,2855.06,2025-08-14
624371,2024-12-26,Male,22,Berlin,Germany,Referral,Mobile,New,16,4559.2,2025-04-15
624677,2022-07-13,Female,71,Madrid,Spain,"Paid Search",Tablet,VIP,7,9127.07,2023-02-14
625126,2025-10-22,Female,30,Madrid,Spain,"Paid Search",Desktop,VIP,3,2503.37,2026-07-01
625231,2024-07-22,Male,48,Istanbul,Türkiye,"Organic Search",Desktop,Loyal,12,9755.44,2025-09-14
625387,2023-10-08,Male,20,"New York",USA,Referral,Mobile,Returning,8,7422.42,2024-07-15
625396,2022-12-16,Male,30,Berlin,Germany,"Social Media",Mobile,Returning,22,9407.83,2024-03-22
625436,2024-10-21,Female,61,Berlin,Germany,Referral,Mobile,Returning,10,7184.71,2026-01-12
625470,2022-02-07,Male,34,Rome,Italy,"Paid Search",Desktop,"At Risk",1,1039.1,2023-03-05
625492,2022-08-07,Male,44,Madrid,Spain,"Social Media",Desktop,Loyal,17,7669.15,2023-08-12
625787,2025-11-30,Male,69,London,UK,"Paid Search",Desktop,New,5,4475.94,2027-03-12
625952,2023-02-15,"Prefer not to say",37,Istanbul,Türkiye,Referral,Desktop,Loyal,19,562.14,2024-02-01
626385,2024-06-08,Female,68,Rome,Italy,Email,Mobile,Loyal,24,3722.19,2025-03-30
626427,2021-11-17,Male,23,"New York",USA,"Paid Search",Tablet,"At Risk",6,4036.62,2022-05-23
626635,2025-02-07,Male,75,Istanbul,Türkiye,Email,Mobile,"At Risk",0,0,NULL
627160,2022-11-06,,38,Madrid,Spain,Referral,Desktop,Returning,0,0,NULL
627294,2023-10-04,Non-binary,45,Istanbul,Türkiye,Referral,Mobile,Loyal,5,4126.17,2024-05-06
627451,2025-06-11,,65,Istanbul,Türkiye,Referral,Tablet,Returning,5,7144.21,2025-08-12
627467,2023-11-24,Female,64,"New York",USA,Referral,Desktop,Loyal,25,3325.61,2024-12-02
628426,2024-06-27,Female,34,Istanbul,Türkiye,Referral,Desktop,VIP,11,1317.72,2024-07-22
628513,2025-08-10,Female,49,"New York",USA,"Organic Search",Desktop,Returning,14,7850.71,2026-07-26
628594,2023-04-05,Non-binary,31,Berlin,Germany,Direct,Mobile,VIP,18,450.68,2023-08-19
628665,2023-07-13,Female,24,Istanbul,Türkiye,"Social Media",Mobile,Returning,6,8012.48,2024-07-25
628728,2021-12-05,Male,49,Istanbul,Türkiye,"Social Media",Mobile,New,22,7471.22,2023-01-30
629237,2024-06-17,,40,London,UK,Referral,Mobile,Returning,5,2236.35,2025-07-30
629828,2021-06-23,"Prefer not to say",43,Berlin,Germany,"Social Media",Desktop,New,10,3873.02,2021-11-02
630174,2023-08-06,"Prefer not to say",32,Istanbul,Türkiye,"Organic Search",Desktop,Loyal,1,4046.78,2024-05-09
630462,2021-10-22,Male,75,"New York",USA,"Organic Search",Mobile,VIP,4,3198.48,2022-10-23
630467,2022-03-10,Male,60,Toronto,Canada,"Social Media",Desktop,Returning,9,639.98,2022-06-05
630831,2024-05-25,Non-binary,29,London,UK,Referral,Desktop,Loyal,20,7192.68,2025-09-10
630903,2024-08-09,Female,38,Berlin,Germany,"Social Media",Desktop,Loyal,3,54.23,2025-10-14
630912,2024-11-18,Male,37,Toronto,Canada,Direct,Desktop,Returning,19,8250.08,2025-03-24
631799,2025-04-25,,74,Istanbul,Türkiye,"Organic Search",Desktop,New,19,2581.47,2026-06-30
632000,2021-06-05,Male,58,Paris,France,"Paid Search",Mobile,"At Risk",22,6934.69,2022-04-12
632196,2021-06-25,Non-binary,47,London,UK,Referral,Mobile,New,10,3331.46,2022-01-28
632380,2023-05-14,,21,"New York",USA,Email,Desktop,New,9,3898.57,2024-07-15
632384,2023-05-13,Male,33,Madrid,Spain,"Paid Search",Desktop,Loyal,21,4409.7,2024-03-28
632486,2022-05-18,Male,44,Rome,Italy,"Organic Search",Mobile,Returning,9,2442.72,2022-09-05
632660,2022-03-20,Female,28,London,UK,Email,Desktop,"At Risk",14,3676.23,2023-08-02
632691,2022-06-08,Female,38,Istanbul,Türkiye,Direct,Mobile,New,1,1414.61,2022-08-25
632758,2025-08-08,Female,40,London,UK,"Paid Search",Desktop,VIP,17,7949.73,2026-08-24
633123,2024-07-28,,75,Toronto,Canada,"Social Media",Mobile,"At Risk",2,9330.56,2025-09-17
633230,2023-07-20,"Prefer not to say",46,Istanbul,Türkiye,Email,Mobile,New,21,5566.21,2024-12-01
633348,2025-02-18,Male,75,Rome,Italy,"Organic Search",Mobile,New,8,5990.57,2025-09-23
633592,2022-04-19,"Prefer not to say",27,Berlin,Germany,Email,Tablet,Returning,7,454.25,2022-07-02
634008,2021-06-04,,51,Rome,Italy,"Paid Search",Desktop,"At Risk",24,2405.4,2022-01-20
634060,2023-05-25,Non-binary,69,Berlin,Germany,Referral,Desktop,"At Risk",22,9260.22,2023-06-16
634108,2021-08-09,Male,58,Rome,Italy,"Social Media",Desktop,"At Risk",24,8037.57,2021-12-15
634508,2024-07-24,Male,75,"New York",USA,Referral,Tablet,VIP,17,5373.49,2025-05-28
634845,2023-09-18,,62,Toronto,Canada,Direct,Mobile,New,20,3959.84,2024-11-23
634895,2023-11-24,,29,London,UK,"Paid Search",Tablet,Returning,2,4574.89,2024-04-23
635068,2021-07-09,Female,66,Paris,France,"Social Media",Tablet,"At Risk",18,338.28,2022-01-12
635116,2022-03-08,Male,20,Madrid,Spain,"Paid Search",Tablet,Loyal,20,5951.13,2022-04-28
635780,2021-04-13,,49,Paris,France,"Paid Search",Mobile,New,14,5863.52,2022-01-12
636166,2022-10-02,Male,69,Paris,France,"Social Media",Mobile,Loyal,8,361.27,2023-04-08
636321,2025-08-30,Male,69,Paris,France,Email,Mobile,Loyal,17,4875.21,2026-08-31
636366,2025-10-27,Female,70,"New York",USA,"Paid Search",Mobile,VIP,16,6508.15,2026-08-24
636484,2022-09-18,Male,54,Paris,France,Referral,Desktop,New,13,7794.22,2023-10-24
636547,2024-11-23,Non-binary,65,Berlin,Germany,"Paid Search",Tablet,"At Risk",7,6502.4,2025-09-17
636576,2024-05-10,,84,Rome,Italy,"Social Media",Desktop,VIP,19,350.33,2024-10-12
637026,2024-06-13,"Prefer not to say",28,Rome,Italy,"Social Media",Tablet,Loyal,7,9517.5,2025-07-26
637386,2024-08-02,Female,79,Istanbul,Türkiye,"Paid Search",Mobile,Returning,9,7397.21,2025-06-23
637395,2022-05-30,Female,83,Madrid,Spain,"Paid Search",Mobile,VIP,16,3225.3,2023-07-25
637751,2024-08-17,Female,48,Rome,Italy,Email,Tablet,New,12,4384.97,2025-06-07
637965,2022-09-21,,73,Istanbul,Türkiye,Email,Tablet,Loyal,25,2610.7,2023-11-13
638043,2023-11-25,Non-binary,46,London,UK,Referral,Mobile,Loyal,14,8256.17,2024-06-08
638136,2022-07-09,,50,"New York",USA,Referral,Desktop,New,5,2399.01,2023-01-19
638728,2025-06-09,Male,39,Rome,Italy,Referral,Mobile,New,25,5763.35,2026-07-22
638746,2021-06-14,"Prefer not to say",73,Madrid,Spain,"Organic Search",Desktop,Loyal,10,5685.02,2022-04-14
638916,2021-06-26,Male,35,Istanbul,Türkiye,Direct,Desktop,"At Risk",23,7410.37,2022-07-13
639152,2024-07-07,Non-binary,20,Berlin,Germany,Email,Mobile,Returning,25,9039.96,2025-02-02
639200,2023-01-29,Non-binary,87,Berlin,Germany,"Social Media",Tablet,New,4,9648.82,2023-05-16
639265,2022-02-27,,53,Berlin,Germany,Referral,Mobile,Loyal,20,5874.84,2022-05-06
639266,2023-01-25,"Prefer not to say",49,Toronto,Canada,"Paid Search",Mobile,Returning,22,7170.07,2024-01-26
639343,2023-12-16,Female,48,Toronto,Canada,"Social Media",Desktop,"At Risk",24,2831.97,2024-03-19
640075,2023-04-07,Female,55,Rome,Italy,Email,Mobile,"At Risk",12,3637.19,2023-07-03
640256,2021-07-06,Non-binary,19,"New York",USA,Email,Desktop,Returning,20,8636.05,2022-04-25
640266,2021-12-03,Female,44,Madrid,Spain,Direct,Mobile,New,13,3915.19,2023-03-02
640710,2022-10-08,Male,28,London,UK,Email,Desktop,New,18,9983.37,2024-01-18
641247,2021-06-17,Non-binary,24,Toronto,Canada,"Organic Search",Desktop,New,3,2139.33,2021-08-03
641693,2025-01-11,,67,Paris,France,Direct,Tablet,Returning,0,0,NULL
642022,2021-01-20,Non-binary,88,London,UK,"Social Media",Tablet,Returning,18,2058.62,2021-04-25
642580,2023-04-25,Non-binary,19,Istanbul,Türkiye,Direct,Tablet,"At Risk",16,4554.64,2023-12-23
643020,2024-11-25,Male,42,Berlin,Germany,"Organic Search",Mobile,Loyal,25,4141.63,2025-02-14
643613,2025-04-03,Female,72,Istanbul,Türkiye,Email,Mobile,VIP,24,4963.47,2026-01-02
643662,2024-06-03,Non-binary,38,Toronto,Canada,Referral,Desktop,"At Risk",17,7162.36,2025-07-07
643873,2024-04-08,Non-binary,24,Madrid,Spain,Email,Mobile,"At Risk",20,7020.12,2024-07-22
644206,2022-01-18,Female,35,Berlin,Germany,"Paid Search",Mobile,New,20,8874.08,2022-09-07
645086,2023-12-10,"Prefer not to say",73,Istanbul,Türkiye,"Organic Search",Mobile,Returning,9,276.49,2025-01-01
645342,2023-02-25,"Prefer not to say",63,"New York",USA,"Social Media",Desktop,Loyal,19,3864.48,2023-08-09
645367,2022-03-09,Male,23,Rome,Italy,"Organic Search",Tablet,"At Risk",18,3164.08,2023-06-22
646038,2024-05-12,,81,Berlin,Germany,Direct,Mobile,"At Risk",16,9604.06,2025-04-07
646243,2024-01-08,Male,85,Berlin,Germany,Email,Desktop,VIP,21,5200.87,2025-02-28
646389,2023-08-14,Male,75,Berlin,Germany,Referral,Tablet,Returning,3,1387.14,2024-03-25
646849,2025-05-28,Female,43,Toronto,Canada,"Paid Search",Tablet,Returning,7,5091.05,2025-11-12
647177,2025-01-09,Female,18,London,UK,Direct,Mobile,Loyal,18,1687.24,2025-02-23
647536,2022-04-24,Female,54,Paris,France,"Social Media",Mobile,Loyal,1,8590.16,2022-09-08
648612,2023-08-01,Female,85,Istanbul,Türkiye,"Paid Search",Desktop,New,21,6699.71,2024-07-27
649151,2025-04-23,"Prefer not to say",28,Madrid,Spain,Email,Mobile,New,19,5570.82,2026-03-27
649187,2024-05-12,Female,49,Berlin,Germany,Email,Mobile,VIP,23,6622.82,2024-08-26
649344,2021-06-18,Female,43,"New York",USA,Referral,Mobile,Loyal,18,3534.45,2021-10-19
649636,2025-06-01,Female,24,Madrid,Spain,Email,Tablet,"At Risk",2,1932.53,2025-09-27
649772,2022-05-21,Male,77,London,UK,"Social Media",Mobile,New,0,0,NULL
649926,2025-07-12,"Prefer not to say",64,Berlin,Germany,Direct,Desktop,New,20,759.43,2026-03-05
649988,2022-08-07,Non-binary,23,Paris,France,Email,Desktop,"At Risk",22,2325.29,2022-12-20
650086,2024-03-11,Female,85,Madrid,Spain,"Social Media",Desktop,"At Risk",15,5613.58,2024-07-08
650401,2021-10-20,Non-binary,74,Berlin,Germany,Direct,Tablet,Returning,5,6836.43,2022-09-13
651160,2023-09-17,Male,33,Istanbul,Türkiye,"Paid Search",Mobile,VIP,1,9831.81,2024-01-31
651408,2021-03-25,Female,44,Istanbul,Türkiye,"Organic Search",Tablet,VIP,11,4582.36,2021-05-07
651685,2022-10-12,Non-binary,23,London,UK,Direct,Mobile,New,22,8165.25,2023-05-03
651750,2021-06-20,Female,36,Berlin,Germany,"Social Media",Desktop,"At Risk",23,5123.33,2021-11-23
651946,2023-09-28,Male,36,Toronto,Canada,"Paid Search",Desktop,VIP,3,7294.55,2024-08-26
651972,2021-01-11,Female,52,"New York",USA,Email,Mobile,Returning,16,5200.97,2021-02-07
652172,2021-05-08,Female,81,Paris,France,Email,Tablet,Returning,4,7253.78,2021-06-25
652817,2021-08-17,Male,74,Toronto,Canada,"Organic Search",Mobile,VIP,2,8986.73,2022-04-12
652998,2021-04-27,Female,88,Istanbul,Türkiye,"Paid Search",Desktop,VIP,7,3620.61,2022-03-28
653259,2021-10-20,Non-binary,35,Madrid,Spain,"Organic Search",Mobile,New,0,0,NULL
653368,2022-04-13,Male,25,"New York",USA,Direct,Mobile,VIP,11,3850.16,2023-03-08
653745,2023-02-08,Female,21,Toronto,Canada,Email,Mobile,"At Risk",13,7651.05,2024-06-08
653813,2024-10-19,Non-binary,44,Rome,Italy,"Organic Search",Mobile,Returning,17,2077.08,2025-03-28
654028,2022-10-12,Female,59,Berlin,Germany,"Organic Search",Tablet,New,0,0,NULL
654061,2022-04-14,Male,24,"New York",USA,Referral,Desktop,VIP,4,9042.55,2023-08-03
654153,2023-10-12,Male,71,Istanbul,Türkiye,Referral,Desktop,VIP,18,6719.85,2024-05-17
654210,2025-04-03,,55,Toronto,Canada,"Social Media",Desktop,Returning,15,8426.39,2025-08-10
654383,2022-06-04,Female,40,Berlin,Germany,Referral,Tablet,Loyal,12,2334.42,2023-09-02
655272,2025-02-14,,67,Istanbul,Türkiye,Direct,Tablet,New,20,5964.67,2026-03-17
655354,2022-04-03,Female,61,Toronto,Canada,Direct,Tablet,VIP,16,9156.17,2022-06-13
655898,2024-06-27,"Prefer not to say",56,Istanbul,Türkiye,"Paid Search",Mobile,New,10,2341.5,2025-05-27
656210,2022-06-19,Non-binary,33,Madrid,Spain,"Organic Search",Desktop,Loyal,24,4981.42,2023-03-19
656747,2024-08-06,Male,62,Toronto,Canada,Direct,Mobile,Loyal,20,7489.3,2025-09-22
657281,2023-05-30,Male,51,Berlin,Germany,Direct,Mobile,VIP,12,1199.88,2024-05-13
657830,2024-05-08,Male,63,Berlin,Germany,Referral,Mobile,VIP,23,3454.16,2024-12-11
657977,2023-05-19,Non-binary,21,Madrid,Spain,Referral,Mobile,Returning,23,3632.33,2023-11-26
658388,2025-11-10,Non-binary,72,Rome,Italy,"Organic Search",Desktop,"At Risk",15,9299.64,2027-02-07
658660,2022-03-22,,67,London,UK,"Social Media",Tablet,"At Risk",10,1259.68,2022-10-21
659605,2021-06-05,Non-binary,24,Paris,France,"Organic Search",Mobile,New,25,5262.8,2022-07-11
659996,2023-06-24,Female,68,Rome,Italy,Direct,Tablet,Returning,25,3552.16,2024-06-13
660248,2024-01-11,"Prefer not to say",24,Istanbul,Türkiye,Email,Desktop,New,8,3571.84,2024-07-13
660285,2025-09-06,"Prefer not to say",65,"New York",USA,"Organic Search",Desktop,"At Risk",7,2480.44,2026-07-13
660449,2021-10-16,Non-binary,20,Toronto,Canada,Referral,Mobile,Returning,22,9864.65,2022-06-13
660661,2025-09-10,"Prefer not to say",18,"New York",USA,Email,Tablet,"At Risk",23,9950.1,2026-08-08
660739,2023-12-30,Female,41,Berlin,Germany,"Social Media",Desktop,"At Risk",16,7426.63,2024-11-21
661369,2022-07-18,Female,63,Berlin,Germany,"Organic Search",Mobile,VIP,1,7418.57,2022-11-24
661637,2022-08-31,Female,23,"New York",USA,"Organic Search",Desktop,"At Risk",25,5052.16,2023-03-06
661787,2022-09-27,Male,76,Toronto,Canada,Direct,Desktop,"At Risk",2,5753.46,2024-01-28
662412,2023-10-27,Male,33,London,UK,"Paid Search",Mobile,Returning,16,9870.1,2024-09-25
662461,2022-06-24,"Prefer not to say",75,Paris,France,"Organic Search",Mobile,VIP,24,9336.92,2022-10-07
662787,2025-04-02,Male,80,Istanbul,Türkiye,Email,Desktop,Returning,18,8817.67,2026-08-03
662827,2022-01-07,Male,81,"New York",USA,"Paid Search",Desktop,New,8,8541.91,2022-02-26
663064,2021-08-28,"Prefer not to say",79,"New York",USA,Email,Mobile,New,18,4186.91,2022-07-24
663378,2025-07-10,,55,Rome,Italy,Referral,Mobile,Returning,11,6767.63,2025-12-15
663601,2022-06-06,"Prefer not to say",35,Rome,Italy,"Paid Search",Desktop,New,0,0,NULL
663669,2025-06-14,Female,54,Toronto,Canada,Email,Mobile,VIP,22,4025.12,2026-05-26
663852,2022-06-14,Non-binary,65,Istanbul,Türkiye,"Organic Search",Desktop,New,6,5361.58,2022-10-30
664077,2025-04-21,Non-binary,67,London,UK,"Social Media",Mobile,VIP,14,8680.3,2026-01-10
664196,2023-03-15,Male,78,Toronto,Canada,"Organic Search",Desktop,Loyal,7,953.39,2024-02-24
664232,2022-06-19,Male,86,Istanbul,Türkiye,Direct,Tablet,VIP,11,9391.98,2023-09-24
664352,2023-06-05,,83,Toronto,Canada,Referral,Mobile,Loyal,20,9383.76,2024-02-29
664635,2021-01-09,Female,81,"New York",USA,Email,Tablet,"At Risk",23,4869.82,2022-03-09
664660,2024-08-28,Female,58,London,UK,"Organic Search",Tablet,New,25,7715.64,2025-03-28
664825,2021-04-06,,86,Rome,Italy,Referral,Desktop,Loyal,21,4458.23,2022-03-16
664999,2024-05-22,Male,72,Toronto,Canada,"Social Media",Tablet,New,0,0,NULL
665007,2023-11-07,Male,32,London,UK,"Organic Search",Tablet,"At Risk",4,6638.17,2023-11-07
665492,2022-05-25,,18,Rome,Italy,Direct,Mobile,Returning,2,4731.55,2022-09-21
665799,2022-05-18,Female,78,Madrid,Spain,Referral,Desktop,New,7,2013.71,2023-03-24
665829,2024-07-06,Non-binary,38,Madrid,Spain,Direct,Mobile,New,0,0,NULL
665927,2022-01-25,Non-binary,71,Paris,France,"Organic Search",Mobile,"At Risk",1,1508.27,2022-06-20
666345,2022-02-01,"Prefer not to say",68,Madrid,Spain,"Organic Search",Desktop,VIP,11,5692.98,2023-02-15
666793,2023-07-08,,68,Paris,France,Email,Desktop,New,25,4655.45,2024-03-27
667041,2025-08-04,Non-binary,59,"New York",USA,"Paid Search",Mobile,Loyal,11,5890.7,2026-05-22
667391,2023-01-10,Non-binary,86,Paris,France,Direct,Tablet,"At Risk",6,8636.01,2023-07-08
667675,2024-06-07,Male,45,Berlin,Germany,"Paid Search",Tablet,Returning,8,3485.71,2024-09-15
667712,2024-01-04,,49,London,UK,"Social Media",Mobile,VIP,13,9427.5,2024-04-15
667911,2025-10-05,,33,Istanbul,Türkiye,Email,Desktop,New,13,3572.25,2025-12-02
668353,2024-04-06,Non-binary,74,"New York",USA,Direct,Desktop,Returning,8,6108.9,2024-12-19
668370,2022-05-20,Female,69,London,UK,"Paid Search",Desktop,"At Risk",4,7644.43,2023-06-04
668684,2024-11-20,"Prefer not to say",54,Madrid,Spain,Referral,Desktop,Returning,6,3008.74,2026-02-06
668931,2023-06-20,"Prefer not to say",45,"New York",USA,Direct,Mobile,Loyal,3,3664.84,2023-12-30
669285,2023-12-14,Male,36,Paris,France,Direct,Desktop,New,20,3902.6,2024-07-06
669298,2021-06-09,"Prefer not to say",38,Berlin,Germany,Direct,Mobile,New,19,2192.54,2022-05-02
669389,2022-07-06,Non-binary,52,Toronto,Canada,Email,Tablet,Returning,16,6669.35,2022-11-12
669406,2022-04-19,Male,58,Paris,France,Referral,Desktop,Returning,16,8611.66,2023-01-14
669412,2022-06-16,Female,24,Madrid,Spain,"Organic Search",Desktop,VIP,7,3945.28,2022-08-21
670075,2022-03-11,Non-binary,26,Rome,Italy,"Paid Search",Desktop,"At Risk",6,5527.8,2022-03-26
670514,2024-04-15,Male,61,Paris,France,"Social Media",Mobile,VIP,3,4267.24,2024-06-05
670554,2022-10-29,,70,"New York",USA,Email,Mobile,"At Risk",0,0,NULL
670633,2025-09-08,Female,57,Berlin,Germany,"Social Media",Desktop,New,17,7930.55,2026-11-01
670659,2022-04-06,Male,19,Istanbul,Türkiye,"Organic Search",Desktop,VIP,10,9488.87,2022-10-23
670661,2024-03-25,Female,22,Istanbul,Türkiye,"Paid Search",Tablet,New,17,7819.63,2024-08-28
670684,2021-09-21,Female,48,London,UK,"Organic Search",Mobile,Returning,24,3600.45,2022-07-09
670924,2025-05-31,,51,Toronto,Canada,"Social Media",Mobile,"At Risk",9,2113.68,2026-08-07
671161,2025-04-30,Female,74,"New York",USA,"Organic Search",Mobile,Loyal,20,96.76,2026-05-26
671214,2023-12-23,Male,44,Paris,France,"Paid Search",Desktop,New,5,4536.44,2024-03-31
671259,2022-09-30,Male,61,Paris,France,Email,Mobile,Returning,8,5548.44,2023-10-20
671470,2022-04-30,"Prefer not to say",83,Madrid,Spain,Email,Desktop,Loyal,15,8986.84,2023-06-14
671774,2023-09-06,Female,47,Toronto,Canada,Email,Mobile,VIP,25,5804.1,2024-03-12
671869,2021-03-25,Male,26,Berlin,Germany,"Organic Search",Mobile,New,13,7714.15,2021-05-26
671990,2024-12-24,Male,58,Berlin,Germany,Referral,Mobile,New,17,4794.7,2026-03-10
672216,2023-04-26,Female,76,Berlin,Germany,Referral,Desktop,"At Risk",12,6652.14,2023-09-28
672477,2022-07-30,,20,"New York",USA,Email,Desktop,VIP,7,2124.16,2022-11-05
672889,2023-08-04,Female,51,Rome,Italy,Referral,Desktop,New,2,114.89,2023-12-26
673493,2021-02-04,Male,59,Toronto,Canada,"Social Media",Desktop,Loyal,21,8940.65,2021-10-21
673591,2021-11-13,"Prefer not to say",50,"New York",USA,"Social Media",Desktop,VIP,18,209.6,2021-12-02
674228,2025-04-07,Non-binary,18,Istanbul,Türkiye,Referral,Desktop,"At Risk",18,3792.08,2026-07-09
674615,2021-07-24,Male,72,"New York",USA,"Organic Search",Mobile,"At Risk",21,9513.35,2021-11-13
674673,2024-08-29,Female,75,Rome,Italy,Direct,Mobile,"At Risk",5,8214.52,2024-11-12
674974,2025-09-04,,31,Toronto,Canada,Email,Desktop,Returning,1,2263.85,2026-08-13
675457,2023-12-29,Female,47,Istanbul,Türkiye,Email,Desktop,New,21,8413.75,2025-03-27
675797,2022-07-08,Female,49,Madrid,Spain,"Organic Search",Mobile,VIP,18,908.09,2022-11-22
675951,2022-08-23,Female,84,London,UK,"Paid Search",Desktop,New,0,0,NULL
676293,2025-09-19,Male,64,London,UK,Email,Desktop,"At Risk",9,1019.79,2026-11-13
676710,2025-09-29,Male,36,London,UK,Email,Desktop,Loyal,1,825.8,2025-10-23
676936,2021-02-15,Non-binary,77,Paris,France,"Organic Search",Desktop,"At Risk",23,1419.27,2021-10-29
677004,2022-01-11,Male,40,Istanbul,Türkiye,Referral,Desktop,Loyal,21,2932.87,2022-09-03
677100,2025-11-02,Non-binary,25,Istanbul,Türkiye,Referral,Desktop,VIP,9,6535.22,2026-04-29
677122,2021-08-31,Male,38,Toronto,Canada,Referral,Tablet,Loyal,17,5325.91,2022-10-30
677414,2024-12-25,Female,69,London,UK,Email,Tablet,Returning,23,2517.76,2026-05-03
677464,2022-11-10,Male,57,Toronto,Canada,"Organic Search",Tablet,"At Risk",8,4279.2,2023-05-30
677509,2024-09-23,Female,47,"New York",USA,Referral,Tablet,Loyal,22,635.57,2024-11-07
677592,2021-03-06,Female,46,Istanbul,Türkiye,"Paid Search",Tablet,"At Risk",11,7123.04,2022-02-17
677642,2025-06-08,"Prefer not to say",28,Berlin,Germany,"Organic Search",Mobile,"At Risk",22,3294.12,2026-09-17
677795,2021-10-27,Non-binary,82,"New York",USA,"Social Media",Mobile,New,22,9471.95,2022-01-08
677944,2024-09-22,"Prefer not to say",53,Madrid,Spain,Referral,Mobile,Returning,8,3143.22,2025-02-15
677980,2024-07-30,,61,Istanbul,Türkiye,Direct,Desktop,New,9,958.91,2024-11-14
678160,2022-09-10,Female,41,Berlin,Germany,"Social Media",Desktop,Loyal,21,4597.32,2023-05-27
678769,2021-05-15,Non-binary,60,Berlin,Germany,Referral,Desktop,Loyal,12,317.65,2022-09-19
679014,2023-02-22,Male,77,"New York",USA,"Organic Search",Mobile,"At Risk",13,9866.34,2024-04-04
679147,2025-05-23,Non-binary,26,Rome,Italy,"Organic Search",Mobile,VIP,6,1406.31,2025-08-07
679688,2021-04-22,,35,"New York",USA,"Paid Search",Desktop,VIP,7,3913.59,2022-03-13
679715,2023-07-25,Male,74,Istanbul,Türkiye,"Paid Search",Desktop,New,1,4313.25,2024-08-29
679811,2021-11-18,"Prefer not to say",65,Madrid,Spain,Email,Desktop,VIP,16,310.26,2022-11-16
680722,2021-08-12,Female,42,Berlin,Germany,Referral,Desktop,Returning,3,7943.03,2022-04-21
680801,2021-08-08,Female,74,Berlin,Germany,Referral,Desktop,Loyal,20,2703.51,2022-11-23
680821,2022-07-10,,59,Paris,France,Direct,Mobile,VIP,7,7634.09,2022-07-15
681297,2024-03-10,Female,40,Toronto,Canada,Referral,Tablet,"At Risk",11,4783.59,2025-01-09
681331,2022-09-01,Female,66,Rome,Italy,Direct,Desktop,"At Risk",22,2015.2,2022-09-02
682305,2025-04-08,Male,66,Berlin,Germany,Email,Mobile,"At Risk",15,1045.97,2025-09-25
682470,2025-07-04,,32,Rome,Italy,Referral,Tablet,Returning,12,8447.34,2026-06-16
682742,2021-02-21,Female,65,Madrid,Spain,Referral,Desktop,Returning,21,7561.52,2021-07-25
683262,2024-03-08,Non-binary,61,Madrid,Spain,"Organic Search",Desktop,New,7,4074.25,2024-06-26
683484,2025-09-14,,87,Madrid,Spain,"Organic Search",Desktop,Returning,14,8512.09,2026-02-19
683939,2024-01-10,Male,25,Berlin,Germany,Direct,Desktop,New,19,6256,2024-05-20
684057,2024-02-10,Non-binary,27,"New York",USA,"Social Media",Desktop,Returning,23,4395.73,2024-06-17
684242,2023-06-24,Male,21,Paris,France,"Paid Search",Mobile,New,19,1020.77,2024-07-05
684739,2022-08-01,Female,39,Rome,Italy,Email,Tablet,VIP,3,7014.94,2023-08-24
684954,2022-10-12,,58,Paris,France,"Social Media",Desktop,VIP,10,7255.8,2023-02-05
685782,2023-05-09,Female,29,Toronto,Canada,Email,Desktop,New,24,6063.14,2024-05-09
686184,2021-01-23,Female,29,Paris,France,Referral,Desktop,"At Risk",22,9826.95,2022-05-15
686546,2022-03-05,Female,80,Rome,Italy,Email,Desktop,"At Risk",10,7263.47,2022-03-12
686691,2023-11-12,Male,58,Berlin,Germany,Referral,Mobile,New,10,9470.19,2023-11-16
687163,2021-11-05,Female,72,Madrid,Spain,"Organic Search",Desktop,VIP,13,3025.57,2022-04-20
687472,2024-01-02,"Prefer not to say",78,"New York",USA,Referral,Desktop,VIP,25,4619.96,2025-01-03
687629,2023-01-23,Female,46,Paris,France,"Paid Search",Desktop,VIP,11,7067.06,2023-02-24
687954,2022-07-28,Male,32,Berlin,Germany,"Organic Search",Desktop,Loyal,3,4248.73,2023-08-04
688093,2023-03-02,Non-binary,31,Madrid,Spain,"Paid Search",Desktop,Loyal,13,4228.18,2023-06-03
688297,2022-05-10,"Prefer not to say",49,Istanbul,Türkiye,Direct,Tablet,Returning,8,6346.46,2023-03-20
688626,2022-11-17,Female,74,London,UK,Referral,Tablet,"At Risk",6,8523.9,2022-11-26
688948,2025-09-26,Male,21,London,UK,"Paid Search",Tablet,New,18,6818.68,2026-10-19
689209,2021-04-25,Female,55,Madrid,Spain,"Organic Search",Tablet,Returning,15,2901.04,2021-11-26
689673,2023-05-10,,87,Paris,France,"Social Media",Desktop,Loyal,21,1648.16,2024-07-20
689872,2024-03-30,Female,53,Berlin,Germany,Referral,Desktop,New,15,1953.02,2025-01-14
690047,2023-12-30,Male,73,Rome,Italy,"Paid Search",Tablet,VIP,10,7184.96,2025-05-10
690112,2024-11-23,Non-binary,48,London,UK,"Paid Search",Tablet,Loyal,9,1784.12,2025-03-04
690424,2021-08-18,Male,28,Istanbul,Türkiye,"Organic Search",Mobile,VIP,5,6380.69,2022-12-17
690621,2021-01-10,Male,68,Madrid,Spain,Direct,Tablet,VIP,22,165.88,2021-09-30
690705,2023-12-01,Male,36,Paris,France,"Paid Search",Tablet,VIP,7,8456.26,2024-12-20
690816,2024-02-23,Male,60,Madrid,Spain,Direct,Mobile,VIP,14,3382.41,2025-04-25
690992,2023-09-13,,38,Madrid,Spain,Direct,Desktop,"At Risk",2,1872.66,2024-07-25
691472,2025-03-16,Female,65,"New York",USA,Email,Tablet,Loyal,22,3929.59,2026-03-22
691858,2021-04-04,Female,27,Toronto,Canada,Direct,Mobile,Returning,18,2663.97,2021-11-25
691865,2023-10-22,Female,34,Berlin,Germany,"Social Media",Desktop,New,1,709.85,2025-02-04
692177,2021-12-24,Female,40,Toronto,Canada,"Social Media",Desktop,New,22,3958.79,2022-04-12
692383,2022-02-22,,39,Madrid,Spain,"Paid Search",Desktop,"At Risk",1,6046.55,2022-10-28
692901,2022-10-26,Non-binary,71,Istanbul,Türkiye,Email,Desktop,Returning,23,5150.09,2023-02-08
692936,2022-09-29,Male,36,Berlin,Germany,"Social Media",Mobile,New,0,0,NULL
693398,2023-08-01,Female,49,Madrid,Spain,"Paid Search",Mobile,New,1,6372.91,2024-09-13
693458,2024-04-02,Male,61,Istanbul,Türkiye,"Paid Search",Mobile,Returning,3,2071.73,2025-02-13
694410,2025-09-20,Female,29,Rome,Italy,Email,Mobile,"At Risk",12,8316.84,2026-01-27
694555,2025-07-29,,79,Rome,Italy,"Organic Search",Mobile,VIP,10,5306.5,2026-08-14
695145,2023-10-27,Male,72,Istanbul,Türkiye,Direct,Desktop,Returning,1,3752.88,2023-12-02
695826,2023-05-27,Male,46,Paris,France,Email,Mobile,Returning,12,697.62,2023-11-28
696853,2021-08-22,Male,73,Madrid,Spain,Direct,Tablet,Loyal,14,3656.39,2021-12-22
696963,2021-03-16,Male,82,London,UK,"Organic Search",Mobile,"At Risk",25,9453.09,2022-03-09
697182,2025-10-03,"Prefer not to say",23,Berlin,Germany,Referral,Desktop,Returning,14,7190.02,2026-03-23
697687,2021-12-26,Non-binary,88,Paris,France,"Organic Search",Mobile,"At Risk",0,0,NULL
697982,2025-11-27,"Prefer not to say",67,Rome,Italy,Direct,Desktop,Returning,18,5669.7,2026-08-12
698259,2021-06-02,Male,51,Paris,France,"Social Media",Tablet,Returning,4,6501.98,2022-08-09
698321,2021-08-03,Male,77,Madrid,Spain,Referral,Mobile,New,10,4795.29,2022-02-09
698507,2022-10-13,Female,38,Toronto,Canada,Email,Tablet,Returning,9,7847.51,2024-02-18
698963,2022-10-09,Female,27,Rome,Italy,Referral,Desktop,"At Risk",4,1067.04,2023-02-10
698980,2024-11-05,Male,74,Istanbul,Türkiye,"Paid Search",Desktop,VIP,22,4405.61,2025-11-04
699172,2023-05-27,Non-binary,54,"New York",USA,Email,Desktop,VIP,1,3907.93,2023-06-24
699186,2024-04-26,"Prefer not to say",75,Istanbul,Türkiye,"Paid Search",Tablet,Loyal,12,6010.58,2024-10-12
699752,2021-08-31,Female,51,"New York",USA,"Social Media",Mobile,New,17,924.58,2022-02-03
700247,2022-11-18,"Prefer not to say",68,Istanbul,Türkiye,"Paid Search",Tablet,Returning,11,6852.66,2023-11-13
700391,2022-06-13,Male,46,Madrid,Spain,Direct,Desktop,Returning,20,2924.23,2022-07-15
700949,2024-10-26,Non-binary,80,Istanbul,Türkiye,Direct,Desktop,Returning,0,0,NULL
701235,2022-10-19,"Prefer not to say",82,Rome,Italy,"Social Media",Desktop,"At Risk",19,5228.58,2022-11-14
701642,2022-10-03,Female,61,Berlin,Germany,"Organic Search",Mobile,VIP,22,9156.67,2023-03-30
701656,2023-09-30,"Prefer not to say",59,Toronto,Canada,"Organic Search",Desktop,Loyal,13,6988.44,2024-07-21
701689,2021-02-14,,54,Berlin,Germany,"Organic Search",Mobile,VIP,2,2252.73,2021-11-24
701891,2024-03-01,,59,"New York",USA,"Organic Search",Desktop,VIP,21,1762.73,2025-06-30
701927,2022-06-16,Male,42,Paris,France,"Organic Search",Mobile,New,15,9581.16,2022-08-14
702256,2023-07-21,Female,61,Istanbul,Türkiye,Direct,Mobile,Returning,7,8282.26,2023-12-03
702832,2024-11-14,Non-binary,49,Paris,France,"Social Media",Tablet,New,5,4720.83,2025-09-08
703564,2024-12-26,"Prefer not to say",65,Paris,France,Direct,Mobile,Loyal,11,6998.31,2025-02-07
703611,2022-05-30,Non-binary,57,"New York",USA,"Paid Search",Desktop,"At Risk",12,1365.97,2022-09-04
703671,2022-08-02,Non-binary,44,Istanbul,Türkiye,Referral,Mobile,Loyal,5,3321.73,2022-09-14
703818,2021-07-10,Female,53,Berlin,Germany,Email,Mobile,Returning,9,5112.35,2021-11-19
704655,2022-08-23,Female,27,Paris,France,Email,Desktop,Loyal,23,2537.93,2023-12-28
705670,2021-01-06,Female,69,Madrid,Spain,Email,Mobile,"At Risk",9,3657.11,2021-02-01
705861,2021-02-19,,75,Istanbul,Türkiye,Referral,Desktop,VIP,3,3744.83,2021-08-25
706039,2023-04-29,,86,Berlin,Germany,"Social Media",Desktop,Loyal,6,8737.26,2023-10-02
706261,2023-06-28,Male,52,"New York",USA,Email,Tablet,New,18,6116.75,2024-03-15
706371,2025-06-08,"Prefer not to say",50,"New York",USA,Referral,Mobile,New,15,9086.38,2026-05-05
706442,2022-10-18,Female,20,Madrid,Spain,Email,Desktop,New,12,746.4,2022-10-22
707091,2024-11-08,Male,42,Istanbul,Türkiye,Email,Desktop,New,9,3201.5,2025-12-07
707110,2025-04-19,Female,19,Istanbul,Türkiye,"Social Media",Desktop,Returning,0,0,NULL
707132,2021-08-29,"Prefer not to say",76,Istanbul,Türkiye,"Organic Search",Desktop,Returning,2,3052.95,2021-12-01
707212,2024-07-31,"Prefer not to say",67,London,UK,"Organic Search",Mobile,Returning,12,2371.6,2025-03-15
707279,2024-09-18,Male,45,Toronto,Canada,"Organic Search",Desktop,"At Risk",3,6628.01,2026-01-12
707422,2023-01-01,Male,54,"New York",USA,Direct,Mobile,VIP,9,9542.29,2023-05-18
707488,2021-11-05,,19,"New York",USA,"Paid Search",Mobile,Returning,8,4573.79,2022-10-03
708103,2022-12-31,Male,75,Berlin,Germany,Direct,Tablet,VIP,20,8325.33,2023-07-04
708129,2023-04-12,Male,49,Madrid,Spain,"Paid Search",Mobile,New,6,4306.45,2023-07-11
708248,2022-10-17,Male,87,Madrid,Spain,Direct,Mobile,Returning,19,2111.01,2023-05-07
708387,2022-04-27,Female,87,Paris,France,Referral,Desktop,"At Risk",17,4093.58,2022-09-24
708440,2024-03-27,Male,33,London,UK,Referral,Desktop,"At Risk",6,3221.99,2024-10-12
708747,2025-03-13,Female,22,Rome,Italy,"Organic Search",Desktop,New,10,7813.39,2025-12-27
709036,2022-01-29,Non-binary,43,Istanbul,Türkiye,"Social Media",Desktop,New,7,3337.54,2022-08-15
709285,2021-04-09,Female,74,Rome,Italy,"Organic Search",Desktop,VIP,25,9573.36,2021-12-12
709496,2025-01-02,Male,81,Istanbul,Türkiye,"Paid Search",Desktop,VIP,1,838.65,2025-02-05
709603,2023-05-12,Non-binary,29,Rome,Italy,"Paid Search",Mobile,New,2,4690.88,2024-08-20
709676,2022-11-01,Male,67,Toronto,Canada,Referral,Desktop,"At Risk",12,2171.5,2022-11-10
709967,2021-03-04,Non-binary,70,Rome,Italy,"Paid Search",Mobile,Returning,13,8762.73,2022-06-17
709991,2024-01-22,Non-binary,78,Toronto,Canada,Email,Tablet,VIP,9,1080,2024-11-14
710477,2022-08-31,Female,65,Istanbul,Türkiye,"Paid Search",Desktop,"At Risk",4,8506.55,2022-10-06
711033,2022-11-05,Female,56,Berlin,Germany,Email,Tablet,VIP,11,2192.81,2023-11-12
711090,2023-03-07,"Prefer not to say",87,Istanbul,Türkiye,"Organic Search",Tablet,Loyal,24,9834.06,2023-09-28
711658,2021-11-01,Male,36,Toronto,Canada,"Paid Search",Desktop,Loyal,11,1714.39,2022-12-11
711961,2022-07-07,Female,43,Istanbul,Türkiye,Referral,Mobile,New,0,0,NULL
712515,2021-08-11,Non-binary,40,London,UK,"Organic Search",Desktop,New,0,0,NULL
712817,2024-09-28,Female,81,Madrid,Spain,"Paid Search",Tablet,New,20,9887.68,2025-05-20
712851,2022-02-22,Female,24,Madrid,Spain,"Social Media",Desktop,New,0,0,NULL
712995,2022-08-20,Non-binary,46,Toronto,Canada,"Social Media",Desktop,"At Risk",19,3307.78,2023-02-05
713786,2021-04-15,"Prefer not to say",45,Madrid,Spain,Referral,Desktop,"At Risk",25,101.1,2022-08-15
714190,2024-10-31,Non-binary,25,"New York",USA,Direct,Mobile,VIP,24,8104.16,2025-02-28
714524,2022-02-13,Female,45,Toronto,Canada,Email,Desktop,VIP,2,7105.18,2023-04-09
714746,2025-03-30,Female,68,"New York",USA,"Social Media",Desktop,Returning,22,3305.92,2025-08-20
714989,2023-08-15,Non-binary,61,Berlin,Germany,Referral,Desktop,"At Risk",15,6079.87,2023-09-28
715224,2022-09-26,Male,65,London,UK,Direct,Desktop,Loyal,8,9803.77,2023-03-21
715296,2022-08-05,Male,88,London,UK,Referral,Desktop,Loyal,5,2985,2023-10-30
715924,2024-12-23,Male,86,Toronto,Canada,Referral,Desktop,New,21,1180.13,2025-08-11
715941,2024-05-16,"Prefer not to say",20,Rome,Italy,"Paid Search",Mobile,Loyal,12,3704.83,2025-03-13
715977,2022-02-20,Female,19,Madrid,Spain,Email,Mobile,New,19,8626.06,2022-07-09
716122,2024-04-12,Non-binary,57,Istanbul,Türkiye,"Social Media",Tablet,VIP,24,1727.89,2024-09-16
716484,2024-11-22,Female,81,Rome,Italy,Direct,Desktop,VIP,6,4585.16,2025-11-07
716933,2022-09-06,Non-binary,82,Istanbul,Türkiye,Direct,Desktop,"At Risk",20,2392.67,2022-11-15
717278,2025-03-25,Female,84,Rome,Italy,Direct,Mobile,Loyal,13,9729.48,2026-01-07
717613,2024-07-29,Male,75,Rome,Italy,"Organic Search",Mobile,Returning,3,5245.32,2024-12-24
717806,2023-03-24,Female,58,London,UK,Referral,Desktop,Loyal,18,9266.62,2023-06-25
717959,2022-06-22,Male,77,Istanbul,Türkiye,"Social Media",Desktop,Returning,0,0,NULL
718177,2025-08-23,Non-binary,39,Istanbul,Türkiye,Email,Mobile,New,24,9333.75,2025-11-23
718216,2022-01-12,Female,40,Istanbul,Türkiye,"Paid Search",Desktop,Returning,12,4459.69,2022-08-02
718224,2024-08-21,Non-binary,38,Berlin,Germany,"Social Media",Desktop,Loyal,9,9203.04,2025-10-08
719036,2025-06-22,Non-binary,25,Berlin,Germany,Email,Desktop,Returning,25,4209.92,2026-08-25
719179,2025-03-24,Non-binary,79,London,UK,"Social Media",Mobile,VIP,6,5542.91,2026-06-11
719272,2023-06-22,Male,87,Berlin,Germany,"Social Media",Mobile,Loyal,3,3333.8,2024-01-11
719326,2023-05-28,"Prefer not to say",68,Madrid,Spain,"Paid Search",Tablet,New,17,738.69,2024-07-25
719714,2022-02-20,Non-binary,69,Madrid,Spain,Referral,Desktop,VIP,5,4183.19,2022-11-04
719869,2025-10-07,"Prefer not to say",60,Istanbul,Türkiye,"Organic Search",Mobile,VIP,13,4663.83,2026-03-19
720137,2022-06-20,Male,55,Toronto,Canada,Direct,Desktop,New,6,1768.01,2022-10-24
721380,2021-04-07,Male,31,Berlin,Germany,"Organic Search",Desktop,Loyal,17,4260.52,2021-10-03
721998,2024-12-12,Male,86,Istanbul,Türkiye,Direct,Desktop,Returning,6,9098.47,2026-01-15
722378,2024-03-12,Female,63,Berlin,Germany,Referral,Mobile,New,14,1103.82,2024-04-18
722454,2021-01-02,Male,55,London,UK,"Organic Search",Tablet,Returning,12,9141.68,2021-09-23
723189,2022-07-23,Non-binary,39,Berlin,Germany,Email,Desktop,New,18,1017.23,2022-12-09
723460,2023-04-24,Male,25,Rome,Italy,Direct,Desktop,"At Risk",8,2021.72,2023-09-14
723867,2022-02-25,Non-binary,87,Istanbul,Türkiye,"Organic Search",Mobile,Loyal,18,774.48,2023-04-14
724235,2024-02-11,Female,74,Berlin,Germany,Direct,Desktop,VIP,17,7431.85,2024-08-21
724912,2023-10-30,,64,"New York",USA,Email,Tablet,Loyal,3,6796.92,2025-01-10
725085,2024-07-17,Male,86,Rome,Italy,"Social Media",Mobile,Returning,5,9788.34,2024-10-08
725549,2024-06-10,Non-binary,28,Berlin,Germany,"Organic Search",Mobile,Returning,11,8522.27,2025-08-15
725899,2025-01-10,Female,81,"New York",USA,Direct,Tablet,New,25,2947.91,2025-09-20
725915,2025-10-22,"Prefer not to say",54,London,UK,Referral,Tablet,"At Risk",11,67.54,2026-05-01
726538,2025-05-04,Male,66,Rome,Italy,Direct,Tablet,"At Risk",14,1907.24,2026-04-01
727130,2021-04-22,Non-binary,72,Istanbul,Türkiye,Email,Mobile,Loyal,1,437.35,2021-12-13
727220,2024-04-30,Male,28,Madrid,Spain,"Organic Search",Tablet,New,10,4893.46,2025-07-20
727322,2025-07-12,Female,68,"New York",USA,Referral,Mobile,VIP,12,8969.95,2025-08-11
727566,2022-04-23,Non-binary,47,Rome,Italy,"Organic Search",Mobile,New,6,8034.64,2023-08-01
727634,2022-05-27,Male,64,Istanbul,Türkiye,"Paid Search",Desktop,"At Risk",17,3924.93,2023-10-09
728104,2025-11-16,Non-binary,40,Paris,France,"Organic Search",Mobile,Returning,18,6611.37,2026-08-27
728993,2023-05-04,,68,Toronto,Canada,"Social Media",Mobile,Loyal,7,2055.03,2023-08-22
729111,2022-10-28,Female,54,Rome,Italy,Email,Desktop,"At Risk",7,1989.97,2023-07-02
729241,2025-06-04,Female,80,Madrid,Spain,"Paid Search",Mobile,Returning,13,1300.16,2026-01-28
729364,2022-04-11,"Prefer not to say",60,London,UK,Referral,Mobile,Returning,7,3528.86,2022-11-29
729857,2024-09-28,,34,Paris,France,"Paid Search",Tablet,Returning,24,4156.57,2025-02-02
730018,2023-03-12,,28,"New York",USA,Referral,Mobile,Returning,10,771.71,2024-04-24
730199,2024-02-28,Female,27,Istanbul,Türkiye,"Social Media",Tablet,VIP,19,5416.45,2024-04-17
730339,2023-02-08,,38,London,UK,"Organic Search",Tablet,"At Risk",2,3563.69,2023-11-19
730662,2025-06-29,Female,26,Rome,Italy,Referral,Mobile,VIP,20,7047.39,2026-04-13
731130,2021-02-22,"Prefer not to say",24,Rome,Italy,"Paid Search",Mobile,Returning,5,9951.98,2022-06-10
732049,2022-11-02,"Prefer not to say",49,Toronto,Canada,"Organic Search",Desktop,VIP,4,1268.23,2023-01-19
733008,2022-05-31,Female,41,Rome,Italy,"Social Media",Desktop,New,0,0,NULL
733049,2021-10-17,Female,57,Berlin,Germany,Referral,Desktop,New,5,8912.3,2023-02-26
733089,2025-05-12,Male,35,Rome,Italy,"Organic Search",Mobile,Loyal,3,3989.32,2026-02-20
733321,2023-11-22,Male,45,Berlin,Germany,Email,Mobile,Returning,8,9463.88,2024-12-07
733974,2022-01-20,Female,21,Paris,France,"Organic Search",Tablet,Returning,21,8941.99,2022-05-23
734382,2021-10-24,Female,31,"New York",USA,"Paid Search",Mobile,Loyal,7,5505.15,2022-07-25
734758,2024-12-17,"Prefer not to say",74,Istanbul,Türkiye,"Organic Search",Desktop,VIP,1,4224.12,2026-04-07
734873,2021-07-05,Female,65,London,UK,Direct,Tablet,VIP,17,3113.6,2022-09-16
735046,2021-02-05,,73,Berlin,Germany,Email,Mobile,Returning,11,3298.38,2021-06-01
735047,2025-06-07,Female,48,"New York",USA,Referral,Mobile,VIP,4,5539.81,2025-10-29
735068,2021-06-17,Female,55,Istanbul,Türkiye,"Social Media",Mobile,"At Risk",14,3873.62,2021-10-01
735156,2025-11-12,Non-binary,33,Rome,Italy,Email,Desktop,New,15,2306.08,2026-11-27
735205,2024-05-30,Male,58,Madrid,Spain,"Social Media",Mobile,"At Risk",19,8218.43,2024-09-29
735547,2023-02-22,Female,34,Rome,Italy,Email,Mobile,New,12,1480.32,2024-03-15
735553,2023-05-06,Male,79,London,UK,Referral,Desktop,Returning,11,7227.87,2024-01-10
735605,2025-02-11,"Prefer not to say",42,London,UK,Email,Desktop,Returning,17,3268.72,2025-10-21
735709,2022-03-09,Male,51,London,UK,Referral,Mobile,VIP,13,8034.95,2022-03-19
736644,2022-03-27,Female,68,Madrid,Spain,Email,Tablet,Returning,15,4014.03,2022-07-09
736886,2021-03-02,,66,Paris,France,Email,Mobile,VIP,19,6661.13,2021-03-29
736943,2021-06-08,Male,67,Rome,Italy,Direct,Mobile,"At Risk",9,479.83,2022-02-03
736944,2023-02-04,,65,Rome,Italy,"Paid Search",Desktop,VIP,2,4429.78,2023-03-02
737385,2023-10-27,Female,63,Madrid,Spain,Referral,Tablet,VIP,19,7093.13,2024-12-11
737477,2025-11-18,Female,87,Paris,France,"Social Media",Mobile,Returning,23,3925.86,2027-03-08
738412,2023-03-07,"Prefer not to say",44,Istanbul,Türkiye,Referral,Desktop,VIP,21,342.05,2024-01-13
738524,2022-03-20,Female,52,Rome,Italy,Direct,Tablet,"At Risk",24,1510.35,2022-06-10
738562,2023-10-25,Male,87,Berlin,Germany,Direct,Desktop,Returning,0,0,NULL
739259,2024-10-02,Female,73,Istanbul,Türkiye,"Paid Search",Mobile,VIP,16,964.44,2025-11-27
739281,2023-10-19,"Prefer not to say",23,Madrid,Spain,"Organic Search",Tablet,Returning,23,1345.81,2023-10-22
739579,2024-12-03,Male,70,Rome,Italy,"Social Media",Desktop,Returning,19,9231.41,2025-07-14
740052,2021-12-17,Non-binary,24,"New York",USA,"Paid Search",Desktop,Loyal,9,6854.68,2022-08-11
740270,2022-11-01,Non-binary,29,Berlin,Germany,"Organic Search",Mobile,Returning,1,6201.23,2023-10-20
740326,2021-01-03,Female,42,Madrid,Spain,"Organic Search",Mobile,New,0,0,NULL
740980,2025-03-14,"Prefer not to say",51,"New York",USA,Referral,Desktop,New,14,8095.75,2025-08-28
741090,2021-06-22,Non-binary,34,Paris,France,Direct,Desktop,Loyal,25,3497.36,2022-06-03
741223,2024-02-25,Female,35,Rome,Italy,Email,Tablet,VIP,11,2388.03,2025-05-08
741589,2024-07-15,Non-binary,56,London,UK,"Social Media",Mobile,"At Risk",24,9498.07,2025-09-14
741615,2023-09-24,Non-binary,74,"New York",USA,"Paid Search",Tablet,VIP,3,7024.55,2024-07-13
741863,2023-03-24,Female,29,Paris,France,Email,Mobile,Loyal,24,7150.33,2024-01-26
742195,2025-08-04,Male,39,Berlin,Germany,Referral,Mobile,Loyal,21,5410.08,2026-02-10
742202,2025-04-26,Female,66,Toronto,Canada,"Organic Search",Desktop,Returning,21,2514.81,2026-07-13
742964,2022-12-10,,73,Toronto,Canada,"Social Media",Desktop,Loyal,17,7467.22,2022-12-20
743031,2022-11-25,Female,31,"New York",USA,"Paid Search",Mobile,Loyal,5,5479.58,2023-02-24
743387,2023-11-29,Male,35,"New York",USA,"Paid Search",Tablet,New,16,824.2,2024-09-02
743443,2025-02-14,Female,31,Berlin,Germany,"Social Media",Desktop,Loyal,13,3099.98,2025-02-19
743472,2025-05-17,"Prefer not to say",41,London,UK,Referral,Tablet,"At Risk",16,2527.07,2025-11-11
743486,2021-09-20,,66,London,UK,Referral,Mobile,New,0,0,NULL
744345,2025-04-23,Female,48,London,UK,"Social Media",Mobile,"At Risk",16,195,2025-12-16
744675,2024-07-06,Female,44,Madrid,Spain,Referral,Desktop,Loyal,13,4901.8,2025-07-05
745068,2024-04-13,"Prefer not to say",35,Berlin,Germany,Direct,Desktop,Returning,18,4022.47,2025-06-11
745069,2021-07-12,Non-binary,80,London,UK,"Paid Search",Mobile,"At Risk",2,4341.52,2022-07-28
745266,2024-02-27,"Prefer not to say",68,Rome,Italy,"Social Media",Desktop,New,25,1107.65,2024-04-23
745759,2022-11-03,Female,40,Madrid,Spain,"Organic Search",Desktop,New,16,7766.69,2023-04-14
746869,2024-08-23,Female,39,London,UK,Email,Desktop,New,5,6355.94,2024-12-14
746921,2024-04-07,"Prefer not to say",87,Paris,France,"Social Media",Mobile,New,4,2429.97,2024-11-09
747526,2024-10-03,Male,19,Berlin,Germany,Direct,Tablet,Returning,22,8250.02,2025-10-08
747817,2022-02-07,,87,Toronto,Canada,"Paid Search",Desktop,New,19,8462.78,2022-08-25
748397,2023-04-29,Female,18,"New York",USA,Email,Desktop,New,5,2791.02,2024-01-14
748467,2025-09-08,Male,64,Toronto,Canada,Email,Tablet,"At Risk",10,3969.5,2026-09-21
748672,2022-10-30,Male,78,Paris,France,Direct,Tablet,New,0,0,NULL
749116,2021-07-20,Female,48,Madrid,Spain,Email,Desktop,"At Risk",24,9458.75,2022-11-01
749807,2021-06-13,Female,34,"New York",USA,Referral,Desktop,Returning,14,6073.96,2022-07-27
749872,2021-12-02,Male,46,Paris,France,"Paid Search",Mobile,"At Risk",0,0,NULL
750152,2021-03-12,Female,38,Berlin,Germany,"Paid Search",Tablet,VIP,7,6649.43,2022-07-13
750785,2023-04-05,Male,68,Istanbul,Türkiye,Referral,Tablet,Returning,25,7213.44,2023-06-29
751820,2025-03-20,"Prefer not to say",43,Istanbul,Türkiye,Email,Mobile,Loyal,19,8155.83,2025-07-05
751996,2022-11-17,Non-binary,55,"New York",USA,Direct,Desktop,VIP,23,1134.75,2024-03-06
752082,2025-08-06,Female,21,"New York",USA,"Paid Search",Desktop,Loyal,16,3133.61,2026-12-12
752256,2023-11-18,"Prefer not to say",47,London,UK,Referral,Tablet,Loyal,1,5339.15,2025-02-06
752288,2021-09-15,Female,46,Madrid,Spain,"Social Media",Mobile,Returning,4,984.04,2022-10-15
752636,2025-04-07,Female,24,Madrid,Spain,"Social Media",Mobile,Returning,14,336.29,2026-03-30
752688,2024-06-12,Non-binary,72,Toronto,Canada,Direct,Mobile,Returning,4,3044.21,2024-12-15
752788,2021-06-24,Female,70,Madrid,Spain,Referral,Desktop,Loyal,9,9706.69,2021-09-23
753223,2025-10-06,,47,Istanbul,Türkiye,Direct,Mobile,Returning,22,4761.84,2026-03-20
753323,2021-04-06,,37,"New York",USA,Referral,Desktop,Loyal,18,6405.34,2022-07-06
753776,2024-12-15,Male,66,London,UK,"Social Media",Desktop,New,7,8593.09,2025-06-28
753816,2025-01-16,Female,75,London,UK,"Social Media",Desktop,VIP,20,360.98,2025-08-23
753846,2024-10-13,Male,60,Toronto,Canada,Direct,Desktop,New,25,8334.25,2025-02-01
755152,2022-05-31,"Prefer not to say",65,Rome,Italy,"Social Media",Desktop,"At Risk",20,725.56,2022-11-15
755784,2022-03-16,Non-binary,42,London,UK,"Organic Search",Mobile,VIP,15,1867.74,2023-06-11
755833,2025-11-28,Female,47,Madrid,Spain,Email,Tablet,Returning,10,7628.84,2026-08-12
756018,2023-12-15,Male,36,London,UK,Referral,Desktop,"At Risk",8,9738.84,2024-11-30
756044,2022-12-07,Non-binary,50,"New York",USA,Direct,Desktop,New,14,6700.32,2023-07-21
756171,2024-09-24,Female,24,Berlin,Germany,"Social Media",Mobile,New,13,8768.1,2025-05-23
756230,2021-02-20,"Prefer not to say",68,"New York",USA,Referral,Mobile,Returning,6,8333.23,2021-12-02
756289,2022-01-25,"Prefer not to say",76,Istanbul,Türkiye,Referral,Desktop,Loyal,11,9717.94,2023-03-03
756308,2022-01-29,Female,74,Madrid,Spain,"Organic Search",Mobile,Loyal,14,9560.23,2022-07-02
758009,2024-09-01,,85,"New York",USA,Direct,Desktop,New,13,5231.82,2025-09-07
758976,2024-09-13,Male,85,Berlin,Germany,Referral,Desktop,Loyal,7,4703.39,2024-11-11
759754,2024-02-20,Female,39,Toronto,Canada,Email,Desktop,Loyal,10,5077.84,2024-03-07
759829,2021-12-25,"Prefer not to say",70,Rome,Italy,"Social Media",Desktop,VIP,17,6495.89,2022-03-15
759924,2024-10-23,Female,39,London,UK,"Organic Search",Mobile,"At Risk",16,3064.99,2024-11-14
760005,2023-07-01,Female,31,Rome,Italy,"Social Media",Desktop,"At Risk",18,6586,2024-07-09
760262,2024-08-14,,88,London,UK,"Paid Search",Desktop,New,0,0,NULL
760340,2025-08-13,Female,86,Istanbul,Türkiye,Email,Tablet,"At Risk",11,9203.04,2026-06-19
760566,2021-05-20,,81,Berlin,Germany,Referral,Tablet,Loyal,24,3599.29,2022-08-18
760630,2023-02-11,Non-binary,80,Madrid,Spain,"Organic Search",Desktop,New,22,2272.3,2024-01-05
761374,2021-06-16,Female,80,Berlin,Germany,"Organic Search",Mobile,New,10,2525.52,2022-10-29
761412,2022-05-19,Male,64,Istanbul,Türkiye,"Paid Search",Mobile,VIP,23,4082,2023-07-18
761596,2023-12-01,Female,28,Toronto,Canada,Email,Tablet,Returning,25,4616.08,2025-01-03
761717,2021-09-17,,27,Rome,Italy,"Paid Search",Tablet,New,20,5454.93,2021-12-14
762283,2021-10-04,Male,30,Rome,Italy,Direct,Tablet,New,20,6779.51,2022-07-13
762847,2023-01-05,Male,49,"New York",USA,"Social Media",Desktop,New,1,3527.12,2023-06-14
763464,2025-04-14,Male,81,"New York",USA,Email,Desktop,VIP,14,7939.41,2026-03-10
764197,2022-04-09,Non-binary,20,Berlin,Germany,"Paid Search",Desktop,VIP,6,1844.21,2022-07-06
764443,2021-12-14,Male,44,Madrid,Spain,"Social Media",Mobile,Returning,17,1133.21,2022-04-06
764516,2021-12-25,Female,72,London,UK,Referral,Mobile,"At Risk",17,100.74,2023-03-13
764585,2021-05-16,Male,73,Toronto,Canada,"Organic Search",Desktop,VIP,5,6454.74,2022-09-17
765169,2021-10-22,,59,Istanbul,Türkiye,"Social Media",Desktop,VIP,17,1117.61,2021-12-11
765773,2025-04-07,Non-binary,74,Berlin,Germany,"Social Media",Desktop,Returning,3,3398.88,2025-11-05
766121,2022-10-27,Male,33,Berlin,Germany,Email,Tablet,"At Risk",23,837.93,2023-04-23
766234,2022-01-11,,24,Rome,Italy,"Paid Search",Mobile,"At Risk",11,3533.65,2022-02-06
766246,2023-10-06,Female,25,"New York",USA,"Social Media",Desktop,Returning,16,707.68,2025-02-14
766265,2021-11-27,Non-binary,77,Paris,France,"Paid Search",Desktop,VIP,6,2960.22,2022-12-22
766404,2021-12-03,Female,18,Toronto,Canada,Referral,Desktop,Returning,16,6826.81,2022-12-02
766483,2023-03-27,Male,77,Berlin,Germany,Direct,Tablet,VIP,21,7021.07,2023-10-07
766723,2025-10-30,Male,74,Toronto,Canada,"Social Media",Tablet,Returning,14,7491.04,2026-02-12
766865,2023-10-26,Female,76,Berlin,Germany,"Social Media",Mobile,Loyal,12,3282.82,2024-10-15
767420,2023-11-04,"Prefer not to say",20,Berlin,Germany,"Social Media",Mobile,VIP,24,2934.93,2024-03-30
767591,2022-04-14,,33,Paris,France,Referral,Desktop,VIP,10,7443.77,2022-06-02
767914,2022-07-24,Non-binary,74,Toronto,Canada,"Social Media",Mobile,Loyal,20,8438.55,2022-10-29
768071,2021-01-19,Female,66,Toronto,Canada,"Organic Search",Tablet,New,19,8951.01,2022-02-13
768429,2022-12-26,,67,Toronto,Canada,Email,Desktop,Loyal,18,1924.57,2023-06-02
768480,2021-10-13,Male,39,Istanbul,Türkiye,Direct,Tablet,Loyal,14,5907.14,2022-01-31
769387,2025-01-16,"Prefer not to say",27,Berlin,Germany,Direct,Mobile,"At Risk",16,9033.55,2025-06-18
769391,2022-11-24,Female,36,Rome,Italy,"Social Media",Desktop,New,3,7997.73,2023-10-06
769446,2025-11-18,Male,75,Paris,France,"Organic Search",Mobile,Returning,21,4613.77,2027-03-27
769729,2024-06-16,Male,44,Toronto,Canada,"Organic Search",Desktop,"At Risk",7,26.06,2025-07-15
769905,2023-07-22,Male,39,Madrid,Spain,"Social Media",Mobile,Returning,7,6772.11,2024-11-30
770156,2022-06-02,Male,40,London,UK,Email,Desktop,"At Risk",5,9953.17,2023-03-08
771234,2024-10-30,Female,81,Rome,Italy,Email,Desktop,"At Risk",19,3035.37,2024-12-15
771461,2022-07-02,Female,58,London,UK,Email,Mobile,Returning,21,5813.17,2022-08-16
771894,2023-02-16,"Prefer not to say",35,"New York",USA,"Organic Search",Desktop,"At Risk",24,5674.03,2024-02-27
772170,2025-11-08,Male,27,Istanbul,Türkiye,"Social Media",Desktop,New,5,968.79,2027-03-02
772252,2025-11-04,Female,22,Rome,Italy,Referral,Mobile,Returning,2,7091.12,2027-01-20
772339,2024-08-13,Female,87,Paris,France,Email,Mobile,New,16,4093.41,2024-12-13
772594,2021-11-20,Non-binary,24,Rome,Italy,"Social Media",Desktop,VIP,23,8244.07,2022-09-06
772769,2024-04-26,Female,82,"New York",USA,"Organic Search",Desktop,"At Risk",24,5939.21,2024-08-14
773130,2021-08-27,Non-binary,53,Berlin,Germany,Email,Mobile,New,0,0,NULL
773268,2022-09-16,Male,50,Paris,France,"Paid Search",Desktop,VIP,15,8253.85,2023-06-22
773494,2023-07-02,Female,59,Rome,Italy,Referral,Mobile,"At Risk",6,7700.87,2024-02-27
773966,2023-07-24,Male,79,Berlin,Germany,Direct,Desktop,"At Risk",0,0,NULL
774166,2021-01-05,Female,80,Istanbul,Türkiye,Referral,Tablet,Loyal,19,1465.43,2021-04-17
774484,2024-04-20,Male,82,Berlin,Germany,"Social Media",Desktop,Returning,12,8627.26,2024-11-23
774587,2022-05-01,Female,56,Berlin,Germany,"Social Media",Desktop,Returning,5,1901.78,2022-07-13
774723,2025-09-02,Non-binary,67,London,UK,"Social Media",Desktop,Returning,21,1216.2,2026-11-30
774759,2022-07-05,Female,79,Toronto,Canada,Email,Desktop,New,4,7060.26,2023-09-07
775165,2021-02-23,Male,86,Rome,Italy,Direct,Mobile,New,22,5415.68,2022-01-25
775336,2021-06-29,,21,Berlin,Germany,"Social Media",Desktop,New,19,2858.88,2022-02-23
775567,2021-11-26,"Prefer not to say",63,Berlin,Germany,"Organic Search",Desktop,"At Risk",20,7663.02,2022-02-08
776381,2023-07-08,Non-binary,21,Toronto,Canada,"Organic Search",Desktop,VIP,5,8415.74,2024-09-26
776398,2025-02-07,Male,46,Toronto,Canada,Email,Mobile,Returning,4,9088.62,2025-12-10
776633,2025-11-04,,27,Istanbul,Türkiye,"Social Media",Mobile,Loyal,24,9293.16,2027-01-20
776789,2021-08-13,"Prefer not to say",81,Madrid,Spain,"Paid Search",Desktop,"At Risk",24,7863.75,2022-05-07
777192,2022-03-06,Female,67,"New York",USA,"Paid Search",Mobile,Returning,25,6768.75,2022-08-22
777426,2025-04-23,Female,52,Berlin,Germany,Direct,Desktop,New,23,2821.48,2026-08-15
777467,2023-07-07,Female,58,Madrid,Spain,"Social Media",Desktop,"At Risk",6,4941.96,2024-02-22
777492,2024-09-13,Male,61,Berlin,Germany,Email,Mobile,VIP,7,9804.35,2025-10-18
777815,2023-03-09,Non-binary,88,Berlin,Germany,Direct,Mobile,Loyal,20,6702.57,2023-04-14
777840,2021-07-21,Male,55,Madrid,Spain,"Social Media",Desktop,New,0,0,NULL
778352,2024-02-24,"Prefer not to say",58,Madrid,Spain,"Social Media",Mobile,New,19,2765.49,2025-04-22
778592,2025-01-15,"Prefer not to say",87,Madrid,Spain,"Social Media",Mobile,New,22,3965.01,2025-09-07
779129,2025-04-15,,65,Rome,Italy,"Paid Search",Mobile,Returning,23,1137.82,2025-04-18
779689,2023-08-19,Male,45,Rome,Italy,Direct,Tablet,Loyal,14,6970.13,2024-11-28
780008,2021-06-18,,88,Toronto,Canada,Direct,Tablet,VIP,11,8821.81,2021-07-07
780258,2021-02-08,"Prefer not to say",57,Paris,France,Email,Mobile,Returning,25,4413.64,2022-05-13
780357,2025-10-20,Male,33,London,UK,Email,Mobile,VIP,7,1607.19,2026-09-09
780928,2023-04-05,Male,75,"New York",USA,"Organic Search",Desktop,"At Risk",14,5004.96,2024-03-17
781098,2024-04-05,Male,77,Rome,Italy,Referral,Mobile,"At Risk",6,1677.51,2024-09-15
781218,2021-09-29,,83,"New York",USA,"Paid Search",Tablet,"At Risk",13,4307.77,2022-02-03
782745,2022-04-24,Female,84,Paris,France,"Organic Search",Mobile,Loyal,23,3128.02,2022-04-27
783072,2021-07-19,Female,84,Berlin,Germany,Email,Tablet,Returning,19,4331.85,2021-11-05
783241,2025-06-20,Female,75,"New York",USA,Email,Tablet,Returning,25,6276.34,2025-12-13
783244,2021-04-11,Non-binary,28,Paris,France,"Organic Search",Mobile,Returning,19,3437.4,2022-05-17
783682,2025-06-28,,30,Madrid,Spain,Direct,Tablet,New,21,2566.48,2026-10-01
783724,2024-08-27,Female,50,Madrid,Spain,"Organic Search",Mobile,New,25,1929.79,2024-11-24
783832,2025-04-27,Female,46,Berlin,Germany,"Paid Search",Tablet,VIP,7,2290.39,2026-08-21
784092,2021-08-05,Male,24,Rome,Italy,"Organic Search",Tablet,New,14,5923.97,2022-01-12
784274,2024-02-23,"Prefer not to say",76,Toronto,Canada,"Social Media",Mobile,"At Risk",25,5677.5,2024-03-21
784790,2023-08-15,Female,50,Berlin,Germany,"Organic Search",Mobile,Returning,23,6971.45,2024-09-09
785147,2024-09-16,Non-binary,59,Madrid,Spain,"Organic Search",Mobile,Returning,23,4498.64,2026-01-28
785171,2021-07-28,Female,50,London,UK,Direct,Mobile,Returning,15,2122.17,2022-03-21
785303,2022-02-28,"Prefer not to say",22,Paris,France,Direct,Desktop,Returning,15,5083.77,2023-03-05
786210,2022-01-22,Male,81,Madrid,Spain,"Paid Search",Desktop,New,3,9958.95,2023-01-18
786672,2022-07-24,Male,88,"New York",USA,Referral,Tablet,New,25,8821.5,2023-09-24
788511,2021-02-24,Male,73,Paris,France,Referral,Mobile,New,11,7897.04,2022-01-16
788554,2023-07-28,Female,58,Madrid,Spain,Referral,Mobile,VIP,25,3861.76,2023-08-16
788750,2023-07-16,Female,43,Paris,France,"Paid Search",Mobile,VIP,16,7588.09,2023-07-20
789210,2024-11-02,"Prefer not to say",47,Paris,France,Referral,Mobile,Loyal,7,642.71,2024-12-20
789496,2024-12-24,Male,34,London,UK,"Paid Search",Desktop,VIP,18,8273.62,2025-08-12
790628,2024-01-24,Female,27,Istanbul,Türkiye,Referral,Mobile,Returning,2,2921.88,2024-05-30
790786,2025-03-13,Male,18,Istanbul,Türkiye,"Organic Search",Desktop,New,0,0,NULL
791003,2025-01-07,,50,Berlin,Germany,"Paid Search",Mobile,Returning,19,4318.29,2025-04-03
791177,2024-03-25,Male,21,Paris,France,"Organic Search",Tablet,VIP,5,184.34,2025-01-17
791236,2021-01-04,,82,Berlin,Germany,Email,Mobile,"At Risk",25,8328.37,2021-09-12
791763,2022-05-18,Male,41,Berlin,Germany,Referral,Mobile,Returning,12,6405.25,2022-10-08
791875,2023-11-03,Female,87,London,UK,Direct,Mobile,Returning,9,7443.05,2023-11-17
791960,2022-03-19,Non-binary,59,London,UK,"Social Media",Desktop,New,2,5727.84,2022-07-10
792514,2024-01-11,"Prefer not to say",71,Istanbul,Türkiye,"Paid Search",Mobile,Loyal,9,3014.16,2024-07-04
792594,2022-09-27,Female,19,"New York",USA,Direct,Tablet,Returning,4,6819.95,2022-09-29
792941,2025-10-10,Male,57,Paris,France,Direct,Mobile,Loyal,13,2115.43,2027-01-20
792954,2022-06-21,Non-binary,65,Istanbul,Türkiye,Direct,Mobile,Returning,3,6408.13,2023-09-15
793683,2021-09-19,Non-binary,29,Madrid,Spain,Referral,Tablet,Loyal,3,1783.03,2022-03-25
793771,2022-08-25,Male,48,Berlin,Germany,"Social Media",Mobile,VIP,19,9368.44,2023-03-31
793904,2023-02-11,Female,41,Toronto,Canada,Referral,Mobile,Returning,3,3278.28,2023-12-03
793983,2021-01-26,Male,73,Paris,France,Email,Mobile,New,13,1609.98,2021-11-13
794438,2022-10-18,Male,78,Madrid,Spain,"Paid Search",Desktop,New,21,5106.93,2023-02-13
794561,2023-04-16,Male,18,Madrid,Spain,Direct,Mobile,New,4,6545.59,2023-09-12
794580,2024-10-13,Male,50,Rome,Italy,Email,Mobile,"At Risk",18,2973.47,2025-01-07
794860,2025-02-25,Male,30,Paris,France,"Paid Search",Mobile,Loyal,9,6065.04,2025-04-04
795127,2022-11-07,,51,London,UK,"Organic Search",Mobile,VIP,6,1353.57,2023-01-21
795222,2021-09-19,Female,51,Berlin,Germany,"Paid Search",Mobile,Returning,8,36.95,2021-10-21
795259,2024-02-18,Male,63,Madrid,Spain,"Paid Search",Tablet,VIP,3,4063.01,2024-12-24
795392,2024-12-23,Female,40,London,UK,"Social Media",Desktop,"At Risk",2,79.39,2025-09-04
795843,2023-02-17,Female,88,London,UK,Referral,Mobile,"At Risk",14,1379.59,2023-06-17
796000,2024-07-04,Female,41,Paris,France,Referral,Mobile,Returning,14,3732.27,2025-03-24
796523,2024-07-18,Female,50,Berlin,Germany,Email,Mobile,"At Risk",14,4044.64,2025-07-19
796824,2024-09-07,Non-binary,56,Paris,France,"Organic Search",Desktop,New,11,7086.07,2025-04-17
797034,2021-10-24,Non-binary,68,London,UK,Referral,Desktop,Loyal,16,8793.15,2022-02-13
797058,2024-10-11,Male,74,Madrid,Spain,"Social Media",Desktop,Returning,22,5853.85,2025-03-11
797105,2025-09-15,Female,18,Rome,Italy,"Paid Search",Tablet,Returning,2,9651.53,2026-04-23
797562,2021-06-02,Male,86,Berlin,Germany,"Social Media",Mobile,New,0,0,NULL
798307,2022-03-10,Female,43,Istanbul,Türkiye,"Organic Search",Mobile,Returning,18,2454.14,2022-11-02
799273,2023-09-17,Non-binary,73,Rome,Italy,"Social Media",Desktop,VIP,21,828.87,2023-10-17
799632,2024-12-24,Female,75,Istanbul,Türkiye,"Organic Search",Desktop,Loyal,1,2742.5,2026-03-14
799711,2023-01-01,"Prefer not to say",24,Madrid,Spain,Email,Tablet,Returning,2,7374.34,2023-12-20
800216,2024-05-13,Female,23,Rome,Italy,Direct,Desktop,Returning,11,8260.31,2025-06-09
801184,2023-06-07,,30,Rome,Italy,"Organic Search",Desktop,Loyal,17,3016.19,2024-08-11
801330,2025-12-04,Male,62,London,UK,"Social Media",Desktop,New,2,3693.16,2026-04-01
801796,2021-12-29,Male,60,Istanbul,Türkiye,"Organic Search",Tablet,Returning,5,7106.58,2022-10-17
802206,2025-05-15,Male,33,London,UK,Email,Mobile,Loyal,10,6580.79,2025-06-27
802866,2021-08-07,,37,Madrid,Spain,"Social Media",Mobile,VIP,14,2663.88,2022-01-20
802977,2025-08-05,Non-binary,41,Paris,France,"Social Media",Desktop,Returning,12,3333.1,2026-03-21
803172,2023-05-20,"Prefer not to say",81,Toronto,Canada,"Social Media",Tablet,VIP,24,5431.83,2024-03-19
804099,2023-05-31,,31,Madrid,Spain,"Social Media",Mobile,Returning,4,2362.95,2024-04-14
804194,2023-02-12,,22,London,UK,"Organic Search",Tablet,Returning,1,1638.94,2023-04-17
804272,2023-04-21,Male,66,"New York",USA,Email,Mobile,New,4,4048.12,2023-12-08
804851,2023-09-28,Female,25,Istanbul,Türkiye,"Organic Search",Desktop,VIP,14,7518.81,2024-02-03
805100,2024-05-01,,31,Paris,France,"Organic Search",Mobile,VIP,4,4852.17,2024-07-15
805364,2021-12-27,Female,42,Madrid,Spain,"Organic Search",Desktop,VIP,20,3405.25,2023-03-12
805728,2025-10-25,Female,63,Istanbul,Türkiye,"Paid Search",Mobile,Returning,20,8781.94,2025-11-28
805810,2024-08-27,Female,60,Rome,Italy,"Organic Search",Mobile,New,22,1835.87,2024-12-17
806649,2022-03-09,,40,Berlin,Germany,"Organic Search",Mobile,"At Risk",3,6638.47,2022-05-11
806900,2022-05-14,"Prefer not to say",80,Paris,France,"Organic Search",Tablet,Returning,8,6406.5,2022-07-11
807217,2021-10-23,Female,81,"New York",USA,Direct,Mobile,"At Risk",8,5451.16,2022-07-03
807249,2024-09-14,"Prefer not to say",49,Toronto,Canada,Email,Tablet,Loyal,25,5671.91,2025-03-21
807686,2022-10-07,Female,32,Berlin,Germany,Email,Desktop,VIP,19,7257.58,2023-01-18
808052,2021-07-27,,34,London,UK,"Paid Search",Mobile,"At Risk",6,8000.76,2022-05-02
808418,2024-04-02,"Prefer not to say",53,Rome,Italy,Email,Mobile,"At Risk",18,5152.31,2024-04-06
808455,2025-10-05,Non-binary,77,London,UK,Referral,Tablet,VIP,16,2085.15,2027-02-11
809485,2022-06-04,,30,Rome,Italy,"Paid Search",Tablet,New,13,9772.77,2022-12-17
809673,2023-06-04,,24,Berlin,Germany,Direct,Desktop,VIP,2,9575.16,2023-12-10
809683,2025-03-09,Female,88,Toronto,Canada,"Social Media",Mobile,New,7,624.87,2026-06-14
809727,2023-09-17,,73,Istanbul,Türkiye,"Social Media",Desktop,"At Risk",3,1304.55,2023-10-21
810161,2025-07-23,"Prefer not to say",43,Madrid,Spain,Email,Desktop,New,0,0,NULL
810716,2024-07-31,Non-binary,43,Madrid,Spain,Email,Mobile,Returning,25,5418.75,2025-05-14
811057,2024-08-20,Male,23,Madrid,Spain,"Paid Search",Tablet,New,4,7874.63,2025-06-05
811118,2025-07-29,Male,64,Berlin,Germany,"Organic Search",Mobile,VIP,7,3780.27,2025-11-06
811509,2022-04-12,Female,87,Paris,France,"Organic Search",Desktop,"At Risk",24,6942.77,2023-07-31
811985,2024-05-15,"Prefer not to say",87,London,UK,Email,Desktop,New,4,2580.6,2024-07-28
812054,2022-04-05,Female,29,Toronto,Canada,Direct,Mobile,Loyal,15,2438.19,2022-04-13
812244,2022-01-07,Female,52,Berlin,Germany,"Paid Search",Mobile,New,12,2738.8,2022-03-21
812658,2025-01-01,,76,Rome,Italy,"Social Media",Tablet,Returning,21,5739.58,2025-11-06
813547,2021-11-25,,20,"New York",USA,Direct,Desktop,VIP,14,7022.12,2022-07-21
813755,2024-06-14,Female,43,"New York",USA,"Organic Search",Desktop,New,0,0,NULL
813964,2024-03-16,Non-binary,70,"New York",USA,"Paid Search",Mobile,Returning,3,5686.15,2024-12-28
814292,2025-06-17,Female,71,Madrid,Spain,Email,Mobile,VIP,16,2163.71,2026-09-07
814412,2023-07-12,Male,77,Madrid,Spain,"Organic Search",Mobile,Returning,23,2541.26,2023-12-13
814498,2024-01-09,,43,"New York",USA,Email,Desktop,Returning,9,7247.52,2024-01-28
814747,2021-03-06,Female,71,Paris,France,Email,Tablet,New,10,8198.13,2021-12-21
815086,2021-06-02,Female,64,Istanbul,Türkiye,Email,Tablet,"At Risk",23,5892.79,2021-06-16
815208,2022-09-29,Female,66,"New York",USA,"Paid Search",Desktop,Returning,2,6935.41,2023-12-29
815560,2023-12-09,Non-binary,46,Istanbul,Türkiye,Referral,Desktop,Loyal,8,5245.28,2025-03-15
815561,2025-10-27,Male,70,Rome,Italy,"Organic Search",Tablet,New,1,2472.38,2025-11-28
816491,2022-01-17,,29,Istanbul,Türkiye,Referral,Desktop,Loyal,5,2068.34,2023-04-06
816610,2025-11-08,Female,22,Rome,Italy,"Paid Search",Tablet,New,15,9948.49,2026-04-13
816730,2021-08-10,Non-binary,26,Paris,France,"Organic Search",Desktop,New,6,5575.71,2022-10-22
817639,2025-10-14,Male,29,Paris,France,"Organic Search",Tablet,New,13,8195.04,2026-09-17
817807,2022-02-21,Female,85,Paris,France,Direct,Desktop,VIP,3,9949.99,2023-01-20
817843,2021-02-20,Male,57,Berlin,Germany,"Paid Search",Desktop,VIP,5,4465.87,2021-06-01
818029,2021-01-05,Female,65,Toronto,Canada,"Social Media",Desktop,"At Risk",16,2970.09,2022-02-02
818308,2025-09-23,Male,46,Rome,Italy,Email,Mobile,"At Risk",20,8010.05,2026-04-01
819830,2024-12-26,Non-binary,30,"New York",USA,Direct,Mobile,Loyal,4,1131.78,2026-03-17
819861,2024-07-27,Male,34,London,UK,Referral,Desktop,Returning,18,113.88,2025-06-29
819982,2022-01-29,,72,Berlin,Germany,"Organic Search",Mobile,New,21,8706.31,2023-01-23
820131,2021-09-21,,54,Berlin,Germany,"Social Media",Desktop,Returning,9,8330.35,2022-11-12
820318,2024-05-18,Female,50,Istanbul,Türkiye,Email,Mobile,VIP,25,7063.67,2024-05-22
820324,2025-07-05,Male,56,London,UK,Direct,Desktop,Returning,8,1333.28,2026-02-25
820487,2022-07-03,,19,Toronto,Canada,"Paid Search",Desktop,VIP,12,4426.2,2023-04-06
820625,2021-05-11,"Prefer not to say",73,Paris,France,Direct,Desktop,Returning,25,8314.78,2021-11-17
820823,2024-03-18,Female,78,"New York",USA,Referral,Desktop,VIP,7,7546.34,2024-11-22
821619,2022-10-11,Male,27,Paris,France,Direct,Mobile,Loyal,18,9084.45,2022-10-27
822372,2025-07-05,Male,54,London,UK,"Organic Search",Mobile,Returning,22,2482.74,2026-03-05
823092,2023-06-09,Male,32,Toronto,Canada,Direct,Mobile,Loyal,15,3801.76,2023-07-23
823138,2021-05-03,Female,87,Berlin,Germany,"Social Media",Desktop,New,1,2572.47,2021-11-12
823630,2022-02-13,Female,28,Berlin,Germany,"Organic Search",Mobile,New,25,9761.91,2023-01-27
823986,2021-05-28,Male,36,Paris,France,Referral,Tablet,"At Risk",17,7779.1,2022-04-20
824161,2024-09-05,Female,28,Toronto,Canada,"Organic Search",Mobile,Loyal,14,6445.85,2024-10-22
824319,2022-12-26,Non-binary,59,Madrid,Spain,Referral,Desktop,"At Risk",0,0,NULL
824882,2021-11-06,Male,53,Paris,France,"Paid Search",Mobile,New,13,1639.23,2022-06-05
824902,2021-12-20,Male,33,London,UK,"Paid Search",Mobile,"At Risk",14,1901.39,2022-05-16
824916,2025-10-25,,67,London,UK,"Organic Search",Mobile,New,3,7584.77,2026-01-24
825303,2023-04-24,Female,21,London,UK,Referral,Mobile,VIP,15,535.87,2023-12-05
826198,2021-11-14,"Prefer not to say",82,Paris,France,"Paid Search",Desktop,VIP,4,9062.93,2022-08-09
826282,2024-03-24,,24,Paris,France,"Social Media",Desktop,VIP,1,6766.29,2024-12-08
827891,2023-05-04,Non-binary,56,Berlin,Germany,Referral,Desktop,Loyal,18,7770.57,2023-09-05
828813,2021-08-10,,71,Paris,France,"Organic Search",Mobile,Returning,6,9411.14,2022-09-17
829203,2024-09-12,"Prefer not to say",44,Istanbul,Türkiye,"Social Media",Desktop,Loyal,13,7259.1,2024-11-19
829292,2025-10-15,Male,47,Paris,France,Email,Tablet,VIP,4,7122.53,2025-10-25
829633,2025-02-27,Male,57,Paris,France,Email,Mobile,"At Risk",17,3124.73,2026-01-09
829804,2021-11-23,Male,29,Istanbul,Türkiye,Direct,Tablet,VIP,21,4757.17,2022-02-11
830095,2024-12-22,Male,18,Rome,Italy,Referral,Tablet,VIP,18,672.65,2025-03-09
831239,2025-08-23,Female,37,"New York",USA,Email,Tablet,Returning,20,7965.69,2025-12-26
831352,2023-11-12,"Prefer not to say",18,Madrid,Spain,"Organic Search",Tablet,New,18,2932.08,2024-10-31
831965,2023-11-02,,50,Berlin,Germany,Referral,Desktop,VIP,10,1378.56,2024-11-07
832271,2023-10-21,Female,81,Madrid,Spain,Email,Mobile,Returning,15,7826.24,2023-12-13
832477,2021-06-06,Male,41,Madrid,Spain,Referral,Desktop,"At Risk",23,6100.56,2022-06-21
832830,2025-08-31,Male,51,Berlin,Germany,"Organic Search",Desktop,Returning,8,5371.34,2026-01-17
833159,2022-04-11,Male,67,Toronto,Canada,Direct,Tablet,Loyal,6,5040.6,2022-12-29
833206,2021-01-20,Male,46,Istanbul,Türkiye,"Organic Search",Tablet,VIP,19,1066.07,2022-02-27
833482,2023-02-25,Male,43,Paris,France,Email,Desktop,VIP,8,6276.46,2024-03-26
833483,2021-02-24,Male,88,Toronto,Canada,Direct,Mobile,VIP,2,820.5,2021-04-09
834323,2022-10-26,Male,47,Rome,Italy,Direct,Tablet,Returning,5,679.58,2024-02-24
834430,2025-09-12,"Prefer not to say",42,"New York",USA,Direct,Mobile,"At Risk",12,2855.26,2025-11-24
834580,2022-11-03,Female,60,Paris,France,Direct,Desktop,Loyal,2,4645.23,2023-04-18
834583,2022-12-25,,22,Paris,France,"Organic Search",Mobile,New,0,0,NULL
835341,2023-12-01,Female,32,Rome,Italy,Referral,Mobile,New,10,6289.78,2023-12-12
835348,2025-06-17,Female,64,"New York",USA,"Paid Search",Desktop,Loyal,17,3552.6,2026-05-01
835351,2023-04-11,Female,43,Toronto,Canada,"Organic Search",Desktop,New,10,9718.34,2024-04-03
835706,2023-02-09,"Prefer not to say",46,London,UK,"Organic Search",Mobile,New,0,0,NULL
836165,2024-12-17,Non-binary,52,Madrid,Spain,"Organic Search",Desktop,VIP,9,3240.24,2025-10-18
836507,2024-09-30,Female,23,Istanbul,Türkiye,"Paid Search",Desktop,Returning,8,8083.34,2025-08-02
836756,2025-10-18,,32,Istanbul,Türkiye,Referral,Mobile,Loyal,6,4222.57,2026-04-16
837035,2023-02-02,Female,32,Istanbul,Türkiye,"Paid Search",Mobile,Returning,11,1701.87,2023-06-08
837061,2023-10-16,,59,Paris,France,Direct,Desktop,Loyal,15,1628.41,2024-02-07
837067,2025-09-05,,25,Rome,Italy,Email,Desktop,New,6,4771.1,2026-05-08
837191,2022-08-03,Female,30,London,UK,Email,Desktop,Returning,18,4697.04,2022-08-10
837549,2021-11-05,Male,60,Rome,Italy,"Organic Search",Desktop,VIP,18,9028.93,2023-01-17
838117,2022-03-01,,73,Rome,Italy,"Social Media",Mobile,New,0,0,NULL
838221,2023-05-14,Female,82,Toronto,Canada,Email,Desktop,New,1,8282.25,2024-08-25
838254,2021-04-30,Female,27,Toronto,Canada,Direct,Tablet,"At Risk",16,9926.31,2021-10-21
838336,2022-01-18,Female,82,"New York",USA,Email,Mobile,New,24,1066.29,2023-02-04
838368,2024-09-15,Non-binary,87,"New York",USA,"Paid Search",Tablet,Loyal,16,9717.48,2025-12-27
838691,2022-09-14,Non-binary,50,Berlin,Germany,Referral,Desktop,Loyal,1,8104.78,2023-03-23
838832,2022-06-01,Female,50,Toronto,Canada,"Paid Search",Mobile,Returning,9,8989.1,2022-07-25
838913,2024-04-05,Female,83,Madrid,Spain,"Social Media",Desktop,VIP,1,5486.13,2024-06-01
839644,2023-08-04,Female,26,Toronto,Canada,Email,Mobile,Returning,12,7894.51,2023-08-04
840568,2024-08-18,Male,83,Rome,Italy,"Social Media",Tablet,VIP,1,4209.48,2025-01-07
841018,2024-10-01,Male,71,Rome,Italy,Referral,Desktop,Returning,6,9720.89,2026-01-26
841215,2021-09-08,Female,19,London,UK,Direct,Mobile,Returning,19,4335.24,2022-10-17
841893,2021-07-21,Male,44,Istanbul,Türkiye,"Organic Search",Desktop,"At Risk",16,6303.83,2022-01-02
842022,2024-03-30,,61,Berlin,Germany,"Social Media",Mobile,VIP,18,2924.31,2024-11-30
842046,2022-01-22,Non-binary,62,Paris,France,"Paid Search",Desktop,Returning,1,5194.49,2022-06-30
842247,2024-03-09,Male,25,Madrid,Spain,Direct,Mobile,"At Risk",11,7826.09,2024-03-22
842412,2025-02-24,Male,18,"New York",USA,"Organic Search",Mobile,Returning,18,2837.07,2026-05-04
843024,2021-12-09,Female,61,Paris,France,"Social Media",Tablet,VIP,12,6887.66,2023-04-07
843231,2025-07-29,Male,61,Madrid,Spain,"Organic Search",Mobile,Loyal,3,1716.29,2026-02-13
843306,2021-11-18,Non-binary,51,Toronto,Canada,"Social Media",Desktop,"At Risk",20,528.08,2022-05-28
843780,2025-08-23,,63,"New York",USA,"Paid Search",Desktop,Returning,12,7564.61,2026-09-19
843787,2023-02-03,Non-binary,36,Paris,France,"Organic Search",Tablet,Loyal,4,4826.04,2024-06-07
844744,2021-07-27,Non-binary,57,Berlin,Germany,"Organic Search",Mobile,"At Risk",10,3375.11,2022-07-07
844780,2022-02-16,Non-binary,63,Rome,Italy,Email,Mobile,VIP,21,6147.55,2023-02-09
844936,2022-12-02,Female,46,"New York",USA,Referral,Mobile,Loyal,8,2502.84,2023-10-10
845478,2024-11-15,Female,54,"New York",USA,Referral,Desktop,"At Risk",10,6321.66,2025-12-23
845738,2022-08-20,Female,34,"New York",USA,Email,Mobile,"At Risk",0,0,NULL
846090,2022-01-12,Male,76,Paris,France,"Organic Search",Mobile,VIP,17,4027.5,2023-03-13
846156,2024-03-19,Male,44,Toronto,Canada,"Organic Search",Mobile,New,9,7226.3,2025-03-19
846178,2021-07-22,"Prefer not to say",34,Toronto,Canada,"Paid Search",Mobile,VIP,5,8632.04,2021-10-19
846217,2024-07-04,"Prefer not to say",20,Toronto,Canada,"Organic Search",Desktop,Loyal,8,6393.88,2025-10-17
846721,2023-09-03,Male,82,Toronto,Canada,Referral,Desktop,VIP,10,4627.64,2023-12-31
847285,2021-05-06,Non-binary,53,Madrid,Spain,Email,Tablet,Loyal,23,9349.35,2022-05-07
847473,2025-04-14,Female,60,Paris,France,Direct,Mobile,Loyal,9,193.55,2026-02-14
847792,2023-07-10,Male,88,"New York",USA,Direct,Tablet,"At Risk",4,2378.04,2024-10-30
848092,2022-11-19,Non-binary,76,Berlin,Germany,"Paid Search",Desktop,VIP,18,7146.99,2023-05-30
848207,2024-07-28,Female,64,Istanbul,Türkiye,"Paid Search",Desktop,"At Risk",19,6198.63,2024-09-25
848734,2022-10-18,Non-binary,67,"New York",USA,"Paid Search",Desktop,VIP,12,1007.92,2024-01-13
849373,2021-08-24,"Prefer not to say",72,Madrid,Spain,Direct,Desktop,VIP,19,9333.2,2022-12-11
849547,2024-11-04,Female,84,Toronto,Canada,"Social Media",Desktop,Returning,5,4187.82,2025-10-21
849663,2022-07-13,,26,Berlin,Germany,"Social Media",Mobile,New,4,1319.64,2022-09-18
849845,2022-01-19,Male,66,Paris,France,Referral,Mobile,Returning,20,4851.76,2022-06-14
850219,2021-08-10,Female,78,Toronto,Canada,Email,Desktop,Returning,4,1316.42,2021-10-15
850518,2023-07-25,"Prefer not to say",50,London,UK,Direct,Mobile,VIP,10,7214.1,2024-04-26
850586,2023-03-27,Female,36,Toronto,Canada,"Paid Search",Tablet,"At Risk",2,3121.5,2024-01-17
850835,2021-12-24,Female,72,Paris,France,Direct,Desktop,VIP,12,3386.4,2022-08-15
850895,2022-02-21,"Prefer not to say",29,Paris,France,Direct,Tablet,VIP,19,445.04,2022-04-16
850969,2022-04-14,Male,87,"New York",USA,"Paid Search",Mobile,"At Risk",6,817.96,2022-11-07
851042,2025-11-04,Male,36,London,UK,Email,Desktop,Returning,25,6815.02,2026-07-30
851395,2022-07-10,Non-binary,69,Paris,France,"Paid Search",Mobile,Returning,22,5063.98,2023-10-17
851400,2021-09-12,Female,38,Berlin,Germany,Referral,Mobile,New,16,4737.98,2022-01-19
851989,2024-06-22,Female,28,Istanbul,Türkiye,Referral,Mobile,Loyal,25,8136.1,2025-02-15
852574,2024-02-25,,44,Paris,France,Direct,Mobile,Loyal,11,8441.09,2024-08-11
852843,2023-06-17,,52,"New York",USA,Email,Desktop,VIP,13,6230.33,2023-12-12
853043,2021-10-28,Male,38,Toronto,Canada,"Organic Search",Mobile,Loyal,2,7810.62,2022-10-20
853377,2021-05-01,Non-binary,27,Madrid,Spain,Email,Desktop,"At Risk",8,1694.23,2021-05-03
853680,2023-02-11,Male,65,Toronto,Canada,"Organic Search",Tablet,New,14,9877.1,2023-05-22
853695,2023-03-16,"Prefer not to say",19,Istanbul,Türkiye,"Social Media",Desktop,VIP,21,2885.88,2023-07-25
853753,2023-10-26,Male,19,London,UK,Email,Desktop,Returning,6,700.35,2025-02-09
853829,2023-03-24,Male,31,Istanbul,Türkiye,"Social Media",Desktop,VIP,23,1088.49,2023-06-14
854326,2022-02-01,Male,37,"New York",USA,Email,Mobile,Returning,22,5878.7,2023-01-24
854552,2021-09-20,Female,23,Rome,Italy,Referral,Tablet,"At Risk",8,9049.65,2022-10-22
855028,2025-05-12,Female,88,Toronto,Canada,Referral,Desktop,New,14,2266.56,2026-01-27
855065,2025-06-27,Male,80,Madrid,Spain,"Social Media",Mobile,Loyal,10,1237.19,2026-01-28
855979,2022-10-08,Non-binary,22,Paris,France,"Paid Search",Desktop,New,0,0,NULL
856144,2024-10-10,,55,Madrid,Spain,"Organic Search",Desktop,New,0,0,NULL
856321,2023-12-30,Female,68,Paris,France,"Social Media",Tablet,Loyal,14,1384.44,2024-06-09
856531,2024-12-14,"Prefer not to say",31,Toronto,Canada,Email,Tablet,VIP,24,7934.4,2025-09-06
856589,2021-04-21,Female,31,Istanbul,Türkiye,"Paid Search",Mobile,Loyal,5,4760.82,2021-06-03
856594,2023-04-16,Female,59,Toronto,Canada,Direct,Mobile,Returning,20,2450.36,2024-07-24
856762,2024-05-26,Non-binary,79,Berlin,Germany,"Organic Search",Mobile,VIP,12,5914.31,2025-07-09
857373,2021-05-09,Male,19,"New York",USA,"Paid Search",Desktop,"At Risk",17,8700.07,2022-09-21
857691,2021-06-15,Male,56,Berlin,Germany,"Organic Search",Desktop,New,20,1774.37,2021-11-11
857730,2021-01-27,Non-binary,63,Rome,Italy,"Paid Search",Mobile,New,14,9869.28,2021-09-16
858054,2024-03-23,Non-binary,37,London,UK,"Social Media",Desktop,Returning,22,9706.6,2024-12-29
858291,2021-10-02,Male,55,London,UK,"Social Media",Desktop,"At Risk",5,1606.98,2023-01-14
858365,2021-10-20,"Prefer not to say",24,"New York",USA,"Social Media",Desktop,"At Risk",20,3101.85,2022-07-12
858382,2023-10-16,,27,Istanbul,Türkiye,Referral,Desktop,New,1,5190.93,2024-04-13
858650,2023-06-14,Female,72,London,UK,"Paid Search",Desktop,"At Risk",15,6191,2023-08-16
858790,2025-05-26,Female,86,Berlin,Germany,"Paid Search",Mobile,"At Risk",11,8984.07,2025-09-05
859100,2021-03-15,Male,85,Madrid,Spain,Referral,Mobile,"At Risk",13,2778.14,2021-03-27
859129,2022-03-30,Female,46,"New York",USA,Referral,Desktop,Returning,20,8801.03,2023-02-20
859339,2021-08-11,"Prefer not to say",55,London,UK,"Social Media",Tablet,New,17,2031.83,2021-09-15
859500,2024-01-27,"Prefer not to say",31,Toronto,Canada,Referral,Desktop,Loyal,1,7842.69,2025-05-05
859824,2023-02-17,Female,88,Rome,Italy,Referral,Desktop,VIP,20,9339.83,2023-12-16
860143,2024-02-10,,21,Berlin,Germany,Referral,Desktop,"At Risk",16,7778.16,2024-07-08
860288,2023-04-02,Male,66,Rome,Italy,"Organic Search",Tablet,Loyal,12,5291.65,2024-05-24
860610,2021-03-10,Male,26,Rome,Italy,"Organic Search",Mobile,Loyal,4,367.52,2021-05-29
860705,2022-03-02,Male,55,Berlin,Germany,"Social Media",Tablet,Returning,18,7645.25,2022-04-22
861075,2022-10-20,Non-binary,39,Madrid,Spain,"Paid Search",Mobile,Loyal,18,9841.2,2024-01-09
861111,2024-04-12,Female,73,Berlin,Germany,"Social Media",Tablet,"At Risk",4,226.89,2025-01-04
861419,2022-12-26,Female,79,Rome,Italy,"Paid Search",Desktop,VIP,7,9376.48,2023-09-11
861765,2024-06-17,Male,68,Paris,France,Email,Mobile,"At Risk",0,0,NULL
861773,2023-10-05,Female,63,"New York",USA,"Social Media",Mobile,Returning,15,3865.83,2024-07-24
862111,2023-12-26,"Prefer not to say",50,Paris,France,Email,Desktop,"At Risk",10,7612.37,2024-01-23
862605,2022-11-04,"Prefer not to say",30,Istanbul,Türkiye,Email,Mobile,"At Risk",3,4341.97,2023-08-30
863321,2022-01-14,Female,85,Toronto,Canada,Email,Desktop,Loyal,1,4752.34,2022-06-21
863594,2024-07-14,Female,19,Rome,Italy,Direct,Desktop,VIP,11,7016.01,2024-12-02
863623,2021-01-14,,43,Berlin,Germany,Referral,Mobile,VIP,12,4120.23,2022-01-17
863743,2023-04-22,Female,48,Berlin,Germany,"Organic Search",Mobile,Loyal,20,9035.06,2023-05-06
863762,2021-02-12,,63,Madrid,Spain,Email,Mobile,Loyal,15,4859.05,2021-02-14
864589,2024-03-18,Male,21,Paris,France,Direct,Desktop,New,18,3909.57,2024-03-18
864708,2025-07-11,Male,42,Istanbul,Türkiye,"Paid Search",Tablet,VIP,21,8999.23,2026-10-31
864831,2022-03-30,"Prefer not to say",86,London,UK,"Organic Search",Desktop,Returning,8,6434.68,2022-08-08
865351,2025-10-14,"Prefer not to say",78,Berlin,Germany,Direct,Desktop,VIP,22,2114.41,2025-12-07
865589,2023-03-03,Female,35,London,UK,"Social Media",Desktop,VIP,10,1518.7,2024-03-12
865620,2021-01-18,"Prefer not to say",78,Madrid,Spain,Referral,Desktop,New,13,4536.23,2021-03-24
865633,2024-07-04,Non-binary,61,Rome,Italy,"Organic Search",Tablet,Loyal,24,4058.43,2024-11-24
866548,2024-09-12,Non-binary,33,Paris,France,Email,Mobile,New,0,0,NULL
866649,2024-09-12,Female,25,"New York",USA,"Paid Search",Tablet,New,23,3655.76,2024-12-17
866951,2022-10-29,,41,Paris,France,"Social Media",Mobile,Returning,4,2104.75,2023-09-26
867274,2023-02-09,Non-binary,81,Toronto,Canada,Email,Tablet,"At Risk",11,56.03,2023-12-15
867896,2021-03-08,Female,85,Berlin,Germany,Email,Desktop,"At Risk",13,6927.19,2021-07-19
868193,2024-03-30,,64,Madrid,Spain,Direct,Mobile,Returning,2,2997.06,2025-08-08
868360,2025-01-07,Male,46,Madrid,Spain,Referral,Mobile,VIP,22,8768.81,2026-01-02
869477,2022-09-29,Male,18,Paris,France,"Organic Search",Desktop,Returning,14,6819.52,2023-03-25
870200,2025-05-31,"Prefer not to say",52,Madrid,Spain,"Social Media",Mobile,VIP,23,8950.79,2026-06-18
870793,2022-02-14,"Prefer not to say",71,Madrid,Spain,"Organic Search",Tablet,Returning,18,1999.23,2023-02-09
870935,2022-05-15,Female,82,Berlin,Germany,"Social Media",Mobile,VIP,2,184.04,2022-08-23
871830,2025-03-26,"Prefer not to say",87,Istanbul,Türkiye,Email,Mobile,Returning,15,5673.44,2026-04-19
871893,2022-10-10,"Prefer not to say",86,London,UK,Direct,Tablet,Returning,0,0,NULL
872190,2021-07-06,Non-binary,47,Istanbul,Türkiye,"Paid Search",Desktop,VIP,7,2689.8,2022-03-28
872407,2023-03-25,Non-binary,75,"New York",USA,Referral,Mobile,Returning,14,595.82,2023-11-03
872512,2022-12-10,Female,70,Istanbul,Türkiye,"Paid Search",Desktop,New,6,2758.37,2024-03-05
872703,2022-07-26,Male,79,Toronto,Canada,Email,Desktop,Loyal,6,8453.77,2022-08-16
873273,2022-12-31,Female,57,Madrid,Spain,Direct,Tablet,Loyal,12,4769.5,2023-11-22
873376,2023-03-29,Non-binary,73,Berlin,Germany,"Organic Search",Tablet,"At Risk",22,7430.27,2024-01-07
874075,2023-02-12,Male,31,Berlin,Germany,"Organic Search",Mobile,Loyal,18,4951.4,2024-05-18
874250,2023-06-05,Female,81,Paris,France,Email,Tablet,VIP,12,953.93,2023-10-17
874441,2021-09-08,Non-binary,66,Berlin,Germany,Direct,Mobile,Returning,4,2867.29,2022-12-15
875114,2022-02-22,"Prefer not to say",88,"New York",USA,"Organic Search",Mobile,Loyal,17,1881.51,2022-12-05
875442,2021-04-16,Male,83,Madrid,Spain,"Organic Search",Mobile,New,2,1265.33,2021-08-28
875783,2023-04-06,"Prefer not to say",80,Berlin,Germany,Referral,Mobile,VIP,20,4936.83,2023-04-06
876474,2021-12-04,Female,81,Paris,France,"Social Media",Mobile,VIP,9,7883.9,2023-03-10
877121,2022-06-16,Non-binary,63,London,UK,"Paid Search",Mobile,"At Risk",24,7405.79,2023-03-10
877663,2023-03-12,Non-binary,61,Berlin,Germany,Direct,Mobile,Loyal,7,2209.94,2023-10-13
878092,2023-09-15,Male,58,Rome,Italy,"Organic Search",Desktop,VIP,16,2301.73,2024-09-05
878514,2022-07-25,Female,78,Rome,Italy,Email,Mobile,Loyal,25,1275.15,2023-11-25
879077,2021-03-03,Female,22,Toronto,Canada,Direct,Desktop,"At Risk",13,3781.46,2021-09-22
879145,2025-05-28,Female,55,London,UK,"Organic Search",Mobile,VIP,10,2009.4,2026-01-30
879245,2021-03-11,Female,72,"New York",USA,Direct,Desktop,Returning,5,7896.08,2022-06-30
879277,2022-04-30,Male,88,Paris,France,"Paid Search",Tablet,Returning,12,5609.95,2023-02-04
879279,2025-01-07,"Prefer not to say",62,"New York",USA,"Social Media",Desktop,"At Risk",19,1966.66,2025-10-11
879388,2022-05-02,Female,79,Madrid,Spain,Direct,Desktop,New,10,7181.85,2022-07-12
879858,2024-09-30,Male,74,London,UK,Email,Desktop,"At Risk",0,0,NULL
879945,2023-08-01,Non-binary,71,Paris,France,"Social Media",Tablet,VIP,6,6436.42,2024-09-24
879974,2025-03-08,Male,65,London,UK,"Paid Search",Desktop,New,19,8152.69,2025-07-28
880147,2021-11-27,,34,London,UK,Direct,Desktop,"At Risk",7,3058.72,2022-10-19
880784,2022-12-10,Female,68,Madrid,Spain,"Social Media",Mobile,"At Risk",10,4917.6,2022-12-31
880801,2021-06-28,,46,London,UK,"Paid Search",Mobile,"At Risk",16,7775.77,2021-10-06
880841,2023-10-27,"Prefer not to say",35,"New York",USA,"Social Media",Mobile,New,16,5137,2024-11-25
880924,2022-03-19,Male,81,Berlin,Germany,Email,Mobile,Returning,23,4013.46,2022-09-19
881100,2021-10-02,Non-binary,87,Paris,France,Referral,Mobile,Returning,25,8532.59,2022-05-30
881994,2023-11-06,Female,87,Paris,France,"Social Media",Desktop,Loyal,6,7975.35,2024-02-12
882337,2025-11-15,Non-binary,41,Rome,Italy,Direct,Desktop,"At Risk",24,3602.8,2027-01-19
882408,2021-09-27,Male,81,Madrid,Spain,Direct,Mobile,New,19,9484.12,2022-04-04
882431,2025-04-11,Non-binary,31,Toronto,Canada,Direct,Desktop,"At Risk",2,4476.37,2026-03-28
882601,2022-03-03,Male,24,London,UK,"Paid Search",Tablet,"At Risk",16,6828.23,2022-07-20
882918,2021-04-30,Female,62,"New York",USA,Referral,Desktop,New,25,4311.25,2022-02-16
883058,2023-01-04,Non-binary,73,Istanbul,Türkiye,Email,Mobile,"At Risk",16,8766.52,2023-08-08
883139,2023-07-11,,86,Toronto,Canada,Referral,Desktop,VIP,22,4684.37,2024-04-02
883274,2023-10-29,Female,39,Madrid,Spain,Email,Desktop,"At Risk",7,8431.97,2024-01-21
883564,2024-09-17,Non-binary,67,"New York",USA,"Paid Search",Tablet,Loyal,7,8560.68,2025-11-02
883778,2024-10-02,Male,20,London,UK,Referral,Mobile,VIP,18,9271.28,2025-04-05
883927,2023-10-03,"Prefer not to say",49,Madrid,Spain,Direct,Desktop,VIP,19,6300.44,2024-04-17
884236,2022-02-16,Male,78,Madrid,Spain,Referral,Tablet,Returning,12,2366.51,2023-04-08
884873,2024-03-18,,39,Rome,Italy,Email,Mobile,Returning,10,5007.66,2024-09-11
885107,2021-01-08,,80,Istanbul,Türkiye,Email,Desktop,"At Risk",2,46.77,2021-12-23
885145,2021-09-11,Male,66,Rome,Italy,"Social Media",Desktop,VIP,2,6050.54,2022-12-27
885327,2023-06-10,Female,72,Paris,France,"Organic Search",Tablet,New,17,3969.13,2024-10-14
885444,2025-02-13,Male,37,Paris,France,"Paid Search",Mobile,"At Risk",20,2200.35,2026-04-30
885764,2022-07-25,Male,42,Paris,France,Referral,Desktop,New,25,5114.98,2023-02-12
885779,2024-10-04,"Prefer not to say",22,Toronto,Canada,"Organic Search",Tablet,VIP,13,8894.16,2024-12-25
885988,2023-03-30,Male,58,London,UK,"Social Media",Mobile,New,20,6228.73,2023-06-09
886200,2022-02-25,,79,"New York",USA,Referral,Tablet,Returning,9,7267.61,2023-05-09
886264,2023-09-27,Non-binary,40,Rome,Italy,Email,Desktop,Returning,5,9002.06,2024-05-24
886732,2024-01-14,Male,71,Toronto,Canada,Direct,Mobile,VIP,21,5226.41,2024-03-31
887074,2024-12-15,"Prefer not to say",23,Madrid,Spain,"Paid Search",Mobile,VIP,5,9686.87,2026-04-26
887196,2022-07-03,Female,44,Toronto,Canada,Direct,Mobile,New,1,6378.98,2023-09-03
887494,2021-05-29,,85,Berlin,Germany,Direct,Mobile,New,5,8661.11,2022-08-23
887875,2023-05-04,Male,20,Madrid,Spain,Direct,Mobile,"At Risk",23,6794.92,2023-06-13
887918,2022-07-07,Female,78,Berlin,Germany,"Organic Search",Desktop,Returning,24,5645.64,2023-03-08
888747,2025-04-01,Female,58,London,UK,"Paid Search",Desktop,Returning,13,1446.05,2026-02-05
888795,2022-10-07,Female,68,London,UK,"Social Media",Desktop,Returning,11,5262.42,2023-12-09
888976,2023-01-07,,56,Toronto,Canada,"Social Media",Desktop,"At Risk",2,1498.1,2023-12-01
889878,2022-11-25,Non-binary,49,Madrid,Spain,Direct,Mobile,Returning,13,3818.8,2024-03-27
890404,2025-03-13,Non-binary,34,Madrid,Spain,Referral,Desktop,VIP,21,3043.53,2025-04-20
890528,2023-12-02,Female,35,Berlin,Germany,"Social Media",Mobile,New,0,0,NULL
890778,2021-10-25,,19,Istanbul,Türkiye,Referral,Mobile,Loyal,9,6852.46,2022-10-18
891253,2024-02-27,"Prefer not to say",70,Madrid,Spain,"Organic Search",Mobile,VIP,23,152.94,2025-02-14
891411,2024-04-27,Female,21,Paris,France,"Social Media",Desktop,"At Risk",23,1695.81,2025-08-03
892228,2024-05-11,,79,Rome,Italy,Referral,Tablet,Loyal,12,7396.51,2025-08-08
892290,2023-03-14,,64,Toronto,Canada,Direct,Mobile,Returning,8,99.63,2023-10-18
893526,2025-09-12,Male,80,Madrid,Spain,"Paid Search",Mobile,"At Risk",2,9228.05,2025-11-02
893923,2022-10-22,Female,77,Istanbul,Türkiye,"Organic Search",Desktop,New,14,680.04,2023-10-19
894163,2021-04-21,,86,Paris,France,Email,Mobile,"At Risk",19,3634.56,2022-06-18
894212,2022-09-03,Male,84,Paris,France,"Social Media",Mobile,New,0,0,NULL
894270,2022-07-12,Female,67,London,UK,Email,Desktop,"At Risk",14,4498.76,2023-10-01
894558,2023-12-20,"Prefer not to say",49,Paris,France,Direct,Tablet,"At Risk",10,5772.05,2024-09-01
894585,2021-01-26,Male,60,Berlin,Germany,"Organic Search",Desktop,Loyal,9,5868.34,2021-09-06
895408,2023-09-22,Female,45,"New York",USA,Direct,Mobile,"At Risk",11,2524.88,2024-05-22
895460,2023-10-11,Female,74,Paris,France,"Social Media",Desktop,Returning,14,1881.47,2024-04-13
895781,2022-05-19,Male,50,Istanbul,Türkiye,Direct,Mobile,"At Risk",3,5719.9,2022-09-20
895991,2023-08-09,Female,24,Madrid,Spain,"Paid Search",Desktop,VIP,21,8743.92,2024-03-09
896563,2021-04-16,Male,38,Berlin,Germany,Referral,Desktop,New,14,7809.31,2022-07-01
896765,2022-10-16,Female,45,Istanbul,Türkiye,"Social Media",Mobile,VIP,22,9305.95,2023-05-24
897911,2021-08-28,Female,65,Istanbul,Türkiye,Direct,Mobile,Returning,3,6902.68,2021-10-01
897926,2022-06-30,Female,47,Istanbul,Türkiye,"Social Media",Desktop,"At Risk",17,6010.67,2022-09-10
898035,2025-05-01,,69,Paris,France,"Organic Search",Mobile,VIP,14,4481.79,2026-03-11
898394,2024-09-01,Female,24,Rome,Italy,Email,Desktop,New,10,370.69,2025-02-07
898477,2021-02-25,Male,78,Istanbul,Türkiye,"Social Media",Tablet,Loyal,17,2630.44,2021-10-15
898588,2024-02-15,Non-binary,32,London,UK,Email,Mobile,New,25,750.85,2024-09-21
899308,2025-11-21,Female,38,Berlin,Germany,"Organic Search",Tablet,"At Risk",10,9699.17,2026-05-22
900267,2023-05-21,"Prefer not to say",41,Paris,France,"Organic Search",Mobile,VIP,7,1815.21,2023-06-22
900276,2023-10-09,Male,62,London,UK,Direct,Desktop,VIP,8,5241.63,2024-02-05
900425,2025-03-04,Female,18,Madrid,Spain,Referral,Mobile,VIP,24,1847.72,2025-04-02
900485,2024-06-07,Non-binary,24,Madrid,Spain,"Paid Search",Tablet,VIP,16,6771.77,2025-09-21
900798,2021-08-05,,32,"New York",USA,"Organic Search",Mobile,"At Risk",16,7105.77,2022-09-25
900875,2024-06-07,Female,63,Rome,Italy,Direct,Mobile,VIP,2,4295.02,2024-10-14
901858,2021-09-23,Non-binary,31,"New York",USA,"Organic Search",Mobile,New,7,2616.16,2022-12-27
902101,2025-01-28,Female,74,Rome,Italy,"Social Media",Mobile,"At Risk",15,7319.87,2026-01-29
903238,2025-09-11,"Prefer not to say",75,Toronto,Canada,Email,Tablet,Loyal,19,9507.53,2026-03-04
903290,2023-12-05,,80,Istanbul,Türkiye,Referral,Mobile,VIP,2,898.67,2024-12-09
903437,2021-07-19,,35,Rome,Italy,Email,Desktop,"At Risk",16,8218.06,2022-05-14
903549,2025-11-21,Female,24,Toronto,Canada,Direct,Tablet,Returning,19,1962.48,2025-12-03
904423,2021-12-22,"Prefer not to say",79,London,UK,"Social Media",Mobile,Loyal,20,1651.94,2022-10-09
904657,2024-02-21,Female,62,Toronto,Canada,"Social Media",Desktop,New,11,6990.2,2024-08-06
904781,2024-02-21,Non-binary,44,Istanbul,Türkiye,Email,Desktop,Loyal,7,8356.04,2024-09-29
904833,2025-07-27,Male,31,London,UK,Email,Tablet,VIP,4,2509.23,2025-08-31
905255,2023-12-20,Male,28,Berlin,Germany,Direct,Tablet,"At Risk",22,6836.12,2024-03-12
905313,2025-02-06,Female,41,London,UK,Referral,Mobile,"At Risk",6,3397.28,2025-08-01
905972,2023-04-26,,47,Rome,Italy,Referral,Desktop,Returning,20,7510.57,2023-10-26
906245,2023-07-27,"Prefer not to say",71,Madrid,Spain,Referral,Mobile,"At Risk",2,1701.18,2024-05-22
906425,2025-01-09,Female,67,Istanbul,Türkiye,"Paid Search",Tablet,Loyal,17,5682.38,2025-12-24
907383,2023-11-15,Non-binary,39,London,UK,"Organic Search",Tablet,Loyal,9,7054.11,2024-11-14
907668,2022-09-30,Male,87,Rome,Italy,Direct,Desktop,VIP,14,5036.96,2023-11-29
907752,2023-12-07,Female,41,Paris,France,Email,Tablet,Loyal,13,5594.36,2023-12-31
907952,2025-05-15,"Prefer not to say",87,"New York",USA,Direct,Desktop,Loyal,12,5782.39,2026-08-09
908031,2024-04-30,Non-binary,72,Paris,France,"Organic Search",Tablet,Returning,24,6988.79,2024-11-15
909574,2021-05-18,Male,31,Paris,France,Direct,Desktop,New,19,3591.98,2021-09-15
910034,2022-05-17,"Prefer not to say",82,"New York",USA,"Paid Search",Mobile,New,2,3409.88,2022-12-27
910712,2025-11-06,"Prefer not to say",72,Paris,France,Referral,Mobile,New,17,6046.49,2026-05-30
911376,2023-02-12,Male,42,Istanbul,Türkiye,"Organic Search",Mobile,VIP,20,317.25,2024-01-01
912335,2025-03-04,Female,47,London,UK,Direct,Mobile,Returning,21,6607.57,2025-06-07
912667,2022-05-21,,57,Toronto,Canada,"Paid Search",Mobile,New,0,0,NULL
913355,2025-08-04,,39,Istanbul,Türkiye,Referral,Tablet,Loyal,1,4551.05,2026-03-24
913440,2025-04-19,Male,73,Madrid,Spain,Direct,Mobile,Returning,15,1255.72,2025-05-25
913524,2024-09-14,Male,69,Paris,France,"Paid Search",Tablet,"At Risk",15,4946.48,2026-01-05
913776,2024-07-29,Female,32,London,UK,"Paid Search",Desktop,Loyal,22,3497.32,2024-11-11
913914,2024-06-09,Male,24,Istanbul,Türkiye,Direct,Desktop,Loyal,20,3876.43,2025-01-14
914291,2025-05-02,,41,Rome,Italy,Direct,Mobile,Returning,7,3350.83,2025-12-10
914590,2023-05-12,Male,18,Berlin,Germany,"Social Media",Mobile,Returning,18,7644.97,2023-08-11
914603,2021-06-27,"Prefer not to say",72,Rome,Italy,"Organic Search",Mobile,Returning,19,3042.39,2022-10-30
914741,2023-08-01,Male,50,"New York",USA,"Social Media",Mobile,VIP,6,3913.4,2023-08-08
915116,2021-12-11,Male,26,London,UK,"Paid Search",Mobile,Loyal,9,8345.52,2022-12-26
915160,2021-09-22,Male,62,Paris,France,"Social Media",Mobile,Returning,16,855.04,2023-01-06
915525,2021-04-19,Male,70,Istanbul,Türkiye,"Social Media",Desktop,Loyal,2,135.01,2022-02-26
915557,2023-02-10,Male,30,London,UK,"Social Media",Mobile,"At Risk",15,7535.15,2023-05-07
915707,2023-04-23,Female,18,Paris,France,"Social Media",Desktop,Loyal,2,9446.82,2023-12-11
916256,2024-10-27,Male,76,Rome,Italy,"Paid Search",Tablet,New,0,0,NULL
916277,2023-01-06,Male,84,Paris,France,"Social Media",Desktop,"At Risk",20,4901.16,2023-05-11
916691,2024-01-09,"Prefer not to say",64,Berlin,Germany,"Organic Search",Mobile,VIP,23,9934.5,2025-03-09
916987,2022-01-09,Female,39,Rome,Italy,Direct,Desktop,"At Risk",14,6307.01,2022-03-08
917069,2022-04-09,,43,Rome,Italy,Direct,Tablet,New,0,0,NULL
917340,2024-12-24,Female,77,"New York",USA,"Social Media",Desktop,Returning,24,2790.06,2025-11-14
917406,2024-01-01,"Prefer not to say",60,Toronto,Canada,Email,Mobile,Returning,0,0,NULL
917620,2024-05-27,Non-binary,53,Madrid,Spain,Email,Mobile,New,18,1510.59,2024-08-04
917907,2025-11-10,Male,65,Madrid,Spain,Referral,Mobile,VIP,12,4430.15,2026-12-05
918477,2021-09-14,Male,67,Toronto,Canada,"Organic Search",Tablet,"At Risk",14,5532.38,2022-05-20
918721,2025-05-26,"Prefer not to say",40,Istanbul,Türkiye,"Paid Search",Mobile,New,2,888.15,2026-04-29
918992,2025-05-16,Male,40,Istanbul,Türkiye,Direct,Desktop,New,25,8045.71,2025-10-10
919203,2023-03-10,Male,87,Toronto,Canada,"Social Media",Desktop,VIP,3,3799.17,2023-04-01
919366,2023-09-24,Male,84,Rome,Italy,Referral,Mobile,VIP,6,1379.46,2023-11-17
919503,2025-11-02,Female,39,Paris,France,Direct,Mobile,"At Risk",3,1401.29,2025-12-26
919885,2025-09-21,"Prefer not to say",72,Berlin,Germany,Direct,Desktop,Returning,15,9138.61,2025-10-22
919897,2025-06-08,Male,56,London,UK,Direct,Desktop,"At Risk",0,0,NULL
920268,2022-06-20,Male,28,Toronto,Canada,Direct,Desktop,"At Risk",5,5418.73,2022-10-22
920483,2025-02-27,Female,27,Rome,Italy,Direct,Mobile,Loyal,16,1928.77,2025-12-13
920720,2022-01-13,"Prefer not to say",63,Rome,Italy,Referral,Desktop,Loyal,17,3546.21,2023-05-20
920957,2023-05-06,Female,52,"New York",USA,Direct,Desktop,Loyal,24,6432.48,2024-05-13
921126,2021-08-09,,67,London,UK,"Organic Search",Desktop,Loyal,22,4212.79,2022-06-11
921686,2021-11-11,Female,67,Toronto,Canada,Email,Desktop,VIP,8,550.99,2022-12-11
921722,2025-07-06,,73,Paris,France,Direct,Tablet,New,3,5955.25,2026-10-21
922029,2022-05-04,Male,77,London,UK,Email,Desktop,Returning,25,3191.09,2022-11-02
922523,2023-06-11,,33,Berlin,Germany,"Paid Search",Mobile,"At Risk",8,5184.75,2024-05-05
922632,2025-08-04,"Prefer not to say",56,Berlin,Germany,"Paid Search",Desktop,"At Risk",13,3493.83,2026-03-11
922824,2022-11-11,Female,61,London,UK,Direct,Tablet,"At Risk",15,2808.85,2023-07-29
922997,2023-07-07,"Prefer not to say",27,Rome,Italy,"Paid Search",Mobile,New,22,3204.74,2024-02-21
923274,2023-06-15,Female,85,Rome,Italy,"Social Media",Mobile,New,12,1556.35,2023-07-16
923288,2023-10-18,Female,63,Toronto,Canada,Direct,Desktop,Loyal,1,9005.22,2024-09-08
923564,2025-10-10,Non-binary,56,Istanbul,Türkiye,"Organic Search",Desktop,Loyal,23,9682.3,2026-11-07
923669,2021-02-14,Male,80,"New York",USA,"Social Media",Desktop,Returning,16,3775.21,2022-03-18
924003,2023-11-12,Male,80,Toronto,Canada,"Paid Search",Desktop,New,6,7255.13,2025-03-05
924345,2023-12-03,"Prefer not to say",76,Madrid,Spain,Email,Desktop,Loyal,12,1334.29,2024-03-12
924379,2024-06-30,Male,45,Toronto,Canada,"Organic Search",Mobile,VIP,23,4107.94,2025-04-22
924471,2025-05-14,Non-binary,79,Berlin,Germany,Direct,Desktop,New,4,325.63,2026-04-20
924624,2023-12-25,Female,43,Paris,France,Direct,Mobile,New,13,4415.14,2024-07-25
924646,2023-09-06,Female,35,Paris,France,Referral,Tablet,VIP,16,4405.85,2024-03-20
925082,2024-09-08,Non-binary,72,"New York",USA,Email,Desktop,New,5,5179.93,2025-08-27
925173,2022-09-11,Male,34,Madrid,Spain,"Paid Search",Desktop,"At Risk",6,1205.3,2023-04-10
925244,2025-09-13,,54,London,UK,Referral,Desktop,Loyal,18,9436.67,2025-10-22
925364,2024-01-06,Female,73,Rome,Italy,Email,Mobile,VIP,16,1269.03,2024-08-07
925648,2021-05-19,"Prefer not to say",69,Toronto,Canada,"Social Media",Tablet,VIP,24,4039.22,2021-09-02
926240,2021-04-08,,52,Rome,Italy,Referral,Desktop,Returning,13,9745.69,2022-05-18
926399,2022-04-01,,65,Madrid,Spain,"Organic Search",Desktop,VIP,9,5146.39,2022-12-11
927024,2021-07-21,"Prefer not to say",29,London,UK,Direct,Mobile,Loyal,25,7398.18,2022-07-25
927036,2023-10-21,Non-binary,35,Toronto,Canada,"Social Media",Tablet,"At Risk",21,9968.11,2024-08-02
928131,2021-10-25,Female,46,Berlin,Germany,Email,Mobile,Loyal,14,1035.65,2022-02-03
928247,2021-09-08,"Prefer not to say",33,Madrid,Spain,"Organic Search",Mobile,"At Risk",11,765.56,2022-12-16
928823,2022-06-28,Non-binary,78,London,UK,"Organic Search",Desktop,Loyal,15,442.86,2022-09-18
929289,2025-02-15,Male,68,Rome,Italy,"Paid Search",Desktop,New,23,53.3,2025-10-23
929295,2022-05-27,"Prefer not to say",83,Paris,France,Direct,Mobile,Returning,20,7669.56,2022-11-25
929408,2021-11-12,,71,"New York",USA,Email,Tablet,New,11,2211.01,2022-09-03
929518,2023-08-17,"Prefer not to say",74,"New York",USA,"Organic Search",Desktop,"At Risk",11,6486.97,2024-07-02
930665,2021-05-17,Female,80,Toronto,Canada,"Paid Search",Mobile,Loyal,5,546,2022-01-26
930975,2021-06-28,"Prefer not to say",68,Istanbul,Türkiye,Direct,Tablet,VIP,12,4776.75,2022-04-18
931239,2024-03-28,Male,56,Berlin,Germany,"Organic Search",Desktop,VIP,14,3677.37,2025-07-23
931455,2025-11-08,Non-binary,82,Istanbul,Türkiye,"Paid Search",Desktop,Loyal,15,5127.85,2026-02-08
931591,2021-12-16,Male,20,"New York",USA,"Social Media",Desktop,"At Risk",6,1828.61,2022-05-03
931817,2024-08-01,Male,83,Istanbul,Türkiye,Email,Desktop,New,1,9310.7,2025-06-11
932000,2025-10-19,Male,84,"New York",USA,Email,Tablet,New,6,9929.1,2025-12-26
932288,2021-10-30,Male,74,"New York",USA,"Social Media",Mobile,Loyal,3,5076.24,2022-09-02
932791,2022-08-02,Female,32,London,UK,"Social Media",Desktop,"At Risk",22,1886.62,2022-11-01
932989,2022-04-14,Male,43,Berlin,Germany,Referral,Desktop,VIP,25,3871.2,2022-12-16
933169,2023-11-11,Female,34,London,UK,"Organic Search",Mobile,Returning,13,3997.94,2024-04-01
933471,2024-10-28,Female,80,London,UK,Referral,Tablet,"At Risk",12,4437.3,2025-09-26
933600,2024-01-29,,36,Paris,France,"Social Media",Mobile,"At Risk",20,9823.82,2024-02-02
933739,2025-06-19,"Prefer not to say",34,Istanbul,Türkiye,Email,Mobile,"At Risk",20,5947.59,2026-08-18
933848,2021-01-03,"Prefer not to say",55,"New York",USA,Referral,Desktop,New,9,832.25,2021-01-11
934569,2025-07-01,"Prefer not to say",67,Toronto,Canada,"Social Media",Mobile,Loyal,13,3532.26,2026-08-25
934879,2022-09-20,"Prefer not to say",22,Rome,Italy,"Social Media",Desktop,VIP,23,2752.95,2023-11-04
934909,2025-01-01,"Prefer not to say",35,Istanbul,Türkiye,"Organic Search",Desktop,Loyal,18,3550.39,2026-02-14
935369,2024-04-15,Male,35,Istanbul,Türkiye,"Paid Search",Mobile,New,20,6905.12,2025-01-08
935621,2024-08-31,Female,51,"New York",USA,"Paid Search",Desktop,New,15,6782.85,2025-10-14
935817,2025-09-14,Non-binary,44,London,UK,"Paid Search",Mobile,Returning,5,2382.45,2026-05-19
936016,2022-01-14,,81,Istanbul,Türkiye,Email,Desktop,New,2,6666.28,2022-12-31
936138,2021-05-09,,35,Rome,Italy,"Social Media",Desktop,VIP,6,3995.97,2021-05-17
936179,2022-12-11,Male,59,Madrid,Spain,Email,Desktop,Returning,16,8746.35,2023-10-29
936565,2023-06-24,"Prefer not to say",75,Rome,Italy,"Paid Search",Tablet,Returning,16,7585.63,2024-08-15
936628,2024-08-05,Male,55,Paris,France,Referral,Desktop,Loyal,5,4384.8,2025-03-23
936932,2023-04-21,Male,57,"New York",USA,"Organic Search",Mobile,"At Risk",21,584.06,2023-12-22
936964,2022-05-02,,22,Berlin,Germany,"Paid Search",Mobile,Loyal,2,5691.99,2022-07-03
937075,2025-07-26,Male,69,London,UK,Direct,Tablet,VIP,16,7460.88,2026-11-16
937223,2023-11-27,Male,23,Paris,France,"Organic Search",Desktop,Loyal,22,1801.21,2023-12-01
937774,2022-12-14,"Prefer not to say",25,Paris,France,Direct,Mobile,VIP,13,5582.85,2023-08-15
937821,2024-07-09,,88,Madrid,Spain,Direct,Desktop,Returning,13,6413.16,2025-05-22
937871,2022-11-22,,64,"New York",USA,"Paid Search",Mobile,Returning,2,1648.59,2023-06-18
938219,2024-07-16,"Prefer not to say",39,Toronto,Canada,"Social Media",Tablet,VIP,5,8502.48,2025-11-09
939273,2024-05-27,Male,74,Istanbul,Türkiye,"Social Media",Desktop,New,1,6600.01,2025-01-10
939427,2021-06-24,Female,86,"New York",USA,Referral,Mobile,Returning,18,527.42,2021-09-14
939903,2023-10-27,Non-binary,52,Toronto,Canada,Direct,Desktop,New,14,8172.44,2024-02-12
940111,2023-11-18,Non-binary,48,Rome,Italy,"Organic Search",Desktop,New,14,1131,2025-01-10
940294,2024-08-27,,42,Berlin,Germany,Direct,Desktop,Loyal,5,4809.79,2025-01-26
940644,2025-07-28,Non-binary,55,Berlin,Germany,Direct,Mobile,VIP,20,4147.54,2026-01-10
940775,2023-12-05,Male,22,Paris,France,Email,Mobile,VIP,11,7763.21,2025-02-13
941049,2025-02-05,"Prefer not to say",72,Rome,Italy,Email,Desktop,VIP,14,5606.57,2026-03-29
941235,2025-11-21,Female,37,Berlin,Germany,Referral,Desktop,Returning,5,815.29,2026-08-28
941704,2022-05-06,Female,88,London,UK,"Paid Search",Mobile,Returning,20,1469.94,2022-08-28
942053,2024-05-29,Male,58,Paris,France,Referral,Mobile,VIP,10,7112.02,2025-05-17
942410,2021-10-18,Male,77,Toronto,Canada,Email,Mobile,VIP,13,4644.37,2022-05-16
942562,2023-07-23,Male,52,Istanbul,Türkiye,"Organic Search",Tablet,Loyal,22,7279.45,2024-05-08
942596,2024-09-05,,65,Berlin,Germany,Referral,Mobile,Loyal,18,7792.81,2024-09-11
942904,2025-10-04,Male,68,Istanbul,Türkiye,Email,Desktop,Loyal,4,1131.49,2026-12-14
942911,2022-03-18,"Prefer not to say",48,Madrid,Spain,"Social Media",Tablet,New,17,7774.52,2023-04-30
943289,2024-12-07,Female,52,"New York",USA,"Social Media",Desktop,VIP,4,6809.47,2025-07-06
943538,2021-01-22,"Prefer not to say",19,Paris,France,"Paid Search",Mobile,VIP,3,9633.8,2022-04-26
943652,2022-07-25,Female,78,"New York",USA,"Paid Search",Desktop,"At Risk",3,7954.88,2022-10-24
944230,2025-07-18,Non-binary,29,London,UK,"Paid Search",Mobile,"At Risk",16,5512.86,2026-02-24
944605,2021-12-19,Female,77,Toronto,Canada,Referral,Mobile,"At Risk",10,3958.7,2022-03-01
944841,2025-08-02,Male,28,"New York",USA,Email,Desktop,Loyal,13,3988.52,2026-05-24
945191,2023-06-14,Female,87,London,UK,"Social Media",Tablet,New,12,6260.42,2024-07-20
945663,2023-04-01,"Prefer not to say",30,Madrid,Spain,"Paid Search",Tablet,Returning,3,6490.5,2023-07-04
946116,2022-08-06,Male,28,Rome,Italy,"Paid Search",Desktop,VIP,16,166.21,2023-02-10
946674,2021-11-12,Male,65,Rome,Italy,"Social Media",Mobile,VIP,3,3907.8,2022-06-26
946776,2025-04-09,Male,45,Paris,France,Email,Tablet,New,0,0,NULL
946796,2024-09-04,Non-binary,55,Berlin,Germany,Email,Desktop,Returning,11,5779.02,2025-09-24
947190,2022-04-05,Female,46,Paris,France,Referral,Desktop,VIP,16,6167.55,2023-05-31
947514,2021-11-23,,31,Istanbul,Türkiye,Direct,Desktop,New,1,9414.64,2022-12-08
947525,2022-01-11,Male,21,Istanbul,Türkiye,Email,Tablet,New,25,3997.04,2022-12-18
947549,2021-10-25,Male,23,Rome,Italy,"Social Media",Mobile,Returning,0,0,NULL
947643,2025-01-08,Male,84,Madrid,Spain,"Paid Search",Tablet,VIP,15,4053.17,2025-06-16
947897,2023-04-23,,65,London,UK,Direct,Mobile,Loyal,12,9272.79,2024-07-15
947935,2022-11-01,,70,London,UK,"Organic Search",Mobile,VIP,7,2062.03,2023-07-08
948444,2022-07-24,Non-binary,82,Madrid,Spain,Direct,Tablet,Returning,9,2646.02,2022-08-13
948798,2021-08-04,Male,80,Madrid,Spain,Email,Desktop,Loyal,22,3767.86,2021-12-01
949558,2025-11-19,Male,54,Paris,France,"Organic Search",Tablet,"At Risk",21,4880.98,2026-12-08
949559,2025-07-05,"Prefer not to say",78,Berlin,Germany,"Organic Search",Mobile,New,22,5547.57,2026-08-18
949710,2021-09-01,,38,London,UK,Email,Mobile,Returning,25,9755.98,2021-11-11
949766,2023-07-30,"Prefer not to say",19,London,UK,Email,Desktop,Loyal,24,8850.07,2024-11-17
949935,2021-02-17,Male,38,Rome,Italy,Email,Mobile,VIP,3,4621.72,2021-08-17
950062,2021-01-27,Male,74,Madrid,Spain,Email,Mobile,Loyal,7,3276.34,2022-02-22
950179,2024-07-22,"Prefer not to say",18,Madrid,Spain,Direct,Desktop,Returning,12,1839.63,2025-04-12
950260,2024-01-16,Male,41,Madrid,Spain,Direct,Tablet,Returning,10,2130.1,2024-09-24
950540,2021-11-02,Female,19,Rome,Italy,"Paid Search",Tablet,Loyal,25,3327.42,2022-03-16
950982,2024-08-15,Male,35,London,UK,Email,Mobile,Returning,7,1126.32,2025-04-15
951158,2021-07-04,Male,68,London,UK,"Paid Search",Desktop,Loyal,6,2740.93,2022-04-29
951395,2024-08-28,Non-binary,56,London,UK,Direct,Mobile,VIP,1,2683.13,2024-10-08
951640,2025-08-19,Non-binary,61,Rome,Italy,Referral,Desktop,VIP,6,9742.5,2025-10-16
951728,2025-10-31,Non-binary,87,Paris,France,"Organic Search",Desktop,New,24,3731.87,2026-01-30
952550,2023-02-16,Female,86,Toronto,Canada,"Paid Search",Tablet,Returning,12,3032.06,2024-03-19
952860,2025-05-02,Female,86,London,UK,"Paid Search",Tablet,Returning,23,3234.25,2026-07-16
953428,2021-01-01,Female,54,Istanbul,Türkiye,Direct,Mobile,VIP,10,124.05,2022-02-05
953574,2021-01-26,Non-binary,86,Toronto,Canada,Email,Mobile,VIP,8,2720.41,2022-01-05
953596,2023-10-01,Female,68,Madrid,Spain,"Social Media",Tablet,"At Risk",5,7327.11,2024-01-20
953678,2023-01-17,Male,84,London,UK,"Organic Search",Mobile,"At Risk",12,2314.21,2023-09-06
954255,2021-01-09,Female,32,Rome,Italy,"Social Media",Desktop,"At Risk",11,8324.37,2021-05-04
954495,2025-06-21,Non-binary,77,Paris,France,"Organic Search",Mobile,"At Risk",22,6170.83,2025-07-14
954529,2024-02-03,,58,Istanbul,Türkiye,Referral,Tablet,"At Risk",10,1645.02,2024-09-28
954535,2021-12-23,Female,42,Madrid,Spain,Email,Desktop,"At Risk",7,9906.62,2022-11-25
954592,2023-06-02,Female,29,Berlin,Germany,Email,Desktop,"At Risk",4,8787.03,2023-10-16
954593,2022-05-16,,66,London,UK,Referral,Tablet,Returning,23,7624.93,2023-08-03
954827,2024-05-31,Male,59,Toronto,Canada,"Paid Search",Tablet,Loyal,24,4977.38,2025-08-24
954931,2023-12-05,,76,Berlin,Germany,"Organic Search",Mobile,Returning,4,1111.18,2024-01-24
955249,2024-02-27,Female,47,Rome,Italy,"Paid Search",Mobile,Returning,13,1623.89,2025-05-10
955780,2023-05-08,,83,Madrid,Spain,Direct,Desktop,"At Risk",4,1326.32,2023-07-27
956096,2022-03-13,Male,19,London,UK,"Organic Search",Desktop,Returning,14,5416.7,2022-08-04
956601,2025-10-05,Male,65,"New York",USA,Direct,Mobile,Loyal,15,2033.31,2027-01-16
956728,2024-08-27,Female,44,Berlin,Germany,Email,Desktop,New,15,5074.36,2025-07-20
956777,2024-11-16,Female,34,Toronto,Canada,"Paid Search",Desktop,New,15,1844.61,2024-12-26
956831,2024-07-21,,71,London,UK,Direct,Tablet,Loyal,9,6893.45,2025-06-30
958102,2024-05-03,Female,19,Toronto,Canada,"Social Media",Mobile,VIP,4,8493.63,2025-04-24
958330,2024-12-13,Non-binary,70,Rome,Italy,Email,Desktop,VIP,13,5088.19,2025-09-18
959079,2024-03-28,"Prefer not to say",29,Madrid,Spain,"Paid Search",Mobile,Loyal,17,1004.26,2024-09-15
959204,2023-01-30,Male,55,Toronto,Canada,Referral,Mobile,Returning,9,5999.87,2023-07-01
959217,2024-07-07,Female,51,London,UK,"Paid Search",Mobile,New,10,3392.67,2025-09-05
959526,2023-12-27,,32,"New York",USA,"Paid Search",Tablet,Returning,4,4687.02,2024-09-08
959708,2023-02-04,Male,77,London,UK,Referral,Tablet,VIP,15,9879.02,2024-03-31
959808,2025-01-24,"Prefer not to say",36,Rome,Italy,"Paid Search",Desktop,Loyal,22,9776.58,2026-02-04
959989,2023-12-04,Non-binary,84,Istanbul,Türkiye,Direct,Mobile,New,18,137.47,2024-10-03
960341,2021-11-09,Male,44,Toronto,Canada,Email,Mobile,Loyal,25,6471.73,2022-11-18
960877,2021-03-27,Female,53,Toronto,Canada,Direct,Tablet,VIP,8,807.81,2021-04-20
960912,2022-09-23,Male,20,Paris,France,Direct,Tablet,New,6,6163.62,2024-01-22
961385,2021-07-22,Female,74,Berlin,Germany,"Paid Search",Mobile,Loyal,21,8318.51,2021-08-15
961457,2025-11-01,Non-binary,33,Rome,Italy,"Organic Search",Desktop,"At Risk",23,5342.55,2026-04-28
961640,2022-06-23,Female,64,Paris,France,"Organic Search",Mobile,VIP,12,9893.72,2023-08-14
961787,2021-08-28,Male,70,Rome,Italy,Direct,Desktop,VIP,14,3637.82,2021-10-01
961803,2025-04-23,Male,33,"New York",USA,Direct,Mobile,"At Risk",3,9866.05,2025-11-20
961946,2023-06-05,Male,57,Berlin,Germany,"Organic Search",Mobile,VIP,2,617.06,2024-01-01
962147,2021-12-10,Female,58,"New York",USA,Direct,Desktop,New,2,446.58,2022-05-19
962292,2021-08-27,"Prefer not to say",40,Rome,Italy,"Social Media",Desktop,Loyal,3,2486.96,2021-10-01
962869,2022-04-25,Male,86,Toronto,Canada,"Organic Search",Desktop,Loyal,6,37.69,2023-08-12
964059,2025-06-19,Male,47,Paris,France,Referral,Mobile,Loyal,19,3525.88,2026-05-17
964261,2025-04-01,Non-binary,52,Toronto,Canada,"Organic Search",Desktop,New,1,2295.31,2025-05-28
966149,2022-09-20,Female,27,Berlin,Germany,Email,Mobile,"At Risk",23,785.93,2022-11-30
966249,2023-10-25,"Prefer not to say",26,Toronto,Canada,Email,Desktop,"At Risk",17,697.9,2024-08-09
966882,2024-05-23,Male,41,"New York",USA,"Organic Search",Desktop,Loyal,22,8238.52,2025-01-14
967008,2025-10-26,Female,37,Istanbul,Türkiye,"Organic Search",Mobile,Returning,19,8146.41,2027-02-06
967502,2025-09-20,Male,85,London,UK,Referral,Tablet,"At Risk",24,8268.92,2026-02-14
967542,2023-05-28,Female,26,London,UK,Direct,Desktop,Returning,17,8310.3,2024-01-08
967977,2024-01-12,Male,69,Berlin,Germany,"Organic Search",Tablet,Returning,10,824.32,2024-11-06
968129,2021-02-24,Male,59,Istanbul,Türkiye,Email,Tablet,Returning,16,4688.52,2022-03-24
968751,2024-03-16,Male,61,Madrid,Spain,"Social Media",Desktop,Returning,18,6565.93,2025-01-07
968803,2024-11-27,"Prefer not to say",74,Madrid,Spain,"Organic Search",Mobile,New,16,6281.5,2026-03-01
969200,2023-09-06,,71,Paris,France,Referral,Mobile,New,4,7958.81,2024-05-22
969297,2022-04-16,Non-binary,75,Istanbul,Türkiye,Email,Desktop,Returning,9,6204.31,2022-05-09
969711,2023-12-16,,68,Toronto,Canada,"Social Media",Tablet,Loyal,24,7756.72,2024-11-29
969920,2025-06-07,Female,22,Rome,Italy,"Organic Search",Desktop,New,4,2243.97,2026-09-15
970355,2023-05-31,Male,43,Madrid,Spain,"Social Media",Mobile,VIP,16,8302.29,2024-04-21
971028,2022-12-25,Male,69,"New York",USA,Email,Mobile,New,10,6049.38,2024-02-20
971394,2022-08-12,Non-binary,79,London,UK,"Organic Search",Mobile,New,10,8990.06,2023-10-16
972013,2024-12-05,Female,62,"New York",USA,Referral,Desktop,Loyal,1,9158.4,2024-12-08
972168,2023-09-17,Female,58,London,UK,"Social Media",Mobile,Returning,8,5144.12,2024-09-22
972498,2024-03-25,Male,63,Toronto,Canada,"Social Media",Mobile,Loyal,19,4189.14,2024-04-18
972596,2021-06-16,"Prefer not to say",51,London,UK,Referral,Mobile,Returning,12,9480.47,2022-05-13
972672,2022-08-25,"Prefer not to say",78,Rome,Italy,"Paid Search",Mobile,"At Risk",6,5199.4,2023-08-15
972787,2024-09-10,Female,28,Rome,Italy,"Paid Search",Desktop,"At Risk",21,8865.65,2025-12-08
973436,2024-06-18,Female,80,Paris,France,Referral,Tablet,"At Risk",15,9378.81,2024-12-31
973437,2023-03-10,"Prefer not to say",57,Istanbul,Türkiye,"Organic Search",Mobile,New,10,9209.72,2024-05-30
973600,2022-09-14,,71,London,UK,Direct,Desktop,New,0,0,NULL
974264,2023-09-04,Male,37,"New York",USA,Email,Desktop,Loyal,7,2492.16,2024-10-20
974292,2021-10-05,Male,47,Berlin,Germany,"Paid Search",Desktop,VIP,2,5028.66,2022-12-24
974353,2023-12-17,Non-binary,45,Istanbul,Türkiye,Email,Mobile,VIP,9,2224.45,2024-01-26
974571,2021-10-19,Female,60,Rome,Italy,"Social Media",Desktop,New,10,4377.69,2023-01-05
974892,2024-05-06,Female,60,Istanbul,Türkiye,Email,Mobile,New,16,4965.19,2024-11-09
974979,2021-07-19,Female,83,London,UK,Direct,Mobile,"At Risk",2,5094.04,2022-09-03
975134,2021-04-11,Male,23,Madrid,Spain,"Organic Search",Tablet,New,3,6410.34,2022-01-18
975235,2022-10-26,Female,58,Madrid,Spain,"Paid Search",Desktop,VIP,1,1439.39,2023-01-16
975336,2024-04-27,Non-binary,37,Istanbul,Türkiye,Direct,Tablet,Returning,0,0,NULL
975465,2023-08-11,Male,43,"New York",USA,Direct,Tablet,Returning,5,3691.71,2024-04-02
975909,2025-06-10,Male,51,Toronto,Canada,Direct,Tablet,New,15,8767.49,2026-04-18
976083,2025-09-03,"Prefer not to say",56,Toronto,Canada,"Paid Search",Desktop,Returning,21,6064.79,2026-06-14
976363,2023-03-25,Male,42,"New York",USA,"Paid Search",Mobile,Returning,1,7309.69,2023-09-23
976914,2023-09-25,Male,50,Madrid,Spain,Email,Mobile,Loyal,25,5577.43,2024-08-09
978264,2025-03-21,Female,57,London,UK,"Paid Search",Mobile,New,11,2606.55,2026-02-06
978384,2023-10-31,Male,36,Toronto,Canada,"Social Media",Tablet,Returning,17,1182.68,2024-11-27
978393,2025-03-20,"Prefer not to say",23,Berlin,Germany,Referral,Mobile,"At Risk",25,8259.12,2026-07-07
978568,2022-10-27,Non-binary,46,Paris,France,Referral,Tablet,VIP,9,483.18,2023-08-04
978983,2025-02-03,Male,74,Berlin,Germany,"Paid Search",Desktop,Loyal,5,3835.12,2025-12-17
979332,2021-11-06,Male,67,Istanbul,Türkiye,"Paid Search",Tablet,"At Risk",9,8763.29,2022-04-25
980538,2024-11-05,"Prefer not to say",88,Toronto,Canada,"Organic Search",Desktop,Returning,5,6098.2,2025-09-09
980753,2023-06-16,,23,"New York",USA,Email,Desktop,Loyal,8,4437.89,2023-09-20
980783,2023-09-02,,39,Rome,Italy,Referral,Desktop,VIP,19,4671.38,2023-11-20
981458,2021-09-01,Male,80,Berlin,Germany,Direct,Desktop,VIP,4,9053.46,2022-03-21
981557,2022-05-14,Female,67,Istanbul,Türkiye,Direct,Mobile,VIP,21,2222.94,2022-07-06
981644,2022-08-05,Female,61,Rome,Italy,"Social Media",Desktop,Returning,13,9471.14,2023-01-15
981991,2022-02-28,"Prefer not to say",44,"New York",USA,Referral,Mobile,Returning,3,1403.79,2023-06-25
982257,2022-08-31,,53,"New York",USA,Direct,Mobile,"At Risk",21,3711.81,2023-05-26
982470,2025-01-23,"Prefer not to say",42,Madrid,Spain,Direct,Mobile,New,3,2418.91,2025-12-23
982633,2025-09-05,Female,18,Istanbul,Türkiye,Email,Tablet,Returning,9,7353.95,2027-01-09
982828,2024-01-12,Female,50,Toronto,Canada,"Paid Search",Mobile,VIP,23,4482.05,2025-04-19
982881,2022-09-13,,51,"New York",USA,"Organic Search",Desktop,New,25,4461.07,2022-09-20
982888,2021-08-30,"Prefer not to say",79,"New York",USA,Referral,Desktop,Loyal,6,3109.15,2022-08-01
982970,2022-10-18,Male,32,Paris,France,"Paid Search",Tablet,VIP,8,1936,2023-07-09
983305,2022-06-12,Female,25,London,UK,"Organic Search",Desktop,"At Risk",24,7307.07,2023-02-07
984290,2023-11-01,"Prefer not to say",60,Istanbul,Türkiye,"Organic Search",Mobile,New,20,8157.16,2024-06-07
984780,2021-03-25,"Prefer not to say",44,Paris,France,Referral,Mobile,"At Risk",19,7940.7,2022-03-02
984807,2021-05-01,Male,21,Paris,France,"Organic Search",Mobile,VIP,2,1991.81,2021-06-20
985004,2023-09-12,Non-binary,72,London,UK,"Organic Search",Mobile,New,18,734.15,2025-01-12
985882,2022-01-31,Male,71,Paris,France,"Paid Search",Mobile,VIP,3,9150.21,2022-02-15
986066,2021-03-26,"Prefer not to say",81,London,UK,"Social Media",Mobile,Loyal,20,7237.08,2021-10-29
986534,2021-01-27,Female,66,Istanbul,Türkiye,"Social Media",Tablet,VIP,12,1180.44,2021-03-20
986699,2024-12-04,Non-binary,54,Madrid,Spain,"Organic Search",Desktop,"At Risk",3,4836.63,2026-03-24
987013,2025-08-06,Male,59,Paris,France,"Social Media",Desktop,Returning,14,2448.05,2026-02-18
987302,2022-10-24,Non-binary,18,Toronto,Canada,Referral,Desktop,Returning,7,8613.32,2023-10-24
987376,2022-05-05,Male,65,London,UK,"Paid Search",Tablet,VIP,19,4570.88,2022-10-14
987455,2022-10-03,Non-binary,25,"New York",USA,Referral,Mobile,"At Risk",22,9361.4,2023-10-21
987518,2021-05-05,Female,37,Rome,Italy,Direct,Tablet,New,5,4476.87,2021-10-18
988285,2022-08-16,Non-binary,31,Berlin,Germany,Direct,Desktop,Returning,11,396.68,2022-10-31
988293,2021-05-07,Non-binary,82,London,UK,Referral,Tablet,"At Risk",20,6185.41,2021-10-06
988508,2022-08-08,Female,62,Madrid,Spain,Direct,Desktop,Loyal,17,4282.66,2022-12-22
988598,2022-10-09,"Prefer not to say",83,London,UK,"Paid Search",Tablet,Returning,9,5676.82,2023-04-29
988627,2025-05-26,"Prefer not to say",67,Istanbul,Türkiye,Direct,Desktop,"At Risk",16,8857.32,2025-10-03
988804,2024-01-11,"Prefer not to say",58,"New York",USA,Referral,Desktop,New,3,1987.68,2025-01-12
989101,2022-11-07,Non-binary,57,"New York",USA,"Paid Search",Desktop,VIP,14,6325.96,2023-10-19
989433,2024-09-20,Non-binary,80,Madrid,Spain,Referral,Tablet,Loyal,17,2389.95,2025-01-28
989508,2021-12-29,,32,Paris,France,Referral,Desktop,VIP,19,5283.62,2022-03-13
990231,2023-10-25,Male,76,Madrid,Spain,Email,Tablet,VIP,15,817.44,2024-06-17
990355,2024-01-30,Male,46,Paris,France,Referral,Desktop,New,2,205.1,2025-02-14
991205,2023-01-25,Male,58,"New York",USA,Referral,Mobile,New,4,6497.27,2023-08-02
991841,2025-02-10,Female,36,London,UK,"Organic Search",Mobile,VIP,3,6776.39,2025-11-22
991947,2024-07-12,Male,77,Toronto,Canada,"Social Media",Desktop,New,7,9353.84,2024-11-13
992299,2021-05-16,Non-binary,56,"New York",USA,Referral,Desktop,New,22,2136.3,2021-06-01
992307,2021-03-26,Male,80,Madrid,Spain,Email,Desktop,Loyal,7,7391.27,2021-11-08
992339,2021-04-28,Female,73,Paris,France,"Organic Search",Mobile,VIP,20,7558.23,2022-02-15
992486,2024-03-08,Non-binary,75,Madrid,Spain,Direct,Mobile,Returning,13,6754.61,2024-03-08
992625,2023-12-22,Female,61,Madrid,Spain,"Social Media",Desktop,"At Risk",7,7597.92,2025-05-05
992645,2022-11-26,"Prefer not to say",77,"New York",USA,Email,Tablet,Loyal,10,566.22,2023-03-27
993147,2022-08-18,"Prefer not to say",73,Toronto,Canada,Email,Desktop,Loyal,16,2534.5,2023-06-30
993250,2021-11-23,Female,19,Istanbul,Türkiye,Direct,Mobile,Returning,13,4368.29,2023-01-11
993559,2024-02-15,Male,87,Madrid,Spain,"Paid Search",Desktop,New,13,5438.13,2025-06-14
993654,2023-09-30,Female,52,Istanbul,Türkiye,"Organic Search",Tablet,Loyal,14,6182.39,2024-04-29
993933,2024-06-29,Female,83,Toronto,Canada,Direct,Desktop,"At Risk",8,493.95,2025-02-23
994539,2021-06-16,Female,24,Paris,France,"Organic Search",Desktop,New,5,8438.04,2022-03-07
994737,2025-01-03,Male,76,London,UK,Email,Mobile,"At Risk",3,1938.25,2026-03-02
995270,2021-03-05,,53,Toronto,Canada,"Organic Search",Desktop,VIP,19,2785.81,2022-01-10
995354,2023-04-10,Non-binary,33,Rome,Italy,"Social Media",Tablet,Returning,12,8260.71,2024-04-11
995470,2025-07-20,,83,Rome,Italy,Email,Desktop,VIP,23,387.06,2026-10-27
996080,2024-06-20,Female,42,London,UK,Referral,Desktop,"At Risk",17,3683.47,2024-08-28
996626,2021-04-15,Female,66,Madrid,Spain,Referral,Mobile,Returning,1,9912.62,2022-04-28
996661,2024-07-29,,38,London,UK,"Social Media",Desktop,New,24,3907.83,2025-04-29
996690,2021-09-14,Female,36,"New York",USA,Email,Mobile,Returning,19,3643.43,2022-03-21
996832,2023-01-02,Male,40,Berlin,Germany,"Paid Search",Mobile,VIP,1,4382.42,2023-04-16
997264,2021-10-27,Female,67,London,UK,Email,Mobile,Loyal,20,5805,2022-08-12
997434,2023-11-11,Non-binary,76,Berlin,Germany,Email,Desktop,New,18,1268.75,2024-10-21
997871,2025-08-23,,65,Berlin,Germany,Direct,Tablet,"At Risk",23,1295.95,2026-09-22
998576,2021-04-21,Male,46,Toronto,Canada,Email,Mobile,"At Risk",0,0,NULL
998799,2025-03-14,Male,81,Rome,Italy,"Social Media",Tablet,Loyal,19,1875.26,2026-05-31
999192,2022-12-17,Female,73,Paris,France,Email,Mobile,Returning,14,1300.5,2023-11-19
999246,2023-04-15,"Prefer not to say",55,London,UK,Email,Mobile,VIP,15,5060.03,2024-08-07
999518,2024-03-04,Male,82,Madrid,Spain,Direct,Mobile,New,2,5751.11,2024-09-21
999556,2023-07-25,Male,63,London,UK,"Social Media",Mobile,Loyal,18,6359.97,2023-08-01
999598,2024-08-04,Female,70,Madrid,Spain,Email,Mobile,Loyal,22,4711.34,2024-09-10
